user_id,signup_date,city,age_group,device_type,user_segment
1,2025-11-18,Bangalore,25-34,Android,Returning
2,2025-03-17,Ahmedabad,25-34,iOS,Power
3,2025-06-03,Bangalore,18-24,iOS,Returning
4,2025-11-14,Hyderabad,45+,Android,Returning
5,2025-12-19,Bangalore,25-34,iOS,Returning
6,2025-08-24,Bangalore,18-24,Android,Returning
7,2026-02-08,Mumbai,25-34,Android,New
8,2025-11-18,Delhi NCR,25-34,Android,Power
9,2025-10-30,Bangalore,18-24,Android,Returning
10,2025-07-29,Hyderabad,45+,Android,Power
11,2025-04-04,Bangalore,18-24,Android,Power
12,2025-12-03,Delhi NCR,25-34,Web,Returning
13,2025-11-21,Bangalore,45+,iOS,Returning
14,2025-03-06,Delhi NCR,18-24,iOS,Power
15,2025-09-30,Ahmedabad,18-24,iOS,Returning
16,2025-10-21,Bangalore,18-24,iOS,Returning
17,2025-10-02,Mumbai,18-24,Android,Returning
18,2025-04-26,Mumbai,18-24,Web,Power
19,2025-06-16,Lucknow,35-44,iOS,Power
20,2025-03-22,Delhi NCR,35-44,Android,Returning
21,2025-05-11,Pune,35-44,iOS,Returning
22,2025-08-21,Mumbai,25-34,iOS,Power
23,2025-05-28,Ahmedabad,35-44,Android,Returning
24,2025-09-21,Kolkata,25-34,Android,Power
25,2025-04-21,Hyderabad,25-34,Android,Returning
26,2026-02-07,Mumbai,25-34,Web,New
27,2025-06-21,Delhi NCR,18-24,Android,Returning
28,2025-07-08,Bangalore,45+,Android,Returning
29,2025-03-21,Bangalore,25-34,Android,Returning
30,2026-01-11,Delhi NCR,35-44,iOS,Returning
31,2026-01-01,Mumbai,25-34,Web,Returning
32,2025-09-12,Hyderabad,25-34,iOS,Power
33,2025-08-25,Bangalore,18-24,Android,Power
34,2025-06-03,Delhi NCR,25-34,iOS,Power
35,2025-08-23,Mumbai,35-44,iOS,Power
36,2025-09-07,Lucknow,18-24,iOS,Returning
37,2026-01-09,Bangalore,45+,iOS,Returning
38,2025-03-02,Pune,25-34,Android,Returning
39,2026-01-05,Bangalore,18-24,Android,Returning
40,2025-06-30,Mumbai,25-34,Android,Power
41,2025-04-15,Delhi NCR,35-44,Web,Returning
42,2025-10-21,Delhi NCR,25-34,iOS,Returning
43,2025-04-28,Kolkata,25-34,iOS,Returning
44,2025-10-17,Chennai,25-34,Web,Returning
45,2026-02-08,Delhi NCR,25-34,Web,New
46,2025-04-06,Jaipur,18-24,Android,Power
47,2025-09-15,Delhi NCR,18-24,Android,Returning
48,2025-05-31,Lucknow,18-24,Web,Returning
49,2025-12-02,Lucknow,18-24,Web,Returning
50,2025-04-19,Delhi NCR,18-24,iOS,Returning
51,2026-02-15,Delhi NCR,25-34,Web,New
52,2025-07-02,Bangalore,25-34,Android,Returning
53,2025-06-09,Chennai,18-24,Android,Returning
54,2025-03-20,Bangalore,18-24,Android,Power
55,2026-01-07,Jaipur,18-24,iOS,Returning
56,2025-03-26,Chennai,25-34,iOS,Returning
57,2025-11-29,Delhi NCR,18-24,iOS,Power
58,2025-06-10,Mumbai,25-34,Android,Returning
59,2026-01-25,Chennai,25-34,Android,Returning
60,2025-08-07,Mumbai,25-34,Web,Power
61,2025-12-10,Pune,35-44,Android,Returning
62,2026-01-10,Delhi NCR,18-24,iOS,Returning
63,2025-03-06,Delhi NCR,18-24,iOS,Returning
64,2026-02-27,Mumbai,18-24,iOS,New
65,2026-01-06,Chennai,18-24,Web,Returning
66,2025-11-15,Mumbai,18-24,Android,Power
67,2025-06-14,Pune,35-44,iOS,Returning
68,2025-04-25,Bangalore,18-24,Android,Returning
69,2025-08-22,Pune,45+,Android,Returning
70,2025-07-26,Hyderabad,18-24,Android,Power
71,2026-01-16,Mumbai,35-44,Android,Returning
72,2025-09-20,Pune,35-44,Web,Returning
73,2025-08-11,Mumbai,25-34,iOS,Returning
74,2025-06-04,Bangalore,25-34,Android,Returning
75,2025-03-15,Mumbai,25-34,Android,Power
76,2025-05-01,Pune,35-44,Android,Returning
77,2025-06-03,Ahmedabad,25-34,iOS,Returning
78,2025-07-29,Hyderabad,18-24,iOS,Power
79,2025-06-22,Bangalore,25-34,Android,Returning
80,2025-08-23,Pune,18-24,Android,Returning
81,2025-05-09,Mumbai,45+,Android,Power
82,2025-07-31,Ahmedabad,25-34,Android,Returning
83,2025-08-05,Delhi NCR,18-24,iOS,Returning
84,2025-07-07,Lucknow,18-24,Android,Returning
85,2025-03-28,Pune,18-24,Android,Returning
86,2026-01-07,Pune,35-44,Android,Returning
87,2025-05-25,Chennai,45+,iOS,Returning
88,2025-07-27,Bangalore,18-24,Android,Returning
89,2025-06-22,Hyderabad,25-34,iOS,Power
90,2025-08-25,Mumbai,45+,iOS,Returning
91,2026-01-19,Hyderabad,18-24,iOS,Returning
92,2025-09-25,Hyderabad,18-24,Android,Power
93,2026-02-14,Ahmedabad,25-34,Android,New
94,2025-05-04,Bangalore,18-24,Android,Power
95,2025-12-26,Mumbai,18-24,Android,Returning
96,2025-03-21,Delhi NCR,45+,Android,Power
97,2025-04-08,Chennai,25-34,Android,Power
98,2026-02-20,Delhi NCR,25-34,Android,New
99,2025-03-22,Delhi NCR,25-34,Android,Returning
100,2025-10-23,Kolkata,35-44,iOS,Returning
101,2025-10-16,Hyderabad,25-34,Android,Returning
102,2025-12-28,Bangalore,18-24,Android,Returning
103,2025-10-13,Delhi NCR,18-24,Android,Power
104,2025-12-10,Pune,35-44,iOS,Returning
105,2025-09-19,Delhi NCR,18-24,iOS,Returning
106,2025-05-16,Pune,18-24,Android,Returning
107,2025-06-13,Mumbai,25-34,iOS,Returning
108,2025-07-13,Kolkata,18-24,Android,Returning
109,2026-01-19,Bangalore,45+,iOS,Returning
110,2026-02-01,Bangalore,25-34,iOS,New
111,2025-10-17,Hyderabad,18-24,iOS,Returning
112,2025-08-12,Hyderabad,18-24,iOS,Returning
113,2025-04-07,Mumbai,25-34,Android,Returning
114,2025-06-06,Pune,25-34,Android,Returning
115,2026-01-27,Delhi NCR,35-44,Android,Returning
116,2026-01-12,Ahmedabad,25-34,Web,Returning
117,2025-12-29,Kolkata,25-34,Android,Returning
118,2025-07-28,Delhi NCR,45+,Android,Returning
119,2025-05-12,Pune,25-34,Android,Returning
120,2025-11-22,Delhi NCR,25-34,Android,Power
121,2025-09-10,Mumbai,25-34,iOS,Returning
122,2025-03-06,Jaipur,35-44,Android,Returning
123,2025-07-30,Chennai,25-34,Android,Power
124,2026-01-25,Bangalore,25-34,Android,Returning
125,2025-07-17,Bangalore,25-34,iOS,Returning
126,2025-11-20,Delhi NCR,25-34,Android,Returning
127,2025-10-21,Lucknow,18-24,Android,Power
128,2025-06-17,Mumbai,25-34,iOS,Returning
129,2026-02-24,Delhi NCR,18-24,Android,New
130,2025-07-26,Bangalore,18-24,Android,Returning
131,2025-06-19,Bangalore,45+,iOS,Returning
132,2025-03-07,Bangalore,25-34,Android,Returning
133,2025-05-22,Mumbai,18-24,Android,Power
134,2025-08-06,Mumbai,18-24,iOS,Returning
135,2026-02-14,Delhi NCR,25-34,Android,New
136,2025-03-20,Ahmedabad,25-34,Android,Returning
137,2026-01-18,Mumbai,18-24,iOS,Returning
138,2025-09-03,Pune,18-24,Web,Returning
139,2025-12-28,Pune,18-24,iOS,Returning
140,2025-03-14,Pune,18-24,Android,Returning
141,2025-07-13,Ahmedabad,18-24,Android,Power
142,2025-07-03,Delhi NCR,25-34,iOS,Returning
143,2026-01-08,Delhi NCR,18-24,Android,Returning
144,2025-11-25,Bangalore,18-24,Android,Returning
145,2025-07-22,Delhi NCR,35-44,iOS,Returning
146,2025-07-13,Pune,35-44,Android,Returning
147,2025-07-07,Hyderabad,18-24,Android,Power
148,2025-10-09,Kolkata,18-24,Android,Returning
149,2025-09-11,Mumbai,25-34,iOS,Returning
150,2026-01-31,Ahmedabad,25-34,Android,New
151,2026-01-24,Delhi NCR,45+,Android,Returning
152,2026-02-16,Bangalore,25-34,Android,New
153,2025-09-22,Bangalore,25-34,Web,Power
154,2025-04-08,Pune,35-44,Android,Returning
155,2025-08-26,Bangalore,25-34,Android,Power
156,2025-07-01,Jaipur,18-24,iOS,Returning
157,2025-12-05,Ahmedabad,25-34,Android,Returning
158,2025-05-21,Kolkata,18-24,Android,Power
159,2025-12-25,Mumbai,18-24,iOS,Returning
160,2025-09-12,Kolkata,35-44,iOS,Power
161,2026-01-15,Pune,18-24,Android,Returning
162,2025-12-29,Mumbai,18-24,iOS,Returning
163,2025-10-18,Mumbai,35-44,Android,Power
164,2025-05-21,Mumbai,25-34,Web,Power
165,2026-02-01,Mumbai,18-24,iOS,New
166,2025-11-13,Hyderabad,18-24,Web,Returning
167,2026-01-16,Lucknow,18-24,Android,Returning
168,2025-03-26,Bangalore,18-24,Android,Returning
169,2025-05-19,Hyderabad,35-44,iOS,Returning
170,2025-04-04,Jaipur,18-24,iOS,Power
171,2025-10-24,Delhi NCR,25-34,Web,Power
172,2025-03-18,Kolkata,18-24,Android,Returning
173,2025-07-13,Hyderabad,45+,Android,Returning
174,2025-08-23,Hyderabad,25-34,Web,Returning
175,2025-07-19,Delhi NCR,45+,Web,Returning
176,2025-05-22,Hyderabad,25-34,Android,Power
177,2025-10-31,Mumbai,35-44,iOS,Returning
178,2025-11-05,Pune,35-44,iOS,Returning
179,2025-07-11,Delhi NCR,35-44,Android,Power
180,2025-06-15,Ahmedabad,18-24,Web,Returning
181,2025-03-07,Delhi NCR,18-24,Android,Power
182,2025-08-15,Mumbai,18-24,iOS,Returning
183,2025-10-15,Chennai,18-24,Web,Returning
184,2025-04-17,Mumbai,35-44,Android,Power
185,2025-09-17,Pune,25-34,Web,Power
186,2025-07-19,Jaipur,25-34,iOS,Returning
187,2025-04-28,Pune,18-24,iOS,Power
188,2025-07-10,Mumbai,18-24,Android,Returning
189,2025-09-10,Hyderabad,18-24,Android,Returning
190,2025-09-30,Chennai,25-34,iOS,Returning
191,2025-04-20,Kolkata,35-44,Android,Returning
192,2025-09-22,Mumbai,18-24,Android,Returning
193,2025-11-25,Bangalore,25-34,Android,Returning
194,2025-07-11,Hyderabad,25-34,Android,Returning
195,2025-09-02,Mumbai,35-44,iOS,Returning
196,2025-11-08,Delhi NCR,18-24,iOS,Returning
197,2025-04-17,Bangalore,25-34,iOS,Power
198,2026-01-08,Kolkata,18-24,iOS,Returning
199,2025-06-06,Ahmedabad,25-34,iOS,Returning
200,2025-05-10,Hyderabad,25-34,Android,Returning
201,2025-11-08,Bangalore,35-44,iOS,Power
202,2025-11-20,Delhi NCR,18-24,Android,Returning
203,2025-11-08,Lucknow,18-24,Android,Returning
204,2025-12-10,Lucknow,25-34,Android,Returning
205,2025-08-26,Ahmedabad,25-34,Android,Returning
206,2025-11-08,Pune,25-34,Android,Returning
207,2026-02-27,Delhi NCR,35-44,Android,New
208,2025-10-22,Kolkata,25-34,Android,Returning
209,2025-07-24,Bangalore,25-34,Android,Returning
210,2026-01-06,Delhi NCR,25-34,Android,Returning
211,2025-03-23,Pune,35-44,Android,Returning
212,2025-07-20,Mumbai,25-34,Android,Returning
213,2025-07-19,Mumbai,18-24,Android,Returning
214,2025-10-26,Bangalore,25-34,Web,Power
215,2025-10-22,Bangalore,45+,iOS,Returning
216,2026-01-07,Ahmedabad,18-24,Web,Returning
217,2025-09-10,Mumbai,25-34,iOS,Power
218,2025-07-26,Mumbai,35-44,iOS,Returning
219,2025-09-22,Mumbai,25-34,iOS,Returning
220,2025-08-15,Mumbai,25-34,Android,Returning
221,2025-06-27,Mumbai,18-24,Android,Returning
222,2025-04-11,Chennai,25-34,Android,Power
223,2025-08-10,Bangalore,18-24,iOS,Returning
224,2025-08-29,Pune,45+,Web,Power
225,2025-10-29,Lucknow,35-44,iOS,Power
226,2025-06-19,Chennai,35-44,Android,Returning
227,2025-05-11,Mumbai,25-34,Web,Returning
228,2025-05-25,Mumbai,18-24,Web,Returning
229,2025-04-10,Ahmedabad,18-24,Android,Power
230,2025-11-23,Bangalore,18-24,Web,Returning
231,2025-08-15,Kolkata,25-34,Android,Returning
232,2025-07-04,Kolkata,25-34,Android,Returning
233,2025-10-08,Ahmedabad,25-34,Android,Returning
234,2025-11-24,Jaipur,25-34,iOS,Returning
235,2025-08-12,Hyderabad,45+,Android,Power
236,2025-10-28,Delhi NCR,18-24,Android,Returning
237,2025-08-26,Jaipur,25-34,Android,Returning
238,2025-04-09,Hyderabad,18-24,Android,Power
239,2025-03-17,Mumbai,25-34,Android,Power
240,2025-06-15,Hyderabad,18-24,Android,Returning
241,2025-10-04,Hyderabad,25-34,Android,Returning
242,2025-06-22,Ahmedabad,18-24,Android,Power
243,2025-03-20,Chennai,18-24,Android,Power
244,2025-10-05,Delhi NCR,35-44,iOS,Returning
245,2025-10-04,Jaipur,18-24,Web,Power
246,2025-03-14,Pune,25-34,Android,Returning
247,2025-08-14,Hyderabad,25-34,Android,Returning
248,2025-04-27,Delhi NCR,25-34,Web,Returning
249,2025-10-24,Delhi NCR,35-44,Android,Returning
250,2026-01-21,Chennai,25-34,iOS,Returning
251,2025-03-28,Mumbai,18-24,Android,Power
252,2025-03-06,Delhi NCR,18-24,Android,Power
253,2025-10-23,Chennai,35-44,iOS,Returning
254,2025-06-07,Bangalore,25-34,iOS,Power
255,2025-10-01,Bangalore,35-44,Android,Returning
256,2025-05-07,Mumbai,25-34,Android,Returning
257,2025-11-22,Bangalore,35-44,iOS,Power
258,2025-06-11,Pune,45+,Android,Power
259,2025-06-22,Delhi NCR,25-34,iOS,Power
260,2025-10-08,Mumbai,25-34,Android,Power
261,2025-03-20,Chennai,25-34,Android,Returning
262,2025-11-09,Lucknow,25-34,Android,Returning
263,2025-12-31,Hyderabad,25-34,iOS,Returning
264,2026-02-27,Mumbai,18-24,Android,New
265,2025-05-01,Delhi NCR,25-34,Android,Power
266,2025-06-20,Kolkata,18-24,Android,Power
267,2025-10-12,Delhi NCR,18-24,Web,Returning
268,2026-01-23,Hyderabad,25-34,Web,Returning
269,2025-09-22,Bangalore,18-24,iOS,Returning
270,2026-02-20,Delhi NCR,35-44,Web,New
271,2025-07-11,Kolkata,35-44,Android,Returning
272,2025-11-22,Pune,45+,Web,Returning
273,2025-10-05,Chennai,25-34,Android,Returning
274,2025-05-01,Delhi NCR,25-34,Android,Returning
275,2025-08-05,Mumbai,25-34,Android,Returning
276,2025-10-21,Hyderabad,25-34,Web,Returning
277,2025-09-30,Hyderabad,18-24,iOS,Returning
278,2026-01-06,Delhi NCR,25-34,iOS,Returning
279,2025-11-01,Mumbai,35-44,Web,Returning
280,2025-09-21,Mumbai,18-24,iOS,Returning
281,2025-11-05,Lucknow,18-24,iOS,Power
282,2025-12-16,Pune,35-44,Android,Returning
283,2025-11-08,Ahmedabad,18-24,Web,Power
284,2025-11-17,Delhi NCR,18-24,Web,Power
285,2025-03-26,Jaipur,18-24,Web,Returning
286,2025-06-20,Mumbai,35-44,Android,Power
287,2025-07-17,Bangalore,25-34,Android,Power
288,2025-11-09,Kolkata,25-34,Android,Returning
289,2025-11-22,Delhi NCR,18-24,Android,Returning
290,2025-09-29,Bangalore,25-34,Android,Returning
291,2025-03-17,Mumbai,25-34,iOS,Returning
292,2025-03-28,Mumbai,25-34,iOS,Power
293,2025-08-19,Hyderabad,25-34,Web,Power
294,2025-04-25,Chennai,25-34,Android,Returning
295,2025-09-19,Pune,25-34,Android,Power
296,2025-08-05,Hyderabad,25-34,Android,Returning
297,2025-09-13,Hyderabad,18-24,Android,Returning
298,2025-09-21,Mumbai,25-34,Android,Power
299,2025-12-23,Mumbai,25-34,Android,Returning
300,2025-05-16,Lucknow,25-34,Web,Returning
301,2025-05-28,Mumbai,25-34,Android,Returning
302,2025-05-01,Chennai,35-44,iOS,Returning
303,2025-10-17,Mumbai,35-44,iOS,Returning
304,2025-08-18,Chennai,25-34,iOS,Power
305,2025-10-24,Chennai,35-44,iOS,Returning
306,2026-01-27,Delhi NCR,18-24,Web,Returning
307,2025-09-06,Delhi NCR,35-44,iOS,Returning
308,2026-02-07,Chennai,25-34,Web,New
309,2025-07-06,Bangalore,25-34,Android,Returning
310,2025-09-24,Delhi NCR,18-24,Android,Returning
311,2026-01-22,Pune,18-24,iOS,Returning
312,2025-07-14,Mumbai,18-24,Android,Returning
313,2026-01-09,Kolkata,18-24,iOS,Returning
314,2025-06-10,Bangalore,18-24,iOS,Returning
315,2025-05-22,Mumbai,35-44,Android,Returning
316,2026-02-02,Chennai,18-24,Android,New
317,2025-07-18,Bangalore,25-34,Web,Power
318,2025-05-28,Delhi NCR,35-44,Web,Returning
319,2025-05-19,Bangalore,18-24,iOS,Power
320,2025-11-24,Delhi NCR,35-44,iOS,Returning
321,2025-05-21,Delhi NCR,25-34,Web,Returning
322,2025-04-18,Mumbai,25-34,iOS,Power
323,2025-05-01,Delhi NCR,18-24,Android,Returning
324,2025-10-05,Delhi NCR,18-24,Android,Returning
325,2026-02-25,Chennai,25-34,Android,New
326,2026-01-25,Chennai,18-24,Android,Returning
327,2025-08-21,Bangalore,18-24,Android,Power
328,2026-01-11,Pune,18-24,Web,Returning
329,2026-02-12,Kolkata,25-34,iOS,New
330,2025-09-10,Hyderabad,18-24,Web,Power
331,2025-07-24,Hyderabad,35-44,iOS,Returning
332,2025-09-24,Delhi NCR,18-24,Android,Returning
333,2026-01-14,Ahmedabad,35-44,Android,Returning
334,2026-02-23,Mumbai,18-24,Web,New
335,2025-11-22,Delhi NCR,35-44,Android,Returning
336,2025-07-11,Chennai,25-34,iOS,Power
337,2026-01-23,Mumbai,25-34,Android,Returning
338,2025-05-25,Delhi NCR,18-24,Android,Power
339,2025-03-17,Hyderabad,25-34,Android,Returning
340,2025-05-03,Hyderabad,18-24,iOS,Returning
341,2025-09-01,Pune,25-34,Web,Power
342,2025-11-26,Kolkata,18-24,iOS,Returning
343,2025-11-22,Mumbai,25-34,iOS,Power
344,2025-08-25,Mumbai,18-24,Web,Returning
345,2025-11-05,Chennai,18-24,iOS,Returning
346,2025-08-22,Delhi NCR,25-34,Web,Power
347,2025-06-21,Hyderabad,45+,Android,Returning
348,2025-09-21,Mumbai,25-34,Web,Returning
349,2025-06-18,Bangalore,25-34,iOS,Returning
350,2025-04-12,Bangalore,25-34,Android,Returning
351,2025-10-24,Hyderabad,25-34,Android,Returning
352,2026-02-11,Bangalore,18-24,Android,New
353,2025-05-24,Bangalore,18-24,Android,Returning
354,2025-07-21,Delhi NCR,35-44,iOS,Returning
355,2026-01-06,Mumbai,25-34,iOS,Returning
356,2026-01-02,Mumbai,25-34,Web,Returning
357,2025-04-12,Bangalore,25-34,iOS,Returning
358,2025-03-06,Delhi NCR,25-34,iOS,Returning
359,2025-09-08,Bangalore,25-34,Android,Power
360,2025-05-25,Delhi NCR,25-34,iOS,Returning
361,2025-11-07,Chennai,18-24,iOS,Power
362,2025-05-17,Kolkata,25-34,iOS,Returning
363,2025-03-24,Delhi NCR,25-34,Android,Power
364,2025-10-01,Delhi NCR,45+,iOS,Returning
365,2025-10-25,Mumbai,25-34,Android,Returning
366,2025-09-27,Hyderabad,25-34,iOS,Returning
367,2025-06-01,Bangalore,18-24,iOS,Returning
368,2025-11-17,Delhi NCR,18-24,iOS,Power
369,2025-05-06,Chennai,35-44,Android,Power
370,2025-06-28,Mumbai,35-44,Android,Returning
371,2025-09-06,Hyderabad,25-34,Android,Power
372,2026-01-21,Bangalore,25-34,iOS,Returning
373,2025-09-12,Pune,18-24,Android,Returning
374,2025-06-27,Mumbai,35-44,iOS,Returning
375,2026-02-03,Ahmedabad,18-24,Android,New
376,2025-03-11,Chennai,35-44,Android,Returning
377,2025-04-29,Delhi NCR,25-34,iOS,Returning
378,2026-02-16,Delhi NCR,18-24,iOS,New
379,2025-04-19,Bangalore,35-44,iOS,Returning
380,2025-04-22,Kolkata,45+,Android,Returning
381,2026-01-24,Kolkata,18-24,Android,Returning
382,2025-09-09,Bangalore,35-44,Android,Power
383,2026-02-09,Kolkata,35-44,Android,New
384,2025-04-14,Mumbai,35-44,iOS,Power
385,2025-06-10,Mumbai,45+,Android,Returning
386,2025-10-10,Ahmedabad,25-34,Web,Power
387,2025-10-09,Pune,25-34,iOS,Returning
388,2025-11-29,Bangalore,35-44,iOS,Returning
389,2025-03-12,Pune,25-34,Web,Power
390,2025-04-13,Jaipur,25-34,Android,Power
391,2025-05-17,Pune,25-34,Android,Returning
392,2025-07-29,Kolkata,35-44,iOS,Returning
393,2025-03-24,Pune,25-34,Android,Returning
394,2026-01-09,Mumbai,25-34,Web,Returning
395,2025-09-29,Kolkata,25-34,Web,Power
396,2025-08-27,Delhi NCR,18-24,Web,Power
397,2025-12-28,Ahmedabad,18-24,Web,Returning
398,2025-08-23,Bangalore,25-34,iOS,Power
399,2025-10-27,Chennai,25-34,iOS,Power
400,2025-10-02,Bangalore,35-44,Android,Power
401,2025-04-21,Mumbai,25-34,iOS,Returning
402,2026-01-02,Delhi NCR,45+,Android,Returning
403,2025-03-24,Lucknow,18-24,iOS,Power
404,2025-04-30,Jaipur,45+,Web,Power
405,2025-09-02,Delhi NCR,18-24,Android,Power
406,2025-09-12,Lucknow,25-34,Android,Returning
407,2025-04-09,Kolkata,25-34,Android,Returning
408,2025-06-03,Hyderabad,25-34,iOS,Returning
409,2026-01-06,Mumbai,18-24,iOS,Returning
410,2025-11-20,Ahmedabad,18-24,iOS,Returning
411,2025-06-10,Hyderabad,35-44,iOS,Returning
412,2026-01-07,Kolkata,25-34,Android,Returning
413,2025-12-31,Kolkata,45+,iOS,Returning
414,2025-11-13,Kolkata,25-34,iOS,Power
415,2026-02-24,Chennai,45+,Android,New
416,2025-11-18,Delhi NCR,18-24,Android,Returning
417,2025-08-17,Delhi NCR,18-24,Web,Returning
418,2025-06-12,Delhi NCR,25-34,Web,Returning
419,2025-03-16,Mumbai,35-44,iOS,Returning
420,2026-01-13,Hyderabad,25-34,Web,Returning
421,2025-03-11,Chennai,18-24,Android,Power
422,2025-04-24,Kolkata,18-24,Web,Power
423,2025-04-27,Mumbai,25-34,Android,Returning
424,2025-10-08,Hyderabad,25-34,Android,Returning
425,2025-06-05,Mumbai,25-34,Android,Power
426,2025-10-28,Mumbai,35-44,iOS,Returning
427,2025-11-15,Mumbai,25-34,Android,Power
428,2025-09-24,Chennai,35-44,Android,Power
429,2025-10-05,Mumbai,25-34,Android,Power
430,2025-10-07,Chennai,25-34,Android,Returning
431,2025-11-01,Delhi NCR,45+,Android,Power
432,2025-04-16,Kolkata,25-34,iOS,Returning
433,2025-05-30,Kolkata,25-34,Android,Power
434,2025-11-29,Jaipur,35-44,Android,Returning
435,2026-01-02,Ahmedabad,18-24,Android,Returning
436,2025-03-20,Jaipur,25-34,Android,Power
437,2025-07-15,Kolkata,18-24,Android,Power
438,2025-11-04,Chennai,18-24,iOS,Returning
439,2025-04-17,Mumbai,18-24,Android,Returning
440,2025-05-26,Delhi NCR,18-24,Android,Returning
441,2025-10-25,Delhi NCR,25-34,iOS,Power
442,2025-10-23,Hyderabad,35-44,iOS,Returning
443,2026-01-02,Bangalore,25-34,Android,Returning
444,2025-10-30,Kolkata,25-34,Android,Power
445,2026-02-28,Jaipur,25-34,Android,New
446,2025-07-05,Bangalore,35-44,Android,Returning
447,2025-05-15,Bangalore,35-44,Android,Returning
448,2025-11-25,Lucknow,35-44,Android,Power
449,2025-10-26,Delhi NCR,35-44,Android,Power
450,2025-11-03,Pune,18-24,iOS,Returning
451,2026-01-12,Delhi NCR,25-34,Web,Returning
452,2025-12-02,Chennai,25-34,iOS,Returning
453,2025-07-07,Delhi NCR,25-34,iOS,Power
454,2025-06-02,Ahmedabad,25-34,Android,Returning
455,2025-08-24,Hyderabad,18-24,Android,Power
456,2025-08-21,Delhi NCR,18-24,Android,Returning
457,2025-12-22,Delhi NCR,45+,iOS,Returning
458,2025-05-27,Bangalore,25-34,iOS,Power
459,2025-03-17,Jaipur,18-24,iOS,Power
460,2025-06-27,Pune,18-24,Android,Power
461,2025-12-15,Bangalore,25-34,Android,Returning
462,2025-09-28,Delhi NCR,25-34,iOS,Power
463,2025-10-08,Hyderabad,25-34,iOS,Power
464,2025-12-05,Pune,18-24,Android,Returning
465,2025-08-28,Pune,18-24,iOS,Returning
466,2025-05-20,Delhi NCR,25-34,Android,Returning
467,2025-07-24,Chennai,25-34,iOS,Power
468,2025-12-22,Chennai,18-24,Android,Returning
469,2026-01-13,Jaipur,25-34,iOS,Returning
470,2025-11-27,Jaipur,25-34,iOS,Power
471,2025-07-06,Pune,35-44,Web,Power
472,2025-08-09,Chennai,18-24,Web,Returning
473,2025-07-26,Delhi NCR,35-44,Android,Returning
474,2025-03-25,Kolkata,45+,Android,Returning
475,2026-01-21,Bangalore,45+,Android,Returning
476,2025-11-21,Delhi NCR,35-44,Android,Power
477,2025-05-16,Bangalore,35-44,Android,Power
478,2025-06-20,Kolkata,18-24,Android,Power
479,2025-07-22,Mumbai,25-34,iOS,Power
480,2025-03-09,Bangalore,25-34,Android,Returning
481,2026-02-06,Bangalore,25-34,Android,New
482,2025-06-24,Mumbai,25-34,iOS,Returning
483,2026-02-19,Delhi NCR,25-34,iOS,New
484,2025-06-28,Kolkata,45+,iOS,Returning
485,2025-04-10,Kolkata,18-24,iOS,Power
486,2025-11-21,Delhi NCR,18-24,Android,Returning
487,2025-05-15,Kolkata,25-34,Android,Returning
488,2025-09-02,Pune,18-24,iOS,Returning
489,2025-07-21,Bangalore,25-34,Android,Returning
490,2025-06-24,Pune,18-24,Android,Returning
491,2025-10-05,Jaipur,25-34,Android,Power
492,2025-11-25,Bangalore,25-34,Web,Power
493,2025-06-17,Delhi NCR,18-24,iOS,Power
494,2025-04-10,Jaipur,18-24,iOS,Returning
495,2026-02-25,Hyderabad,25-34,Android,New
496,2026-02-13,Mumbai,25-34,Web,New
497,2025-05-25,Hyderabad,25-34,iOS,Power
498,2025-03-30,Bangalore,25-34,Android,Returning
499,2025-06-27,Kolkata,25-34,iOS,Returning
500,2025-06-16,Hyderabad,25-34,Android,Returning
501,2025-09-22,Delhi NCR,18-24,Android,Returning
502,2025-03-26,Chennai,35-44,Android,Returning
503,2025-09-30,Hyderabad,18-24,iOS,Returning
504,2025-09-04,Delhi NCR,35-44,Android,Returning
505,2025-09-19,Hyderabad,25-34,iOS,Returning
506,2026-01-27,Kolkata,25-34,iOS,Returning
507,2025-09-03,Mumbai,35-44,iOS,Returning
508,2025-11-20,Hyderabad,35-44,Android,Returning
509,2025-06-06,Delhi NCR,45+,Android,Returning
510,2025-04-12,Delhi NCR,25-34,Android,Power
511,2025-12-26,Bangalore,18-24,Android,Returning
512,2025-09-14,Delhi NCR,35-44,Web,Returning
513,2025-04-05,Kolkata,18-24,iOS,Returning
514,2026-01-17,Delhi NCR,35-44,Android,Returning
515,2026-01-16,Pune,25-34,Android,Returning
516,2025-05-20,Mumbai,45+,Web,Returning
517,2026-02-17,Jaipur,35-44,Android,New
518,2025-11-26,Hyderabad,18-24,Android,Returning
519,2025-05-03,Chennai,25-34,Android,Returning
520,2025-06-21,Delhi NCR,18-24,iOS,Returning
521,2025-07-02,Bangalore,18-24,Web,Power
522,2026-01-25,Delhi NCR,25-34,Web,Returning
523,2025-07-29,Jaipur,18-24,Android,Power
524,2025-03-29,Bangalore,35-44,iOS,Returning
525,2025-12-01,Hyderabad,45+,iOS,Power
526,2025-06-10,Pune,25-34,Android,Returning
527,2025-11-28,Delhi NCR,18-24,Android,Power
528,2025-12-01,Chennai,35-44,Web,Power
529,2025-11-06,Chennai,35-44,Android,Returning
530,2025-11-16,Chennai,35-44,Android,Power
531,2025-08-17,Bangalore,25-34,Android,Returning
532,2025-04-21,Bangalore,35-44,Web,Power
533,2025-11-07,Delhi NCR,18-24,iOS,Power
534,2025-12-16,Kolkata,45+,iOS,Returning
535,2025-07-27,Hyderabad,45+,Android,Power
536,2025-05-28,Bangalore,35-44,iOS,Power
537,2025-06-25,Jaipur,18-24,iOS,Returning
538,2025-09-18,Mumbai,35-44,Web,Power
539,2025-03-09,Kolkata,25-34,Android,Returning
540,2025-08-21,Lucknow,25-34,Android,Power
541,2025-07-17,Ahmedabad,35-44,iOS,Power
542,2025-09-05,Kolkata,18-24,iOS,Returning
543,2025-11-22,Delhi NCR,25-34,Android,Returning
544,2026-01-24,Delhi NCR,35-44,Android,Returning
545,2025-11-25,Pune,35-44,Web,Returning
546,2025-09-30,Delhi NCR,35-44,Android,Power
547,2025-10-01,Mumbai,18-24,Android,Returning
548,2025-08-23,Pune,35-44,Android,Returning
549,2025-07-20,Delhi NCR,18-24,Android,Returning
550,2026-01-23,Ahmedabad,35-44,iOS,Returning
551,2025-06-06,Kolkata,18-24,Android,Power
552,2025-08-30,Kolkata,35-44,Android,Returning
553,2026-02-16,Pune,25-34,Android,New
554,2025-05-26,Ahmedabad,45+,Web,Returning
555,2025-07-27,Pune,25-34,Web,Returning
556,2025-03-11,Hyderabad,25-34,iOS,Returning
557,2025-03-05,Delhi NCR,25-34,iOS,Power
558,2025-05-19,Ahmedabad,35-44,Android,Returning
559,2025-06-01,Kolkata,25-34,Web,Power
560,2025-12-29,Bangalore,18-24,iOS,Returning
561,2025-12-07,Mumbai,25-34,iOS,Returning
562,2025-07-27,Hyderabad,35-44,Android,Power
563,2025-03-24,Mumbai,18-24,Android,Returning
564,2025-08-26,Ahmedabad,18-24,iOS,Power
565,2026-02-10,Jaipur,25-34,Android,New
566,2025-09-05,Delhi NCR,35-44,Android,Returning
567,2025-11-21,Chennai,18-24,iOS,Power
568,2025-07-11,Mumbai,45+,Android,Returning
569,2025-12-15,Chennai,45+,iOS,Returning
570,2025-06-09,Delhi NCR,18-24,Android,Power
571,2025-05-21,Chennai,18-24,iOS,Returning
572,2025-08-07,Delhi NCR,35-44,Android,Returning
573,2025-07-21,Mumbai,45+,Web,Power
574,2026-01-08,Bangalore,35-44,Android,Returning
575,2025-03-27,Mumbai,25-34,iOS,Returning
576,2025-10-08,Hyderabad,18-24,Android,Returning
577,2025-12-22,Mumbai,25-34,Android,Returning
578,2025-11-22,Bangalore,25-34,iOS,Returning
579,2026-02-04,Ahmedabad,25-34,Web,New
580,2026-01-07,Kolkata,25-34,Android,Returning
581,2025-10-01,Ahmedabad,18-24,Android,Power
582,2025-10-08,Ahmedabad,25-34,Android,Returning
583,2026-01-03,Mumbai,18-24,Android,Returning
584,2026-01-21,Mumbai,18-24,Web,Returning
585,2025-11-12,Hyderabad,35-44,Android,Power
586,2025-09-01,Ahmedabad,18-24,iOS,Returning
587,2026-01-18,Lucknow,25-34,Android,Returning
588,2025-08-27,Mumbai,18-24,Android,Returning
589,2025-07-21,Delhi NCR,18-24,Android,Returning
590,2025-10-30,Delhi NCR,25-34,Android,Returning
591,2025-10-19,Pune,18-24,Android,Power
592,2025-09-19,Hyderabad,18-24,Android,Returning
593,2025-07-29,Mumbai,35-44,iOS,Returning
594,2025-07-23,Bangalore,18-24,Android,Power
595,2025-07-09,Chennai,18-24,Android,Returning
596,2025-04-04,Pune,35-44,Android,Returning
597,2025-10-06,Mumbai,18-24,Android,Returning
598,2025-07-05,Ahmedabad,35-44,Android,Returning
599,2025-12-15,Hyderabad,18-24,Android,Returning
600,2026-02-20,Kolkata,18-24,Web,New
601,2025-12-17,Pune,25-34,Web,Returning
602,2025-06-21,Delhi NCR,45+,iOS,Power
603,2025-07-14,Mumbai,18-24,Android,Power
604,2026-02-22,Chennai,25-34,Android,New
605,2025-09-08,Mumbai,18-24,Web,Returning
606,2025-10-11,Kolkata,18-24,iOS,Power
607,2025-09-14,Chennai,45+,Android,Returning
608,2025-09-12,Kolkata,18-24,Android,Power
609,2025-05-22,Delhi NCR,35-44,Android,Returning
610,2025-10-30,Delhi NCR,18-24,iOS,Power
611,2025-08-19,Chennai,35-44,Web,Returning
612,2026-02-24,Mumbai,25-34,Android,New
613,2026-01-31,Chennai,35-44,Android,New
614,2025-09-17,Kolkata,18-24,Android,Power
615,2025-03-27,Bangalore,35-44,Android,Returning
616,2025-10-16,Pune,25-34,iOS,Returning
617,2025-04-14,Mumbai,25-34,iOS,Returning
618,2025-03-24,Delhi NCR,35-44,Android,Returning
619,2025-10-07,Lucknow,25-34,iOS,Returning
620,2025-04-08,Lucknow,35-44,Android,Returning
621,2025-07-27,Bangalore,25-34,iOS,Returning
622,2025-05-04,Jaipur,25-34,iOS,Returning
623,2025-10-20,Bangalore,35-44,Android,Returning
624,2025-05-13,Delhi NCR,18-24,iOS,Power
625,2025-12-21,Delhi NCR,25-34,Android,Returning
626,2025-06-22,Ahmedabad,45+,Android,Returning
627,2025-05-30,Mumbai,25-34,Android,Power
628,2025-03-02,Hyderabad,18-24,Android,Returning
629,2025-08-31,Hyderabad,25-34,iOS,Returning
630,2025-09-15,Pune,35-44,Android,Returning
631,2025-11-30,Bangalore,45+,iOS,Power
632,2025-08-11,Delhi NCR,45+,Web,Returning
633,2025-03-20,Mumbai,25-34,Android,Returning
634,2026-02-10,Hyderabad,25-34,Android,New
635,2026-01-21,Chennai,18-24,Android,Returning
636,2025-10-26,Hyderabad,18-24,Android,Returning
637,2025-09-09,Pune,18-24,Android,Power
638,2025-10-11,Mumbai,18-24,iOS,Power
639,2025-07-02,Ahmedabad,35-44,Android,Returning
640,2025-07-24,Hyderabad,35-44,iOS,Returning
641,2025-10-26,Mumbai,25-34,Android,Power
642,2026-01-02,Bangalore,45+,Android,Returning
643,2025-10-04,Kolkata,45+,Android,Returning
644,2025-04-18,Ahmedabad,25-34,Android,Power
645,2025-03-05,Delhi NCR,25-34,Android,Returning
646,2026-02-28,Chennai,18-24,iOS,New
647,2025-03-18,Mumbai,25-34,iOS,Power
648,2025-08-23,Mumbai,18-24,Android,Power
649,2025-08-22,Hyderabad,25-34,iOS,Returning
650,2025-04-23,Chennai,45+,Android,Returning
651,2025-11-04,Pune,25-34,Android,Returning
652,2025-10-18,Delhi NCR,18-24,iOS,Returning
653,2026-01-02,Mumbai,25-34,Web,Returning
654,2026-01-16,Bangalore,25-34,iOS,Returning
655,2025-09-09,Mumbai,18-24,Android,Returning
656,2025-09-22,Mumbai,18-24,Web,Returning
657,2025-09-09,Delhi NCR,45+,iOS,Returning
658,2025-04-18,Bangalore,18-24,Android,Returning
659,2025-05-02,Delhi NCR,35-44,Web,Returning
660,2025-10-03,Hyderabad,25-34,iOS,Power
661,2025-12-11,Mumbai,25-34,iOS,Returning
662,2025-07-31,Mumbai,18-24,iOS,Returning
663,2025-08-10,Chennai,35-44,Android,Returning
664,2025-06-22,Mumbai,35-44,iOS,Returning
665,2025-07-15,Hyderabad,18-24,Android,Returning
666,2025-09-18,Mumbai,18-24,Web,Power
667,2025-07-17,Bangalore,18-24,iOS,Returning
668,2025-10-05,Mumbai,35-44,iOS,Power
669,2026-02-09,Mumbai,25-34,Android,New
670,2026-01-13,Hyderabad,18-24,iOS,Returning
671,2025-07-11,Ahmedabad,25-34,Android,Returning
672,2025-04-30,Mumbai,25-34,iOS,Returning
673,2026-02-15,Bangalore,35-44,iOS,New
674,2025-10-09,Chennai,25-34,Android,Power
675,2026-02-28,Bangalore,18-24,Android,New
676,2026-01-06,Pune,18-24,Android,Returning
677,2025-06-15,Mumbai,25-34,Android,Returning
678,2025-10-08,Jaipur,18-24,Android,Returning
679,2026-02-17,Bangalore,35-44,Android,New
680,2025-04-05,Delhi NCR,25-34,Android,Returning
681,2025-07-20,Kolkata,25-34,iOS,Power
682,2025-06-02,Hyderabad,25-34,Web,Returning
683,2025-03-08,Bangalore,35-44,iOS,Returning
684,2025-09-26,Chennai,25-34,Android,Power
685,2026-02-21,Hyderabad,35-44,iOS,New
686,2025-10-30,Mumbai,25-34,Android,Power
687,2025-03-18,Chennai,35-44,iOS,Returning
688,2025-09-18,Mumbai,25-34,Android,Power
689,2025-12-01,Pune,18-24,Android,Returning
690,2025-10-16,Lucknow,18-24,iOS,Returning
691,2025-08-27,Delhi NCR,45+,Android,Power
692,2025-04-19,Bangalore,45+,Web,Returning
693,2025-09-04,Mumbai,35-44,iOS,Returning
694,2026-02-01,Mumbai,35-44,Android,New
695,2025-07-24,Ahmedabad,18-24,iOS,Returning
696,2025-03-09,Mumbai,25-34,Android,Returning
697,2026-01-19,Bangalore,45+,Android,Returning
698,2025-07-16,Kolkata,35-44,Android,Returning
699,2025-08-21,Ahmedabad,25-34,Android,Power
700,2025-10-07,Bangalore,25-34,Android,Returning
701,2025-08-12,Hyderabad,25-34,Android,Power
702,2025-08-01,Chennai,25-34,Android,Returning
703,2025-07-24,Jaipur,25-34,Android,Returning
704,2025-07-04,Hyderabad,25-34,iOS,Returning
705,2026-01-14,Hyderabad,18-24,Android,Returning
706,2026-01-25,Mumbai,35-44,Android,Returning
707,2025-06-21,Mumbai,35-44,Android,Returning
708,2025-12-09,Hyderabad,35-44,Android,Returning
709,2025-06-18,Jaipur,35-44,Web,Returning
710,2025-08-16,Kolkata,25-34,iOS,Power
711,2025-05-02,Lucknow,35-44,iOS,Power
712,2026-02-19,Bangalore,25-34,Android,New
713,2025-04-23,Pune,45+,iOS,Power
714,2025-05-19,Kolkata,18-24,Web,Power
715,2025-07-02,Hyderabad,45+,Android,Power
716,2025-06-23,Delhi NCR,18-24,Android,Returning
717,2026-02-24,Bangalore,18-24,Android,New
718,2025-11-02,Kolkata,25-34,Web,Returning
719,2025-05-16,Delhi NCR,25-34,Android,Returning
720,2025-12-26,Ahmedabad,18-24,iOS,Returning
721,2025-10-06,Delhi NCR,25-34,Android,Returning
722,2025-07-20,Pune,35-44,Web,Returning
723,2025-07-05,Hyderabad,18-24,iOS,Returning
724,2025-09-05,Pune,25-34,Web,Returning
725,2025-06-07,Bangalore,25-34,Web,Power
726,2025-03-25,Jaipur,25-34,iOS,Returning
727,2025-05-23,Hyderabad,25-34,iOS,Returning
728,2025-12-28,Delhi NCR,25-34,iOS,Returning
729,2025-07-27,Hyderabad,45+,Android,Power
730,2025-03-24,Delhi NCR,25-34,Android,Returning
731,2025-04-20,Delhi NCR,35-44,Android,Returning
732,2025-05-22,Bangalore,35-44,Android,Returning
733,2025-09-05,Kolkata,35-44,Web,Returning
734,2025-11-23,Bangalore,18-24,Android,Returning
735,2025-11-16,Chennai,18-24,iOS,Returning
736,2025-11-22,Bangalore,25-34,Android,Power
737,2025-04-24,Delhi NCR,35-44,Android,Returning
738,2026-02-23,Jaipur,18-24,Android,New
739,2025-08-16,Hyderabad,45+,Android,Power
740,2025-03-15,Jaipur,18-24,Android,Power
741,2025-10-19,Delhi NCR,18-24,iOS,Power
742,2025-03-08,Mumbai,18-24,iOS,Returning
743,2025-06-15,Kolkata,25-34,iOS,Returning
744,2026-02-06,Chennai,45+,iOS,New
745,2026-01-07,Delhi NCR,18-24,Web,Returning
746,2025-09-17,Delhi NCR,25-34,iOS,Power
747,2025-08-11,Pune,18-24,Android,Power
748,2025-12-08,Bangalore,25-34,Android,Returning
749,2025-10-07,Chennai,18-24,Android,Returning
750,2025-12-06,Delhi NCR,25-34,Android,Returning
751,2025-12-13,Bangalore,25-34,Android,Returning
752,2026-02-28,Lucknow,25-34,Web,New
753,2026-01-09,Delhi NCR,18-24,Android,Returning
754,2025-09-09,Bangalore,18-24,iOS,Returning
755,2025-08-08,Kolkata,25-34,Android,Returning
756,2025-06-14,Delhi NCR,35-44,Android,Power
757,2025-05-17,Bangalore,45+,iOS,Power
758,2026-01-26,Hyderabad,35-44,Android,Returning
759,2025-03-18,Bangalore,45+,Web,Power
760,2025-11-26,Bangalore,25-34,Android,Returning
761,2025-12-19,Delhi NCR,25-34,Web,Returning
762,2026-01-21,Hyderabad,18-24,iOS,Returning
763,2025-09-28,Hyderabad,25-34,iOS,Returning
764,2025-06-24,Chennai,25-34,Web,Returning
765,2025-09-20,Mumbai,35-44,Android,Returning
766,2025-11-03,Hyderabad,18-24,Android,Returning
767,2025-06-15,Jaipur,25-34,Android,Returning
768,2025-04-29,Hyderabad,25-34,Android,Power
769,2025-06-06,Chennai,25-34,Android,Power
770,2026-01-06,Hyderabad,18-24,Web,Returning
771,2025-07-08,Kolkata,35-44,Android,Returning
772,2025-07-22,Ahmedabad,18-24,Web,Returning
773,2025-06-23,Delhi NCR,45+,Web,Power
774,2025-04-22,Bangalore,45+,iOS,Returning
775,2025-11-09,Bangalore,25-34,Web,Power
776,2025-06-19,Bangalore,25-34,iOS,Returning
777,2025-05-02,Mumbai,35-44,Android,Returning
778,2025-08-06,Kolkata,25-34,iOS,Power
779,2025-07-15,Mumbai,18-24,iOS,Power
780,2025-03-25,Bangalore,45+,Android,Returning
781,2025-12-25,Chennai,25-34,Android,Returning
782,2025-12-16,Delhi NCR,18-24,Android,Returning
783,2025-11-18,Ahmedabad,25-34,Android,Returning
784,2025-08-21,Kolkata,18-24,Web,Power
785,2025-06-22,Bangalore,18-24,Android,Returning
786,2025-07-18,Bangalore,25-34,Android,Power
787,2025-05-11,Delhi NCR,25-34,Android,Power
788,2025-04-29,Chennai,25-34,Android,Returning
789,2025-11-23,Mumbai,45+,Android,Returning
790,2025-03-28,Chennai,35-44,Android,Returning
791,2025-05-19,Kolkata,18-24,Web,Power
792,2025-03-31,Delhi NCR,18-24,Android,Returning
793,2025-03-19,Kolkata,25-34,iOS,Returning
794,2025-04-27,Mumbai,25-34,Android,Returning
795,2025-06-25,Ahmedabad,35-44,Web,Returning
796,2025-09-16,Mumbai,25-34,iOS,Returning
797,2025-03-31,Hyderabad,18-24,iOS,Returning
798,2026-01-30,Delhi NCR,25-34,iOS,Returning
799,2025-06-27,Kolkata,35-44,iOS,Returning
800,2025-11-15,Bangalore,45+,Android,Returning
801,2026-01-09,Mumbai,18-24,Android,Returning
802,2025-12-10,Hyderabad,25-34,Android,Returning
803,2025-10-19,Bangalore,18-24,Android,Returning
804,2025-05-20,Chennai,25-34,Android,Power
805,2025-10-14,Ahmedabad,18-24,iOS,Returning
806,2025-08-29,Bangalore,45+,Android,Power
807,2025-04-05,Delhi NCR,25-34,Android,Power
808,2025-06-01,Mumbai,35-44,Web,Returning
809,2025-03-26,Hyderabad,45+,Web,Returning
810,2025-12-22,Bangalore,18-24,Web,Returning
811,2026-01-26,Delhi NCR,25-34,iOS,Returning
812,2025-06-12,Delhi NCR,35-44,Android,Power
813,2026-01-07,Bangalore,25-34,Web,Returning
814,2025-08-08,Lucknow,25-34,Android,Power
815,2025-10-26,Delhi NCR,25-34,Android,Returning
816,2025-07-09,Hyderabad,25-34,Android,Power
817,2026-01-17,Pune,25-34,iOS,Returning
818,2025-07-04,Pune,25-34,Android,Returning
819,2025-11-10,Delhi NCR,18-24,iOS,Returning
820,2025-06-25,Hyderabad,18-24,Android,Returning
821,2025-10-01,Kolkata,18-24,Android,Power
822,2025-08-30,Mumbai,18-24,Android,Returning
823,2025-03-30,Bangalore,25-34,Android,Power
824,2025-11-26,Delhi NCR,18-24,Web,Power
825,2026-02-21,Bangalore,18-24,Web,New
826,2025-03-06,Bangalore,35-44,Android,Returning
827,2025-08-29,Pune,35-44,Web,Power
828,2025-05-24,Mumbai,35-44,iOS,Returning
829,2025-08-18,Bangalore,45+,Android,Power
830,2025-03-14,Hyderabad,18-24,iOS,Returning
831,2025-08-18,Bangalore,18-24,Web,Power
832,2025-09-27,Pune,25-34,Android,Returning
833,2025-11-28,Bangalore,45+,Android,Returning
834,2025-09-22,Jaipur,35-44,Android,Returning
835,2025-12-30,Bangalore,25-34,Android,Returning
836,2025-10-30,Hyderabad,18-24,Android,Returning
837,2026-01-09,Kolkata,25-34,iOS,Returning
838,2025-05-28,Delhi NCR,18-24,iOS,Power
839,2026-02-24,Mumbai,25-34,Android,New
840,2025-11-29,Chennai,45+,Android,Returning
841,2025-09-12,Bangalore,25-34,iOS,Returning
842,2025-04-18,Ahmedabad,45+,Android,Returning
843,2026-02-07,Lucknow,25-34,iOS,New
844,2025-04-09,Bangalore,25-34,Web,Returning
845,2026-02-28,Bangalore,35-44,Web,New
846,2025-10-19,Bangalore,25-34,iOS,Returning
847,2025-07-11,Delhi NCR,25-34,Android,Returning
848,2026-02-17,Pune,35-44,Android,New
849,2025-03-20,Pune,35-44,iOS,Returning
850,2026-01-14,Bangalore,18-24,Web,Returning
851,2026-01-26,Mumbai,25-34,Android,Returning
852,2025-12-13,Delhi NCR,25-34,Android,Returning
853,2025-07-26,Delhi NCR,45+,iOS,Returning
854,2025-05-04,Kolkata,45+,Android,Returning
855,2025-12-18,Mumbai,18-24,Android,Returning
856,2025-05-23,Pune,18-24,Web,Returning
857,2025-06-25,Chennai,45+,Android,Returning
858,2026-01-13,Pune,18-24,Android,Returning
859,2025-10-31,Bangalore,18-24,iOS,Returning
860,2025-07-30,Chennai,18-24,iOS,Returning
861,2025-07-05,Hyderabad,18-24,Android,Power
862,2026-01-04,Pune,25-34,Android,Returning
863,2025-03-16,Bangalore,25-34,iOS,Returning
864,2025-11-14,Bangalore,25-34,Android,Returning
865,2025-04-16,Hyderabad,45+,Android,Returning
866,2026-01-12,Mumbai,18-24,Android,Returning
867,2025-12-30,Bangalore,18-24,iOS,Returning
868,2025-03-29,Lucknow,35-44,iOS,Returning
869,2026-02-03,Mumbai,35-44,iOS,New
870,2025-05-13,Delhi NCR,18-24,iOS,Returning
871,2025-06-17,Delhi NCR,25-34,iOS,Power
872,2026-02-21,Hyderabad,25-34,Android,New
873,2025-11-08,Mumbai,25-34,Web,Power
874,2025-03-11,Hyderabad,18-24,Web,Power
875,2025-06-21,Mumbai,25-34,Android,Power
876,2025-09-02,Mumbai,18-24,Android,Power
877,2025-08-06,Chennai,35-44,iOS,Power
878,2025-05-02,Delhi NCR,25-34,iOS,Returning
879,2025-10-25,Lucknow,25-34,Android,Power
880,2026-01-04,Mumbai,18-24,iOS,Returning
881,2025-07-30,Bangalore,18-24,iOS,Power
882,2026-02-15,Mumbai,25-34,iOS,New
883,2026-02-01,Delhi NCR,35-44,Android,New
884,2025-12-13,Lucknow,35-44,Android,Returning
885,2025-07-28,Ahmedabad,35-44,iOS,Returning
886,2025-09-28,Mumbai,18-24,Web,Returning
887,2026-02-15,Hyderabad,25-34,Android,New
888,2025-08-26,Hyderabad,18-24,iOS,Returning
889,2025-04-23,Delhi NCR,18-24,Android,Power
890,2026-02-22,Mumbai,35-44,iOS,New
891,2026-02-26,Ahmedabad,35-44,Web,New
892,2025-11-10,Jaipur,35-44,iOS,Returning
893,2025-07-06,Lucknow,35-44,Web,Returning
894,2025-03-03,Pune,45+,iOS,Returning
895,2025-07-05,Chennai,18-24,iOS,Returning
896,2025-05-31,Delhi NCR,45+,Android,Returning
897,2025-05-11,Mumbai,25-34,Android,Power
898,2025-07-17,Mumbai,35-44,Android,Power
899,2026-02-14,Chennai,25-34,Android,New
900,2025-08-21,Pune,25-34,Android,Power
901,2025-11-02,Kolkata,35-44,iOS,Returning
902,2026-02-01,Ahmedabad,25-34,Web,New
903,2025-08-11,Kolkata,45+,iOS,Power
904,2026-01-21,Lucknow,18-24,Android,Returning
905,2025-06-01,Delhi NCR,25-34,Web,Returning
906,2025-07-13,Pune,18-24,Android,Returning
907,2025-12-05,Hyderabad,18-24,iOS,Returning
908,2025-10-26,Delhi NCR,18-24,Web,Power
909,2025-05-05,Lucknow,18-24,Web,Power
910,2026-02-04,Ahmedabad,25-34,Android,New
911,2025-10-07,Mumbai,25-34,iOS,Power
912,2026-02-16,Mumbai,18-24,iOS,New
913,2025-08-01,Chennai,18-24,Android,Returning
914,2026-02-04,Hyderabad,45+,Android,New
915,2025-12-23,Jaipur,18-24,Android,Returning
916,2025-12-24,Delhi NCR,25-34,Android,Returning
917,2025-07-11,Mumbai,18-24,iOS,Returning
918,2025-11-12,Delhi NCR,18-24,Android,Returning
919,2025-10-06,Mumbai,25-34,iOS,Power
920,2025-11-10,Mumbai,25-34,iOS,Power
921,2025-07-16,Ahmedabad,25-34,Web,Returning
922,2025-11-10,Delhi NCR,18-24,Android,Power
923,2026-01-26,Bangalore,25-34,Web,Returning
924,2025-11-10,Mumbai,35-44,Web,Power
925,2025-06-10,Delhi NCR,18-24,iOS,Returning
926,2025-07-08,Pune,18-24,iOS,Power
927,2025-12-08,Hyderabad,18-24,Android,Returning
928,2026-01-18,Pune,25-34,Web,Returning
929,2025-11-20,Bangalore,18-24,iOS,Returning
930,2026-02-23,Delhi NCR,25-34,Android,New
931,2025-09-02,Bangalore,18-24,Android,Returning
932,2025-05-23,Delhi NCR,18-24,iOS,Returning
933,2025-04-15,Kolkata,18-24,Android,Returning
934,2025-07-18,Delhi NCR,25-34,iOS,Returning
935,2025-04-20,Chennai,18-24,Android,Returning
936,2025-07-15,Mumbai,25-34,iOS,Returning
937,2025-05-16,Chennai,25-34,iOS,Power
938,2025-10-02,Ahmedabad,25-34,Web,Returning
939,2025-05-28,Hyderabad,35-44,iOS,Power
940,2025-08-15,Hyderabad,35-44,iOS,Returning
941,2025-12-21,Jaipur,25-34,Web,Returning
942,2025-11-09,Hyderabad,45+,iOS,Returning
943,2026-02-25,Delhi NCR,18-24,iOS,New
944,2025-03-16,Delhi NCR,18-24,Android,Power
945,2025-04-04,Chennai,25-34,iOS,Power
946,2025-04-17,Pune,25-34,Android,Power
947,2025-03-16,Delhi NCR,25-34,Web,Returning
948,2025-11-26,Delhi NCR,18-24,Android,Returning
949,2025-09-30,Lucknow,25-34,Android,Returning
950,2025-04-24,Mumbai,45+,Android,Power
951,2025-10-15,Bangalore,25-34,Android,Power
952,2025-06-27,Mumbai,45+,Android,Power
953,2025-07-01,Kolkata,25-34,Android,Returning
954,2026-01-29,Mumbai,18-24,Web,Returning
955,2026-01-20,Chennai,25-34,Android,Returning
956,2025-07-15,Mumbai,25-34,Android,Returning
957,2026-01-24,Chennai,25-34,iOS,Returning
958,2025-07-21,Kolkata,25-34,Android,Returning
959,2026-02-23,Bangalore,25-34,Web,New
960,2025-04-13,Bangalore,18-24,Android,Returning
961,2025-07-24,Bangalore,18-24,iOS,Power
962,2025-12-16,Delhi NCR,25-34,Android,Returning
963,2026-02-25,Pune,45+,Android,New
964,2025-03-31,Delhi NCR,18-24,iOS,Returning
965,2025-10-18,Chennai,35-44,Android,Returning
966,2025-11-03,Delhi NCR,25-34,Web,Returning
967,2025-11-27,Delhi NCR,18-24,Android,Power
968,2025-12-29,Delhi NCR,18-24,iOS,Returning
969,2025-08-19,Hyderabad,18-24,Web,Returning
970,2025-03-31,Bangalore,45+,Android,Returning
971,2025-08-10,Pune,25-34,iOS,Power
972,2026-02-03,Delhi NCR,45+,Android,New
973,2025-09-09,Mumbai,35-44,iOS,Returning
974,2025-05-05,Pune,25-34,iOS,Power
975,2025-10-19,Kolkata,25-34,Android,Returning
976,2025-04-09,Mumbai,25-34,Android,Returning
977,2025-11-03,Hyderabad,25-34,iOS,Returning
978,2025-04-11,Delhi NCR,18-24,Web,Power
979,2025-05-30,Pune,25-34,Web,Returning
980,2025-08-01,Kolkata,25-34,iOS,Power
981,2025-07-19,Kolkata,18-24,Android,Power
982,2026-02-09,Pune,25-34,Web,New
983,2025-11-08,Delhi NCR,35-44,Web,Returning
984,2025-10-12,Kolkata,25-34,Android,Power
985,2026-01-13,Hyderabad,25-34,Android,Returning
986,2026-02-28,Mumbai,18-24,Web,New
987,2025-12-01,Bangalore,35-44,Web,Returning
988,2025-10-10,Jaipur,25-34,Android,Power
989,2025-04-15,Ahmedabad,45+,Web,Returning
990,2026-01-22,Mumbai,45+,Android,Returning
991,2025-05-12,Pune,45+,Web,Power
992,2025-10-13,Pune,18-24,Android,Returning
993,2025-03-10,Delhi NCR,25-34,Android,Returning
994,2025-04-02,Bangalore,45+,Android,Power
995,2025-06-15,Chennai,35-44,Web,Returning
996,2025-09-21,Bangalore,45+,Android,Returning
997,2025-09-04,Mumbai,25-34,iOS,Returning
998,2026-02-19,Chennai,25-34,Android,New
999,2025-06-13,Ahmedabad,18-24,iOS,Returning
1000,2025-10-14,Chennai,35-44,Android,Returning
1001,2025-09-10,Pune,35-44,Android,Returning
1002,2026-02-16,Delhi NCR,18-24,Android,New
1003,2025-09-14,Delhi NCR,18-24,Android,Returning
1004,2025-10-22,Hyderabad,25-34,iOS,Returning
1005,2025-12-07,Delhi NCR,25-34,Android,Returning
1006,2025-04-14,Kolkata,18-24,Android,Power
1007,2025-04-16,Mumbai,18-24,Android,Power
1008,2025-11-20,Bangalore,18-24,Android,Returning
1009,2025-04-06,Bangalore,18-24,Android,Power
1010,2025-06-01,Jaipur,45+,Android,Power
1011,2025-06-09,Mumbai,35-44,iOS,Returning
1012,2026-01-22,Mumbai,35-44,Android,Returning
1013,2025-11-27,Delhi NCR,35-44,iOS,Returning
1014,2025-11-26,Kolkata,25-34,Android,Power
1015,2025-04-30,Delhi NCR,35-44,Android,Returning
1016,2025-12-22,Delhi NCR,45+,iOS,Returning
1017,2025-04-17,Mumbai,25-34,Web,Power
1018,2025-07-08,Chennai,25-34,Android,Returning
1019,2025-04-01,Mumbai,35-44,Android,Returning
1020,2025-10-15,Delhi NCR,45+,Android,Returning
1021,2025-12-15,Delhi NCR,18-24,Web,Returning
1022,2026-01-25,Hyderabad,18-24,iOS,Returning
1023,2026-02-28,Pune,45+,Web,New
1024,2025-05-09,Hyderabad,45+,Android,Power
1025,2025-04-15,Jaipur,25-34,iOS,Returning
1026,2025-12-31,Jaipur,25-34,iOS,Returning
1027,2025-04-15,Delhi NCR,18-24,iOS,Returning
1028,2025-03-17,Pune,25-34,Android,Returning
1029,2025-04-07,Pune,45+,iOS,Returning
1030,2025-06-07,Ahmedabad,18-24,iOS,Power
1031,2025-03-05,Bangalore,25-34,Web,Returning
1032,2025-07-15,Hyderabad,45+,Android,Returning
1033,2025-06-04,Bangalore,25-34,iOS,Returning
1034,2025-04-19,Kolkata,35-44,Web,Power
1035,2025-05-19,Delhi NCR,25-34,Android,Returning
1036,2025-05-14,Delhi NCR,35-44,Android,Returning
1037,2025-07-31,Delhi NCR,45+,Android,Returning
1038,2025-09-17,Delhi NCR,25-34,Android,Returning
1039,2026-02-24,Hyderabad,35-44,Web,New
1040,2025-03-27,Mumbai,45+,Android,Power
1041,2025-12-13,Delhi NCR,45+,iOS,Returning
1042,2025-12-29,Ahmedabad,25-34,Android,Returning
1043,2025-10-20,Bangalore,25-34,Android,Returning
1044,2025-12-02,Pune,25-34,Web,Returning
1045,2025-07-07,Mumbai,25-34,iOS,Returning
1046,2026-01-18,Delhi NCR,25-34,Android,Returning
1047,2025-12-02,Pune,18-24,Web,Returning
1048,2025-05-09,Pune,35-44,Android,Returning
1049,2025-04-07,Bangalore,25-34,Android,Power
1050,2025-05-10,Jaipur,35-44,iOS,Power
1051,2025-11-17,Ahmedabad,35-44,Android,Power
1052,2026-02-15,Jaipur,25-34,iOS,New
1053,2025-05-17,Bangalore,25-34,iOS,Returning
1054,2025-09-03,Delhi NCR,35-44,Android,Power
1055,2025-10-27,Hyderabad,18-24,iOS,Power
1056,2025-03-13,Chennai,18-24,Android,Power
1057,2026-02-06,Mumbai,35-44,iOS,New
1058,2025-12-28,Pune,18-24,Android,Returning
1059,2025-10-09,Mumbai,35-44,Web,Power
1060,2025-09-29,Bangalore,45+,Web,Power
1061,2025-10-07,Delhi NCR,25-34,Android,Power
1062,2025-07-19,Pune,35-44,Web,Returning
1063,2025-04-26,Delhi NCR,25-34,iOS,Power
1064,2025-11-17,Kolkata,35-44,iOS,Power
1065,2025-11-17,Hyderabad,35-44,iOS,Returning
1066,2026-01-21,Pune,18-24,Android,Returning
1067,2025-08-15,Lucknow,25-34,Android,Returning
1068,2025-10-18,Chennai,25-34,Android,Power
1069,2025-12-24,Lucknow,18-24,Android,Returning
1070,2025-09-03,Mumbai,45+,Android,Power
1071,2026-01-18,Delhi NCR,25-34,Android,Returning
1072,2026-02-14,Mumbai,25-34,Android,New
1073,2025-11-10,Delhi NCR,18-24,iOS,Power
1074,2025-09-25,Kolkata,25-34,Android,Returning
1075,2025-05-16,Mumbai,35-44,Android,Power
1076,2025-07-13,Bangalore,25-34,Android,Returning
1077,2025-09-25,Hyderabad,35-44,iOS,Returning
1078,2026-01-22,Hyderabad,35-44,Web,Returning
1079,2025-11-24,Bangalore,18-24,Android,Power
1080,2025-05-16,Pune,25-34,iOS,Returning
1081,2025-06-20,Mumbai,18-24,Web,Returning
1082,2025-08-17,Delhi NCR,18-24,Web,Returning
1083,2025-12-05,Hyderabad,18-24,iOS,Returning
1084,2025-04-13,Chennai,45+,Android,Returning
1085,2026-02-19,Bangalore,45+,Android,New
1086,2026-02-24,Kolkata,18-24,Android,New
1087,2025-10-29,Bangalore,25-34,iOS,Returning
1088,2025-04-05,Bangalore,18-24,Android,Returning
1089,2025-03-13,Mumbai,35-44,iOS,Returning
1090,2025-11-03,Hyderabad,25-34,Android,Returning
1091,2025-05-11,Chennai,25-34,Android,Returning
1092,2025-09-23,Mumbai,25-34,Web,Returning
1093,2025-05-02,Delhi NCR,35-44,Web,Returning
1094,2025-07-16,Pune,25-34,iOS,Returning
1095,2025-07-28,Delhi NCR,18-24,Android,Returning
1096,2025-08-29,Delhi NCR,18-24,Web,Returning
1097,2026-02-14,Chennai,25-34,Android,New
1098,2025-09-25,Delhi NCR,45+,iOS,Power
1099,2025-10-16,Ahmedabad,25-34,Android,Returning
1100,2025-06-13,Mumbai,18-24,iOS,Returning
1101,2025-09-25,Chennai,45+,iOS,Power
1102,2026-01-13,Bangalore,18-24,Web,Returning
1103,2025-04-11,Kolkata,18-24,iOS,Returning
1104,2025-04-03,Mumbai,35-44,Web,Returning
1105,2025-09-09,Chennai,35-44,Android,Returning
1106,2025-10-22,Hyderabad,25-34,iOS,Returning
1107,2025-11-26,Bangalore,35-44,Android,Power
1108,2025-11-06,Bangalore,35-44,Android,Power
1109,2025-07-01,Chennai,18-24,iOS,Returning
1110,2025-05-13,Jaipur,25-34,Web,Power
1111,2025-05-23,Mumbai,25-34,Android,Returning
1112,2025-05-06,Mumbai,45+,Android,Power
1113,2025-05-22,Pune,45+,Android,Returning
1114,2025-12-22,Mumbai,25-34,Web,Returning
1115,2025-10-04,Lucknow,25-34,Android,Power
1116,2026-02-18,Hyderabad,18-24,Android,New
1117,2025-06-20,Chennai,18-24,Android,Returning
1118,2025-04-05,Delhi NCR,25-34,Android,Returning
1119,2025-03-06,Delhi NCR,25-34,iOS,Returning
1120,2026-01-22,Chennai,25-34,Web,Returning
1121,2025-10-18,Ahmedabad,25-34,Android,Returning
1122,2025-08-13,Lucknow,35-44,Android,Returning
1123,2026-02-06,Delhi NCR,35-44,Web,New
1124,2025-05-02,Mumbai,35-44,Web,Returning
1125,2025-03-20,Mumbai,18-24,Android,Returning
1126,2025-05-03,Kolkata,35-44,Android,Returning
1127,2025-03-03,Delhi NCR,45+,Web,Returning
1128,2025-07-26,Mumbai,18-24,iOS,Power
1129,2025-10-11,Delhi NCR,25-34,Web,Returning
1130,2025-11-17,Delhi NCR,45+,Android,Returning
1131,2025-08-03,Lucknow,25-34,iOS,Power
1132,2025-11-10,Bangalore,25-34,iOS,Power
1133,2025-11-17,Delhi NCR,18-24,Web,Returning
1134,2025-04-19,Delhi NCR,25-34,Web,Returning
1135,2025-09-11,Delhi NCR,25-34,Android,Returning
1136,2025-03-10,Mumbai,18-24,iOS,Power
1137,2025-04-11,Mumbai,25-34,Android,Power
1138,2025-10-19,Chennai,18-24,iOS,Returning
1139,2025-05-12,Mumbai,35-44,iOS,Power
1140,2025-04-07,Delhi NCR,45+,Web,Power
1141,2025-10-25,Delhi NCR,25-34,Android,Power
1142,2025-11-15,Pune,25-34,Android,Power
1143,2025-11-29,Hyderabad,25-34,Android,Returning
1144,2025-05-18,Chennai,18-24,Android,Power
1145,2026-01-09,Hyderabad,45+,Android,Returning
1146,2026-01-31,Chennai,18-24,Web,New
1147,2025-05-09,Mumbai,18-24,Android,Returning
1148,2025-05-08,Jaipur,25-34,iOS,Returning
1149,2025-07-30,Mumbai,25-34,Web,Returning
1150,2025-06-07,Bangalore,25-34,Web,Returning
1151,2025-06-17,Pune,18-24,Android,Returning
1152,2025-05-03,Bangalore,35-44,Android,Returning
1153,2025-11-20,Jaipur,25-34,Android,Power
1154,2025-03-20,Bangalore,18-24,Android,Power
1155,2025-11-11,Kolkata,25-34,iOS,Returning
1156,2025-08-31,Kolkata,18-24,iOS,Power
1157,2025-04-22,Lucknow,25-34,iOS,Power
1158,2026-02-28,Ahmedabad,25-34,Web,New
1159,2025-04-16,Ahmedabad,35-44,iOS,Returning
1160,2026-01-05,Pune,18-24,Web,Returning
1161,2025-10-03,Delhi NCR,18-24,Web,Returning
1162,2025-04-26,Mumbai,18-24,Android,Returning
1163,2025-10-15,Chennai,18-24,Android,Returning
1164,2025-08-11,Lucknow,18-24,Android,Power
1165,2025-04-22,Chennai,25-34,iOS,Returning
1166,2025-11-04,Ahmedabad,18-24,iOS,Returning
1167,2025-09-28,Pune,25-34,Android,Power
1168,2025-05-14,Mumbai,25-34,Web,Returning
1169,2025-12-28,Delhi NCR,18-24,Android,Returning
1170,2025-06-30,Delhi NCR,25-34,Web,Returning
1171,2026-02-04,Mumbai,18-24,Android,New
1172,2025-12-01,Hyderabad,25-34,Android,Power
1173,2025-12-16,Lucknow,25-34,Android,Returning
1174,2025-05-11,Pune,18-24,Android,Power
1175,2025-08-03,Bangalore,25-34,Android,Returning
1176,2025-03-19,Mumbai,18-24,iOS,Returning
1177,2026-02-12,Delhi NCR,35-44,Android,New
1178,2025-10-24,Bangalore,45+,iOS,Returning
1179,2025-03-02,Delhi NCR,18-24,Android,Power
1180,2025-06-23,Mumbai,25-34,Android,Returning
1181,2025-09-03,Bangalore,18-24,iOS,Power
1182,2025-08-31,Delhi NCR,18-24,Android,Returning
1183,2025-09-30,Ahmedabad,18-24,iOS,Returning
1184,2026-02-04,Mumbai,35-44,Android,New
1185,2025-09-02,Mumbai,25-34,Android,Returning
1186,2025-08-15,Mumbai,45+,Android,Returning
1187,2025-03-22,Delhi NCR,25-34,Android,Returning
1188,2025-09-21,Chennai,18-24,Android,Power
1189,2025-09-05,Pune,35-44,iOS,Returning
1190,2025-05-20,Bangalore,45+,Web,Returning
1191,2025-12-28,Chennai,35-44,Android,Returning
1192,2025-10-02,Delhi NCR,35-44,Web,Returning
1193,2025-09-28,Chennai,25-34,Android,Returning
1194,2025-09-26,Mumbai,18-24,iOS,Returning
1195,2026-01-11,Bangalore,18-24,iOS,Returning
1196,2025-03-29,Pune,25-34,Android,Returning
1197,2025-12-07,Pune,45+,Web,Returning
1198,2025-03-05,Chennai,35-44,Android,Returning
1199,2025-09-05,Delhi NCR,35-44,Android,Power
1200,2025-10-04,Delhi NCR,18-24,iOS,Returning
1201,2025-11-03,Lucknow,25-34,Web,Returning
1202,2025-03-24,Mumbai,35-44,Web,Power
1203,2025-12-28,Delhi NCR,25-34,Android,Returning
1204,2025-08-24,Mumbai,25-34,iOS,Returning
1205,2025-03-06,Delhi NCR,35-44,Android,Power
1206,2026-01-11,Delhi NCR,25-34,Android,Returning
1207,2025-04-08,Bangalore,45+,Android,Power
1208,2025-06-17,Bangalore,25-34,Android,Returning
1209,2025-07-20,Ahmedabad,18-24,Android,Returning
1210,2025-10-11,Mumbai,25-34,Web,Returning
1211,2025-07-29,Delhi NCR,18-24,Android,Returning
1212,2025-08-02,Hyderabad,25-34,iOS,Returning
1213,2025-04-17,Hyderabad,18-24,Android,Power
1214,2026-01-28,Bangalore,45+,Web,Returning
1215,2025-09-24,Kolkata,35-44,Android,Returning
1216,2025-05-20,Mumbai,18-24,iOS,Returning
1217,2025-04-30,Kolkata,18-24,iOS,Power
1218,2025-05-19,Bangalore,25-34,iOS,Returning
1219,2025-10-08,Mumbai,35-44,Android,Power
1220,2026-02-10,Ahmedabad,18-24,Android,New
1221,2026-02-11,Hyderabad,18-24,iOS,New
1222,2025-06-17,Mumbai,25-34,Android,Power
1223,2025-12-13,Mumbai,25-34,iOS,Returning
1224,2025-09-07,Mumbai,18-24,Android,Returning
1225,2025-08-19,Hyderabad,35-44,Android,Returning
1226,2025-11-08,Mumbai,45+,Android,Power
1227,2025-11-07,Delhi NCR,18-24,Android,Returning
1228,2025-07-22,Mumbai,25-34,iOS,Power
1229,2025-09-16,Chennai,18-24,Android,Returning
1230,2025-04-16,Kolkata,18-24,iOS,Returning
1231,2025-10-20,Pune,18-24,Android,Returning
1232,2025-06-10,Mumbai,25-34,Android,Returning
1233,2026-01-05,Ahmedabad,35-44,Android,Returning
1234,2025-03-07,Chennai,25-34,Android,Returning
1235,2025-10-21,Ahmedabad,18-24,iOS,Returning
1236,2025-05-17,Bangalore,18-24,Web,Returning
1237,2025-06-08,Bangalore,25-34,Web,Power
1238,2025-09-20,Pune,18-24,Android,Returning
1239,2025-12-04,Mumbai,25-34,iOS,Returning
1240,2026-01-05,Bangalore,25-34,Web,Returning
1241,2025-05-17,Kolkata,45+,Android,Returning
1242,2025-09-04,Kolkata,18-24,iOS,Returning
1243,2025-03-17,Jaipur,25-34,iOS,Returning
1244,2026-02-21,Chennai,18-24,iOS,New
1245,2025-04-14,Delhi NCR,25-34,iOS,Returning
1246,2025-04-22,Mumbai,25-34,iOS,Returning
1247,2025-06-27,Bangalore,35-44,iOS,Power
1248,2025-04-12,Bangalore,25-34,iOS,Returning
1249,2025-06-19,Delhi NCR,25-34,Android,Returning
1250,2025-04-07,Mumbai,18-24,iOS,Returning
1251,2026-01-06,Hyderabad,18-24,Android,Returning
1252,2025-06-25,Pune,25-34,Web,Returning
1253,2025-07-05,Lucknow,35-44,Android,Returning
1254,2025-07-15,Pune,25-34,Android,Returning
1255,2025-12-24,Pune,35-44,iOS,Returning
1256,2026-01-09,Hyderabad,18-24,iOS,Returning
1257,2025-11-24,Lucknow,25-34,Android,Returning
1258,2025-11-29,Hyderabad,25-34,Android,Returning
1259,2025-06-10,Kolkata,18-24,Web,Returning
1260,2025-05-14,Jaipur,25-34,Android,Returning
1261,2025-11-25,Ahmedabad,35-44,Android,Returning
1262,2025-12-03,Bangalore,25-34,iOS,Returning
1263,2025-12-13,Mumbai,25-34,iOS,Returning
1264,2025-05-17,Mumbai,35-44,iOS,Returning
1265,2025-11-01,Mumbai,25-34,iOS,Power
1266,2025-05-03,Mumbai,35-44,Web,Returning
1267,2025-09-17,Delhi NCR,25-34,Web,Power
1268,2025-08-31,Delhi NCR,18-24,iOS,Returning
1269,2025-07-21,Hyderabad,18-24,Android,Power
1270,2025-04-24,Chennai,18-24,Android,Power
1271,2026-02-22,Delhi NCR,35-44,iOS,New
1272,2025-04-05,Chennai,35-44,Android,Returning
1273,2025-06-11,Chennai,18-24,Android,Returning
1274,2025-09-21,Hyderabad,18-24,iOS,Returning
1275,2025-10-01,Ahmedabad,25-34,Web,Power
1276,2025-12-06,Mumbai,25-34,Android,Returning
1277,2025-10-05,Mumbai,25-34,iOS,Returning
1278,2025-11-09,Bangalore,25-34,iOS,Returning
1279,2026-01-24,Mumbai,35-44,Android,Returning
1280,2025-05-20,Hyderabad,25-34,iOS,Returning
1281,2025-08-25,Bangalore,45+,Android,Returning
1282,2025-12-09,Delhi NCR,18-24,Android,Returning
1283,2026-02-27,Mumbai,45+,iOS,New
1284,2025-05-02,Delhi NCR,18-24,iOS,Power
1285,2025-08-16,Hyderabad,18-24,Android,Returning
1286,2026-02-18,Hyderabad,35-44,Android,New
1287,2025-07-10,Mumbai,35-44,iOS,Returning
1288,2025-08-18,Mumbai,35-44,Android,Returning
1289,2025-11-02,Mumbai,25-34,Android,Returning
1290,2026-02-09,Mumbai,45+,Android,New
1291,2025-06-13,Kolkata,18-24,iOS,Returning
1292,2025-05-12,Mumbai,18-24,iOS,Power
1293,2025-06-18,Pune,25-34,Web,Power
1294,2025-07-22,Kolkata,35-44,Android,Power
1295,2025-07-18,Mumbai,25-34,Android,Returning
1296,2026-01-07,Bangalore,25-34,iOS,Returning
1297,2025-03-11,Jaipur,18-24,iOS,Power
1298,2025-03-24,Kolkata,18-24,Android,Returning
1299,2025-03-02,Bangalore,25-34,Android,Returning
1300,2025-05-25,Pune,25-34,Android,Returning
1301,2025-12-10,Kolkata,25-34,iOS,Returning
1302,2025-08-11,Delhi NCR,25-34,Android,Returning
1303,2025-09-24,Ahmedabad,45+,Web,Power
1304,2025-11-01,Bangalore,18-24,Android,Returning
1305,2026-01-01,Bangalore,25-34,Android,Returning
1306,2025-07-29,Lucknow,25-34,Android,Returning
1307,2025-10-24,Kolkata,25-34,Android,Power
1308,2025-07-20,Delhi NCR,25-34,iOS,Returning
1309,2025-08-04,Mumbai,45+,iOS,Power
1310,2025-11-06,Hyderabad,25-34,Android,Power
1311,2025-08-04,Chennai,18-24,iOS,Returning
1312,2026-02-15,Chennai,18-24,iOS,New
1313,2026-02-20,Jaipur,35-44,Android,New
1314,2026-01-20,Kolkata,35-44,Android,Returning
1315,2025-07-07,Bangalore,18-24,Android,Returning
1316,2025-05-24,Mumbai,18-24,Android,Returning
1317,2025-03-07,Bangalore,25-34,Android,Returning
1318,2025-08-12,Chennai,25-34,Android,Power
1319,2025-06-28,Hyderabad,18-24,Android,Power
1320,2025-05-27,Hyderabad,25-34,Web,Returning
1321,2025-07-09,Bangalore,25-34,Android,Returning
1322,2026-02-25,Delhi NCR,45+,Android,New
1323,2025-09-28,Delhi NCR,18-24,iOS,Power
1324,2026-01-31,Bangalore,35-44,Android,New
1325,2025-11-12,Mumbai,25-34,Android,Power
1326,2025-11-23,Delhi NCR,18-24,Android,Power
1327,2025-07-29,Delhi NCR,25-34,Web,Returning
1328,2025-05-12,Hyderabad,18-24,Android,Returning
1329,2025-12-16,Mumbai,25-34,Web,Returning
1330,2025-04-09,Kolkata,25-34,iOS,Returning
1331,2025-10-06,Hyderabad,18-24,iOS,Power
1332,2025-10-24,Chennai,18-24,iOS,Power
1333,2025-03-25,Chennai,35-44,Android,Power
1334,2026-01-18,Delhi NCR,18-24,Android,Returning
1335,2025-03-10,Bangalore,25-34,Android,Returning
1336,2026-01-19,Jaipur,25-34,Android,Returning
1337,2026-01-26,Pune,45+,Web,Returning
1338,2026-02-12,Jaipur,25-34,iOS,New
1339,2025-09-17,Pune,25-34,Android,Returning
1340,2025-09-29,Mumbai,18-24,iOS,Power
1341,2025-12-15,Mumbai,18-24,Web,Returning
1342,2025-12-04,Hyderabad,18-24,Web,Returning
1343,2025-11-04,Delhi NCR,25-34,iOS,Power
1344,2025-03-04,Delhi NCR,25-34,Android,Returning
1345,2025-03-24,Pune,25-34,Android,Returning
1346,2026-02-02,Delhi NCR,25-34,Android,New
1347,2025-04-22,Delhi NCR,25-34,Android,Power
1348,2025-05-18,Kolkata,18-24,Android,Returning
1349,2025-10-18,Kolkata,18-24,Web,Returning
1350,2025-07-25,Delhi NCR,35-44,Web,Returning
1351,2025-09-14,Kolkata,25-34,iOS,Returning
1352,2025-11-23,Kolkata,25-34,iOS,Power
1353,2025-06-06,Bangalore,25-34,Android,Returning
1354,2025-07-07,Mumbai,25-34,Android,Returning
1355,2025-04-26,Mumbai,18-24,Web,Power
1356,2025-09-09,Bangalore,35-44,Android,Returning
1357,2025-08-23,Delhi NCR,25-34,iOS,Returning
1358,2025-10-30,Lucknow,18-24,Android,Returning
1359,2026-01-14,Pune,35-44,Web,Returning
1360,2025-12-27,Pune,25-34,iOS,Returning
1361,2025-10-22,Jaipur,35-44,iOS,Power
1362,2025-04-25,Ahmedabad,18-24,Android,Returning
1363,2025-03-03,Delhi NCR,18-24,Android,Returning
1364,2025-08-20,Mumbai,18-24,Android,Power
1365,2025-04-28,Pune,18-24,Android,Returning
1366,2025-09-01,Delhi NCR,35-44,Web,Returning
1367,2025-05-13,Bangalore,35-44,iOS,Returning
1368,2025-05-23,Hyderabad,25-34,Android,Returning
1369,2026-01-31,Ahmedabad,35-44,Android,New
1370,2025-10-03,Bangalore,18-24,iOS,Returning
1371,2025-06-07,Pune,45+,Android,Power
1372,2025-05-09,Delhi NCR,45+,Android,Returning
1373,2026-02-18,Chennai,25-34,Android,New
1374,2025-09-18,Mumbai,18-24,Android,Power
1375,2025-11-08,Kolkata,35-44,Android,Power
1376,2025-08-26,Mumbai,25-34,Android,Returning
1377,2025-05-10,Chennai,35-44,iOS,Power
1378,2025-07-12,Mumbai,18-24,iOS,Power
1379,2025-07-17,Delhi NCR,25-34,Android,Power
1380,2025-04-25,Bangalore,25-34,Android,Returning
1381,2025-11-23,Bangalore,18-24,Web,Returning
1382,2026-01-05,Delhi NCR,25-34,iOS,Returning
1383,2025-11-10,Delhi NCR,18-24,Android,Returning
1384,2025-09-30,Chennai,25-34,Android,Power
1385,2025-06-28,Chennai,35-44,Android,Power
1386,2025-12-22,Mumbai,18-24,Android,Returning
1387,2025-04-23,Pune,35-44,Web,Returning
1388,2025-05-16,Mumbai,18-24,Android,Power
1389,2025-06-24,Hyderabad,25-34,iOS,Returning
1390,2026-01-24,Delhi NCR,45+,Android,Returning
1391,2025-07-05,Hyderabad,25-34,Web,Power
1392,2025-10-04,Delhi NCR,45+,Android,Returning
1393,2025-07-17,Lucknow,25-34,Android,Returning
1394,2025-06-30,Delhi NCR,25-34,iOS,Power
1395,2025-03-29,Delhi NCR,35-44,iOS,Power
1396,2025-08-12,Delhi NCR,18-24,iOS,Returning
1397,2025-09-28,Ahmedabad,18-24,iOS,Returning
1398,2025-12-18,Hyderabad,25-34,Android,Returning
1399,2025-08-12,Pune,35-44,Android,Returning
1400,2025-05-09,Ahmedabad,35-44,iOS,Power
1401,2026-02-12,Ahmedabad,18-24,iOS,New
1402,2025-10-23,Pune,45+,Android,Returning
1403,2025-07-27,Delhi NCR,35-44,iOS,Power
1404,2025-12-30,Kolkata,45+,Web,Returning
1405,2025-11-17,Delhi NCR,25-34,iOS,Power
1406,2026-01-18,Pune,25-34,Android,Returning
1407,2026-02-04,Chennai,35-44,Android,New
1408,2026-01-21,Pune,25-34,Android,Returning
1409,2025-05-14,Hyderabad,45+,Android,Power
1410,2025-10-21,Hyderabad,18-24,Android,Power
1411,2025-07-15,Jaipur,25-34,Android,Returning
1412,2025-11-13,Mumbai,45+,Android,Power
1413,2025-09-10,Delhi NCR,45+,Android,Returning
1414,2025-11-19,Hyderabad,18-24,Android,Power
1415,2025-03-12,Jaipur,18-24,Android,Returning
1416,2026-02-17,Mumbai,35-44,Android,New
1417,2025-05-30,Mumbai,45+,Android,Returning
1418,2025-11-20,Mumbai,25-34,Android,Returning
1419,2026-01-16,Mumbai,25-34,Web,Returning
1420,2025-04-30,Ahmedabad,35-44,iOS,Returning
1421,2026-02-12,Chennai,18-24,Android,New
1422,2025-04-05,Chennai,45+,Web,Power
1423,2026-01-03,Bangalore,25-34,Android,Returning
1424,2025-04-24,Pune,25-34,iOS,Power
1425,2025-05-02,Mumbai,25-34,Android,Returning
1426,2026-02-17,Bangalore,25-34,iOS,New
1427,2025-04-17,Bangalore,35-44,Android,Returning
1428,2025-12-11,Mumbai,45+,Android,Returning
1429,2025-07-28,Bangalore,25-34,Android,Power
1430,2025-03-27,Delhi NCR,35-44,Web,Returning
1431,2025-06-10,Mumbai,18-24,Android,Returning
1432,2025-10-03,Mumbai,35-44,Android,Returning
1433,2025-12-10,Pune,18-24,Android,Returning
1434,2025-07-29,Mumbai,18-24,iOS,Returning
1435,2025-08-15,Jaipur,18-24,Android,Returning
1436,2025-08-13,Mumbai,25-34,iOS,Power
1437,2026-02-04,Pune,45+,Android,New
1438,2025-12-02,Ahmedabad,25-34,iOS,Returning
1439,2025-06-06,Jaipur,18-24,Android,Returning
1440,2025-10-09,Kolkata,18-24,Android,Returning
1441,2026-01-01,Delhi NCR,25-34,Web,Returning
1442,2026-02-03,Delhi NCR,18-24,iOS,New
1443,2026-01-13,Bangalore,25-34,Web,Returning
1444,2025-05-17,Mumbai,25-34,iOS,Returning
1445,2025-06-08,Mumbai,45+,Android,Power
1446,2026-02-13,Kolkata,25-34,iOS,New
1447,2025-08-14,Hyderabad,18-24,iOS,Returning
1448,2025-05-23,Hyderabad,35-44,Android,Power
1449,2025-12-05,Ahmedabad,35-44,Android,Returning
1450,2025-06-24,Chennai,35-44,Android,Returning
1451,2025-06-04,Chennai,18-24,Android,Returning
1452,2025-03-31,Pune,25-34,Android,Returning
1453,2025-11-04,Mumbai,45+,Web,Returning
1454,2026-02-22,Delhi NCR,18-24,iOS,New
1455,2025-10-15,Jaipur,25-34,iOS,Returning
1456,2025-09-06,Ahmedabad,18-24,Android,Returning
1457,2025-04-07,Ahmedabad,25-34,Android,Returning
1458,2025-04-20,Bangalore,35-44,iOS,Returning
1459,2025-07-29,Kolkata,25-34,Android,Returning
1460,2025-12-09,Mumbai,35-44,iOS,Returning
1461,2025-07-21,Mumbai,25-34,Web,Returning
1462,2025-11-18,Bangalore,45+,Android,Returning
1463,2025-06-01,Bangalore,25-34,Android,Returning
1464,2026-02-15,Delhi NCR,18-24,Android,New
1465,2025-09-23,Delhi NCR,25-34,Android,Returning
1466,2025-09-30,Mumbai,35-44,Android,Returning
1467,2025-11-13,Bangalore,35-44,Web,Returning
1468,2025-08-25,Pune,25-34,Web,Returning
1469,2025-05-04,Chennai,25-34,Web,Returning
1470,2025-11-23,Mumbai,35-44,Web,Returning
1471,2025-10-21,Bangalore,35-44,Web,Power
1472,2025-05-12,Chennai,25-34,Web,Returning
1473,2025-09-11,Bangalore,35-44,iOS,Returning
1474,2025-08-30,Bangalore,25-34,Android,Power
1475,2025-03-02,Hyderabad,18-24,Android,Returning
1476,2026-01-21,Jaipur,18-24,Android,Returning
1477,2026-02-14,Mumbai,45+,Android,New
1478,2026-02-25,Bangalore,18-24,iOS,New
1479,2025-03-17,Bangalore,25-34,Android,Power
1480,2025-08-03,Hyderabad,45+,Android,Returning
1481,2025-09-21,Mumbai,18-24,Android,Returning
1482,2026-02-13,Mumbai,35-44,Android,New
1483,2025-11-13,Delhi NCR,35-44,Android,Returning
1484,2025-04-24,Jaipur,45+,Android,Power
1485,2025-07-17,Pune,18-24,Android,Returning
1486,2025-09-12,Chennai,25-34,Android,Power
1487,2026-01-26,Kolkata,45+,Android,Returning
1488,2025-06-23,Mumbai,18-24,Android,Returning
1489,2025-06-27,Kolkata,25-34,iOS,Returning
1490,2025-06-05,Hyderabad,35-44,Android,Returning
1491,2025-10-11,Delhi NCR,18-24,Android,Returning
1492,2025-05-31,Kolkata,45+,iOS,Power
1493,2025-11-25,Pune,25-34,Android,Power
1494,2025-07-17,Kolkata,18-24,Android,Returning
1495,2026-01-21,Mumbai,18-24,Web,Returning
1496,2025-05-03,Jaipur,18-24,iOS,Returning
1497,2026-01-31,Jaipur,18-24,Android,New
1498,2025-04-17,Delhi NCR,35-44,Web,Power
1499,2025-06-29,Mumbai,18-24,Web,Power
1500,2025-07-08,Mumbai,25-34,Android,Returning
1501,2025-08-28,Lucknow,45+,iOS,Power
1502,2025-06-02,Hyderabad,25-34,iOS,Returning
1503,2025-07-08,Delhi NCR,18-24,Android,Returning
1504,2025-07-05,Delhi NCR,45+,iOS,Returning
1505,2025-06-08,Delhi NCR,18-24,Android,Returning
1506,2025-03-07,Chennai,45+,iOS,Returning
1507,2025-03-26,Bangalore,35-44,iOS,Returning
1508,2025-12-26,Jaipur,35-44,Android,Returning
1509,2025-09-05,Chennai,35-44,Web,Returning
1510,2026-02-26,Pune,25-34,iOS,New
1511,2025-10-10,Delhi NCR,35-44,Web,Returning
1512,2025-09-24,Mumbai,35-44,Android,Returning
1513,2025-04-11,Bangalore,25-34,Android,Power
1514,2025-10-06,Delhi NCR,25-34,iOS,Returning
1515,2025-05-12,Delhi NCR,35-44,Android,Returning
1516,2025-09-29,Jaipur,25-34,Android,Power
1517,2025-08-20,Bangalore,35-44,iOS,Returning
1518,2025-12-18,Mumbai,25-34,Android,Returning
1519,2025-04-30,Delhi NCR,25-34,Android,Power
1520,2025-03-22,Delhi NCR,18-24,Android,Returning
1521,2025-10-12,Lucknow,18-24,Android,Power
1522,2025-08-26,Delhi NCR,25-34,Android,Returning
1523,2025-05-12,Delhi NCR,25-34,Android,Returning
1524,2025-12-30,Chennai,25-34,Android,Returning
1525,2025-08-15,Delhi NCR,35-44,iOS,Returning
1526,2025-05-10,Delhi NCR,25-34,Android,Power
1527,2025-04-16,Mumbai,35-44,iOS,Returning
1528,2025-05-03,Delhi NCR,18-24,Android,Returning
1529,2025-03-22,Mumbai,25-34,iOS,Power
1530,2026-02-18,Mumbai,18-24,Web,New
1531,2025-12-29,Pune,25-34,iOS,Returning
1532,2025-04-02,Mumbai,18-24,iOS,Power
1533,2025-07-18,Pune,25-34,Android,Returning
1534,2025-09-29,Pune,25-34,Android,Returning
1535,2025-08-14,Hyderabad,18-24,Web,Returning
1536,2026-01-08,Delhi NCR,25-34,iOS,Returning
1537,2025-06-14,Mumbai,45+,Android,Power
1538,2026-01-01,Pune,18-24,Web,Returning
1539,2025-12-19,Hyderabad,35-44,Android,Returning
1540,2025-10-04,Chennai,25-34,iOS,Power
1541,2025-03-17,Mumbai,25-34,Android,Returning
1542,2025-12-28,Ahmedabad,18-24,iOS,Returning
1543,2025-04-25,Mumbai,18-24,Android,Returning
1544,2025-07-01,Delhi NCR,35-44,Web,Returning
1545,2025-04-05,Bangalore,18-24,iOS,Returning
1546,2025-11-14,Mumbai,18-24,Android,Returning
1547,2025-07-18,Bangalore,25-34,iOS,Power
1548,2025-04-22,Pune,25-34,iOS,Power
1549,2025-07-26,Kolkata,35-44,Android,Power
1550,2025-07-03,Kolkata,25-34,Android,Returning
1551,2025-06-15,Bangalore,25-34,Android,Returning
1552,2025-06-12,Hyderabad,25-34,Android,Returning
1553,2026-02-24,Mumbai,18-24,iOS,New
1554,2025-06-13,Bangalore,25-34,Android,Power
1555,2026-01-06,Mumbai,25-34,Android,Returning
1556,2026-01-13,Delhi NCR,25-34,Android,Returning
1557,2025-07-29,Delhi NCR,35-44,Web,Power
1558,2025-09-05,Bangalore,25-34,iOS,Returning
1559,2026-02-20,Hyderabad,18-24,iOS,New
1560,2025-11-22,Ahmedabad,18-24,Android,Returning
1561,2026-02-09,Bangalore,25-34,Android,New
1562,2025-07-03,Lucknow,35-44,Android,Returning
1563,2025-12-30,Pune,18-24,iOS,Returning
1564,2025-09-04,Bangalore,45+,Android,Returning
1565,2025-03-28,Hyderabad,25-34,Android,Returning
1566,2025-12-29,Mumbai,25-34,Web,Returning
1567,2025-10-07,Kolkata,25-34,Android,Power
1568,2025-07-28,Hyderabad,18-24,Web,Returning
1569,2026-02-26,Lucknow,25-34,Web,New
1570,2025-09-22,Hyderabad,25-34,Android,Power
1571,2025-07-17,Kolkata,18-24,Web,Power
1572,2025-06-05,Pune,35-44,Android,Returning
1573,2025-11-01,Delhi NCR,35-44,Web,Returning
1574,2025-12-02,Delhi NCR,18-24,Android,Returning
1575,2025-04-06,Bangalore,25-34,iOS,Power
1576,2025-12-23,Bangalore,18-24,iOS,Returning
1577,2025-03-09,Delhi NCR,35-44,Android,Power
1578,2025-11-23,Ahmedabad,25-34,iOS,Returning
1579,2025-06-07,Hyderabad,25-34,Web,Returning
1580,2025-11-16,Lucknow,25-34,Web,Returning
1581,2025-04-12,Kolkata,25-34,iOS,Power
1582,2025-10-29,Hyderabad,35-44,iOS,Returning
1583,2026-01-31,Jaipur,35-44,Android,New
1584,2025-10-15,Bangalore,25-34,iOS,Power
1585,2025-08-18,Ahmedabad,25-34,iOS,Returning
1586,2025-07-18,Delhi NCR,25-34,iOS,Power
1587,2025-04-03,Delhi NCR,18-24,iOS,Power
1588,2025-09-12,Bangalore,18-24,Android,Power
1589,2026-02-20,Hyderabad,25-34,Android,New
1590,2026-01-20,Hyderabad,35-44,Android,Returning
1591,2026-02-04,Bangalore,45+,iOS,New
1592,2025-06-13,Delhi NCR,18-24,Android,Power
1593,2025-07-18,Ahmedabad,25-34,iOS,Power
1594,2025-10-28,Hyderabad,18-24,Android,Returning
1595,2026-01-22,Bangalore,35-44,Android,Returning
1596,2025-04-07,Chennai,35-44,Android,Power
1597,2025-06-23,Pune,18-24,Android,Returning
1598,2025-09-06,Jaipur,35-44,Android,Returning
1599,2025-12-01,Bangalore,35-44,iOS,Power
1600,2026-01-23,Mumbai,18-24,Android,Returning
1601,2025-04-19,Bangalore,25-34,Android,Returning
1602,2025-09-06,Bangalore,25-34,Web,Returning
1603,2025-05-21,Ahmedabad,18-24,Android,Power
1604,2025-12-10,Bangalore,25-34,iOS,Returning
1605,2025-11-07,Jaipur,18-24,Web,Returning
1606,2026-01-20,Bangalore,25-34,Android,Returning
1607,2025-05-04,Lucknow,35-44,Android,Returning
1608,2025-07-20,Mumbai,25-34,Android,Returning
1609,2025-04-17,Ahmedabad,18-24,Android,Power
1610,2025-03-17,Jaipur,18-24,Android,Returning
1611,2025-11-06,Jaipur,25-34,Android,Returning
1612,2025-08-27,Mumbai,25-34,Android,Power
1613,2025-04-12,Mumbai,25-34,iOS,Returning
1614,2026-01-04,Chennai,18-24,Android,Returning
1615,2026-01-20,Mumbai,35-44,iOS,Returning
1616,2025-03-12,Mumbai,35-44,iOS,Returning
1617,2026-01-20,Delhi NCR,35-44,Android,Returning
1618,2025-03-19,Bangalore,25-34,Android,Returning
1619,2025-07-07,Hyderabad,25-34,Android,Power
1620,2025-05-16,Mumbai,18-24,iOS,Power
1621,2025-06-12,Mumbai,35-44,Android,Power
1622,2025-07-28,Bangalore,18-24,iOS,Power
1623,2025-10-05,Hyderabad,35-44,iOS,Returning
1624,2025-03-30,Mumbai,25-34,iOS,Returning
1625,2025-09-14,Bangalore,35-44,Android,Returning
1626,2025-11-29,Ahmedabad,35-44,iOS,Returning
1627,2025-03-13,Lucknow,25-34,Android,Returning
1628,2026-01-01,Lucknow,45+,Android,Returning
1629,2026-01-01,Ahmedabad,18-24,Android,Returning
1630,2025-05-01,Bangalore,45+,iOS,Returning
1631,2025-09-13,Chennai,35-44,Web,Returning
1632,2025-06-05,Bangalore,45+,Android,Returning
1633,2025-03-03,Hyderabad,18-24,Android,Returning
1634,2026-01-15,Delhi NCR,18-24,Android,Returning
1635,2025-03-21,Hyderabad,35-44,iOS,Returning
1636,2025-09-01,Bangalore,45+,Android,Returning
1637,2025-09-12,Mumbai,18-24,Android,Returning
1638,2025-03-10,Pune,18-24,iOS,Returning
1639,2025-08-22,Mumbai,18-24,iOS,Returning
1640,2025-09-27,Delhi NCR,35-44,Android,Power
1641,2025-08-25,Mumbai,35-44,iOS,Returning
1642,2026-02-22,Delhi NCR,25-34,Android,New
1643,2025-10-19,Mumbai,18-24,Android,Power
1644,2025-07-09,Ahmedabad,25-34,Android,Returning
1645,2026-01-15,Bangalore,18-24,Web,Returning
1646,2025-04-21,Bangalore,35-44,Web,Returning
1647,2025-06-25,Delhi NCR,25-34,Android,Returning
1648,2026-01-29,Hyderabad,25-34,iOS,Returning
1649,2026-02-06,Pune,35-44,iOS,New
1650,2025-09-22,Hyderabad,25-34,Web,Power
1651,2025-03-03,Pune,25-34,Web,Power
1652,2025-09-24,Ahmedabad,35-44,iOS,Returning
1653,2026-01-21,Kolkata,18-24,Android,Returning
1654,2025-12-09,Chennai,35-44,Android,Returning
1655,2025-03-10,Delhi NCR,18-24,iOS,Power
1656,2025-06-16,Hyderabad,35-44,Web,Returning
1657,2025-08-07,Bangalore,18-24,Android,Returning
1658,2025-12-14,Chennai,18-24,iOS,Returning
1659,2026-02-17,Kolkata,25-34,iOS,New
1660,2025-05-10,Pune,45+,Android,Returning
1661,2025-07-20,Kolkata,45+,iOS,Returning
1662,2026-02-16,Mumbai,18-24,Android,New
1663,2026-01-14,Mumbai,18-24,iOS,Returning
1664,2025-09-27,Delhi NCR,25-34,iOS,Power
1665,2025-11-08,Ahmedabad,25-34,Web,Returning
1666,2025-07-11,Kolkata,35-44,Web,Returning
1667,2026-02-12,Chennai,25-34,Android,New
1668,2025-03-06,Chennai,35-44,Android,Returning
1669,2025-07-21,Chennai,35-44,iOS,Returning
1670,2025-03-12,Jaipur,25-34,iOS,Power
1671,2025-08-25,Kolkata,35-44,iOS,Returning
1672,2025-03-22,Hyderabad,18-24,Android,Returning
1673,2025-09-19,Chennai,18-24,iOS,Returning
1674,2025-04-09,Delhi NCR,35-44,Android,Returning
1675,2025-12-17,Chennai,18-24,Android,Returning
1676,2025-07-11,Bangalore,18-24,Android,Returning
1677,2025-07-20,Mumbai,45+,Web,Returning
1678,2025-04-16,Pune,25-34,Android,Returning
1679,2025-12-31,Bangalore,25-34,Web,Returning
1680,2025-03-31,Lucknow,35-44,iOS,Power
1681,2025-07-22,Delhi NCR,25-34,Android,Returning
1682,2026-01-23,Bangalore,45+,iOS,Returning
1683,2025-05-27,Bangalore,18-24,Android,Power
1684,2025-08-17,Mumbai,25-34,iOS,Returning
1685,2025-03-14,Bangalore,35-44,Android,Power
1686,2025-07-02,Delhi NCR,25-34,iOS,Power
1687,2025-04-11,Mumbai,35-44,Android,Returning
1688,2025-07-25,Delhi NCR,45+,Android,Returning
1689,2025-08-21,Delhi NCR,35-44,Android,Returning
1690,2026-02-12,Pune,25-34,Android,New
1691,2026-02-17,Mumbai,25-34,Web,New
1692,2025-08-20,Hyderabad,45+,Android,Returning
1693,2026-02-07,Pune,25-34,iOS,New
1694,2025-11-01,Bangalore,25-34,Android,Power
1695,2025-08-03,Jaipur,25-34,Android,Returning
1696,2025-04-29,Chennai,18-24,iOS,Returning
1697,2025-06-04,Pune,18-24,iOS,Power
1698,2025-08-21,Delhi NCR,45+,Android,Returning
1699,2025-09-07,Pune,25-34,Android,Power
1700,2025-05-20,Kolkata,18-24,iOS,Returning
1701,2025-08-09,Delhi NCR,35-44,Android,Returning
1702,2025-09-18,Delhi NCR,25-34,Android,Returning
1703,2025-06-23,Bangalore,35-44,Android,Returning
1704,2025-07-17,Pune,18-24,Android,Power
1705,2026-02-22,Bangalore,45+,Web,New
1706,2026-01-31,Pune,25-34,iOS,New
1707,2026-01-27,Mumbai,35-44,Android,Returning
1708,2025-10-18,Pune,18-24,Web,Returning
1709,2025-12-12,Delhi NCR,25-34,Web,Returning
1710,2026-01-02,Delhi NCR,18-24,Android,Returning
1711,2026-02-03,Hyderabad,45+,Web,New
1712,2025-07-18,Mumbai,18-24,Android,Returning
1713,2025-05-20,Mumbai,35-44,Web,Power
1714,2026-02-25,Delhi NCR,18-24,Android,New
1715,2025-11-22,Hyderabad,18-24,iOS,Returning
1716,2026-01-21,Ahmedabad,25-34,Android,Returning
1717,2025-06-03,Kolkata,35-44,Web,Returning
1718,2025-05-20,Bangalore,35-44,Android,Power
1719,2025-09-25,Mumbai,45+,Android,Returning
1720,2025-12-16,Hyderabad,45+,iOS,Returning
1721,2025-05-17,Chennai,18-24,iOS,Power
1722,2025-10-22,Delhi NCR,35-44,iOS,Power
1723,2025-09-07,Mumbai,25-34,iOS,Returning
1724,2025-12-07,Delhi NCR,35-44,iOS,Returning
1725,2026-02-07,Pune,18-24,Android,New
1726,2026-02-02,Delhi NCR,35-44,Android,New
1727,2025-08-18,Kolkata,18-24,Android,Power
1728,2025-03-29,Delhi NCR,25-34,Web,Returning
1729,2025-07-08,Mumbai,18-24,Android,Returning
1730,2025-11-29,Bangalore,18-24,Android,Returning
1731,2026-02-08,Bangalore,25-34,iOS,New
1732,2025-05-02,Mumbai,35-44,Android,Returning
1733,2025-03-09,Mumbai,35-44,Android,Power
1734,2025-12-07,Delhi NCR,18-24,iOS,Returning
1735,2025-06-12,Mumbai,18-24,Android,Returning
1736,2025-10-05,Delhi NCR,25-34,iOS,Returning
1737,2025-06-17,Jaipur,35-44,Android,Returning
1738,2026-01-02,Bangalore,18-24,Android,Returning
1739,2026-02-14,Hyderabad,25-34,Web,New
1740,2025-09-20,Delhi NCR,18-24,Android,Returning
1741,2025-09-19,Delhi NCR,25-34,Android,Returning
1742,2025-04-15,Mumbai,18-24,Web,Power
1743,2025-05-24,Bangalore,18-24,Android,Power
1744,2025-05-25,Bangalore,18-24,Android,Power
1745,2026-02-17,Mumbai,18-24,Android,New
1746,2025-05-31,Pune,18-24,iOS,Returning
1747,2025-06-03,Bangalore,25-34,Android,Power
1748,2025-08-05,Delhi NCR,18-24,iOS,Returning
1749,2026-02-02,Mumbai,18-24,Android,New
1750,2025-12-19,Hyderabad,18-24,Android,Returning
1751,2025-12-31,Pune,35-44,iOS,Returning
1752,2025-10-07,Delhi NCR,25-34,Android,Returning
1753,2025-11-28,Delhi NCR,35-44,Android,Returning
1754,2025-04-26,Bangalore,25-34,iOS,Power
1755,2026-02-21,Mumbai,18-24,Web,New
1756,2025-12-12,Chennai,18-24,Android,Returning
1757,2026-02-02,Hyderabad,25-34,Android,New
1758,2025-09-08,Mumbai,25-34,Android,Returning
1759,2026-01-10,Mumbai,35-44,iOS,Returning
1760,2025-08-14,Hyderabad,35-44,Web,Returning
1761,2025-03-17,Delhi NCR,25-34,Web,Returning
1762,2025-09-01,Mumbai,25-34,Android,Returning
1763,2026-02-05,Pune,18-24,Android,New
1764,2025-04-19,Delhi NCR,18-24,Android,Power
1765,2026-01-14,Bangalore,45+,Android,Returning
1766,2026-02-14,Delhi NCR,18-24,iOS,New
1767,2025-09-29,Hyderabad,45+,Android,Power
1768,2025-07-22,Delhi NCR,25-34,iOS,Returning
1769,2025-08-07,Jaipur,25-34,Web,Returning
1770,2025-06-01,Chennai,18-24,Android,Power
1771,2025-07-08,Mumbai,25-34,iOS,Returning
1772,2025-03-26,Bangalore,25-34,Android,Power
1773,2025-07-16,Bangalore,25-34,Android,Returning
1774,2026-02-20,Hyderabad,18-24,Android,New
1775,2025-09-16,Kolkata,18-24,Android,Power
1776,2025-04-16,Hyderabad,25-34,Android,Returning
1777,2025-07-30,Mumbai,25-34,iOS,Power
1778,2025-11-04,Chennai,35-44,iOS,Returning
1779,2025-03-22,Mumbai,35-44,Android,Returning
1780,2025-12-19,Pune,25-34,Web,Returning
1781,2025-12-27,Chennai,25-34,iOS,Returning
1782,2025-08-08,Delhi NCR,18-24,iOS,Power
1783,2025-08-04,Delhi NCR,35-44,Android,Returning
1784,2025-12-19,Pune,18-24,Android,Returning
1785,2025-05-28,Pune,18-24,iOS,Returning
1786,2025-05-31,Delhi NCR,18-24,Web,Power
1787,2025-04-15,Delhi NCR,35-44,Android,Returning
1788,2025-03-28,Hyderabad,18-24,iOS,Returning
1789,2025-11-26,Mumbai,18-24,Android,Returning
1790,2025-09-16,Mumbai,25-34,iOS,Returning
1791,2026-01-28,Mumbai,18-24,Android,Returning
1792,2026-02-18,Delhi NCR,35-44,iOS,New
1793,2025-05-04,Bangalore,25-34,iOS,Returning
1794,2025-07-27,Lucknow,45+,Android,Power
1795,2025-05-16,Chennai,18-24,Android,Returning
1796,2025-11-19,Mumbai,18-24,Web,Power
1797,2025-06-07,Bangalore,35-44,Android,Power
1798,2025-07-30,Bangalore,25-34,iOS,Returning
1799,2025-09-03,Mumbai,18-24,iOS,Power
1800,2025-12-03,Ahmedabad,25-34,Web,Returning
1801,2026-01-19,Bangalore,35-44,Android,Returning
1802,2025-12-15,Lucknow,18-24,Web,Returning
1803,2026-01-14,Bangalore,35-44,Android,Returning
1804,2025-09-22,Hyderabad,18-24,Android,Returning
1805,2025-12-11,Mumbai,45+,iOS,Returning
1806,2025-04-25,Bangalore,25-34,Web,Returning
1807,2025-12-05,Delhi NCR,18-24,Android,Returning
1808,2025-11-29,Kolkata,25-34,Android,Returning
1809,2025-10-04,Pune,45+,Android,Returning
1810,2025-09-21,Kolkata,35-44,Android,Returning
1811,2025-08-11,Chennai,25-34,Web,Power
1812,2025-07-02,Kolkata,25-34,iOS,Power
1813,2025-03-13,Delhi NCR,25-34,iOS,Returning
1814,2026-02-27,Bangalore,18-24,Android,New
1815,2025-07-19,Chennai,18-24,Android,Returning
1816,2025-05-16,Hyderabad,25-34,iOS,Power
1817,2025-07-11,Chennai,25-34,Android,Returning
1818,2025-12-14,Delhi NCR,18-24,iOS,Returning
1819,2025-11-05,Mumbai,35-44,Android,Power
1820,2025-09-28,Ahmedabad,25-34,Android,Returning
1821,2025-11-18,Hyderabad,25-34,Web,Power
1822,2025-08-19,Mumbai,18-24,iOS,Power
1823,2025-09-16,Pune,25-34,Android,Returning
1824,2025-03-07,Ahmedabad,25-34,Web,Returning
1825,2025-12-01,Mumbai,25-34,iOS,Returning
1826,2025-09-08,Kolkata,18-24,iOS,Returning
1827,2025-10-30,Jaipur,25-34,Android,Power
1828,2025-10-09,Jaipur,45+,Android,Returning
1829,2025-11-15,Ahmedabad,25-34,iOS,Returning
1830,2025-04-30,Hyderabad,18-24,Android,Returning
1831,2025-03-06,Delhi NCR,35-44,Android,Power
1832,2025-04-18,Mumbai,18-24,Android,Returning
1833,2025-10-29,Mumbai,18-24,Android,Returning
1834,2026-02-20,Bangalore,18-24,iOS,New
1835,2025-06-12,Bangalore,18-24,Android,Power
1836,2025-12-18,Delhi NCR,25-34,Android,Returning
1837,2025-03-07,Bangalore,18-24,Web,Returning
1838,2025-07-21,Mumbai,35-44,Android,Power
1839,2026-01-19,Kolkata,25-34,Android,Returning
1840,2025-08-09,Delhi NCR,25-34,Android,Power
1841,2025-06-10,Hyderabad,25-34,Android,Returning
1842,2025-04-07,Bangalore,25-34,Android,Returning
1843,2025-09-04,Mumbai,25-34,iOS,Returning
1844,2025-03-18,Jaipur,35-44,iOS,Returning
1845,2025-04-17,Bangalore,35-44,Web,Returning
1846,2025-12-07,Delhi NCR,25-34,iOS,Returning
1847,2025-04-17,Mumbai,25-34,Web,Returning
1848,2025-11-10,Delhi NCR,35-44,Web,Returning
1849,2025-06-23,Mumbai,25-34,iOS,Returning
1850,2026-02-22,Delhi NCR,18-24,Web,New
1851,2025-12-07,Hyderabad,18-24,iOS,Returning
1852,2025-08-05,Kolkata,45+,Android,Power
1853,2025-04-21,Chennai,18-24,Android,Returning
1854,2026-02-07,Mumbai,35-44,Android,New
1855,2026-02-26,Mumbai,18-24,Web,New
1856,2025-10-25,Bangalore,25-34,iOS,Power
1857,2025-05-08,Delhi NCR,25-34,iOS,Power
1858,2025-08-25,Mumbai,18-24,Android,Power
1859,2025-03-04,Pune,35-44,Android,Returning
1860,2026-02-15,Mumbai,25-34,Android,New
1861,2026-02-17,Kolkata,25-34,Web,New
1862,2025-12-04,Mumbai,25-34,Web,Returning
1863,2026-02-17,Lucknow,18-24,iOS,New
1864,2026-02-04,Hyderabad,25-34,Android,New
1865,2025-05-04,Pune,18-24,Android,Returning
1866,2025-07-01,Mumbai,25-34,Android,Returning
1867,2025-10-30,Kolkata,45+,Android,Power
1868,2025-10-05,Kolkata,25-34,iOS,Returning
1869,2026-01-05,Chennai,35-44,Android,Returning
1870,2025-07-06,Bangalore,25-34,Android,Returning
1871,2025-03-10,Chennai,18-24,iOS,Power
1872,2025-09-09,Mumbai,25-34,Android,Returning
1873,2025-07-23,Hyderabad,35-44,Android,Returning
1874,2025-11-02,Kolkata,18-24,Web,Returning
1875,2025-04-26,Delhi NCR,35-44,Android,Returning
1876,2025-08-30,Mumbai,25-34,iOS,Power
1877,2025-05-17,Bangalore,18-24,Android,Returning
1878,2025-04-28,Chennai,25-34,iOS,Power
1879,2025-05-05,Mumbai,25-34,Android,Returning
1880,2025-12-09,Delhi NCR,18-24,iOS,Returning
1881,2025-08-02,Mumbai,35-44,Android,Returning
1882,2025-10-02,Pune,35-44,Android,Power
1883,2026-01-23,Mumbai,35-44,Android,Returning
1884,2025-03-14,Chennai,35-44,Web,Power
1885,2025-04-23,Delhi NCR,45+,Android,Power
1886,2025-03-05,Pune,45+,iOS,Returning
1887,2026-01-01,Jaipur,18-24,iOS,Returning
1888,2025-10-21,Mumbai,25-34,Android,Power
1889,2025-08-11,Delhi NCR,18-24,Android,Power
1890,2025-07-01,Kolkata,25-34,Android,Power
1891,2026-01-25,Delhi NCR,45+,iOS,Returning
1892,2025-11-28,Delhi NCR,18-24,Android,Returning
1893,2025-08-06,Kolkata,25-34,Web,Returning
1894,2025-03-13,Lucknow,25-34,iOS,Returning
1895,2025-04-03,Hyderabad,18-24,iOS,Returning
1896,2025-04-30,Delhi NCR,18-24,Android,Returning
1897,2025-03-16,Bangalore,25-34,iOS,Returning
1898,2025-07-31,Mumbai,18-24,Android,Power
1899,2025-09-23,Pune,25-34,Android,Returning
1900,2026-02-05,Pune,25-34,iOS,New
1901,2025-05-12,Kolkata,25-34,iOS,Returning
1902,2026-02-25,Mumbai,18-24,Android,New
1903,2025-07-24,Hyderabad,25-34,iOS,Returning
1904,2025-03-02,Delhi NCR,18-24,Android,Returning
1905,2026-02-09,Delhi NCR,35-44,Web,New
1906,2025-09-30,Pune,25-34,Android,Returning
1907,2026-01-10,Delhi NCR,35-44,Android,Returning
1908,2025-09-05,Hyderabad,35-44,iOS,Returning
1909,2025-11-25,Chennai,35-44,iOS,Returning
1910,2025-11-16,Jaipur,25-34,iOS,Returning
1911,2025-06-24,Pune,18-24,iOS,Returning
1912,2025-11-04,Pune,25-34,Web,Returning
1913,2025-03-12,Hyderabad,18-24,iOS,Returning
1914,2025-07-16,Delhi NCR,45+,iOS,Returning
1915,2025-12-25,Bangalore,25-34,iOS,Returning
1916,2025-03-31,Hyderabad,45+,Web,Power
1917,2025-06-12,Chennai,35-44,Android,Returning
1918,2025-05-10,Hyderabad,18-24,iOS,Returning
1919,2025-07-01,Bangalore,25-34,iOS,Returning
1920,2025-08-27,Delhi NCR,18-24,Android,Returning
1921,2025-06-28,Mumbai,18-24,Android,Returning
1922,2025-10-27,Chennai,18-24,Android,Returning
1923,2025-06-06,Hyderabad,45+,Android,Power
1924,2025-10-21,Chennai,25-34,Web,Returning
1925,2025-07-07,Delhi NCR,25-34,Android,Power
1926,2026-02-11,Delhi NCR,18-24,iOS,New
1927,2026-01-20,Pune,25-34,Android,Returning
1928,2026-02-08,Pune,25-34,iOS,New
1929,2025-07-19,Bangalore,25-34,Android,Returning
1930,2025-03-11,Hyderabad,18-24,Android,Returning
1931,2025-05-23,Delhi NCR,25-34,Web,Returning
1932,2026-02-21,Chennai,25-34,Android,New
1933,2025-11-21,Kolkata,18-24,Android,Returning
1934,2025-07-04,Chennai,45+,Android,Power
1935,2025-12-04,Bangalore,18-24,Android,Returning
1936,2025-05-07,Bangalore,25-34,Android,Returning
1937,2026-02-15,Hyderabad,18-24,Android,New
1938,2025-04-01,Chennai,18-24,Android,Power
1939,2026-02-27,Hyderabad,45+,iOS,New
1940,2025-05-12,Hyderabad,35-44,iOS,Returning
1941,2025-04-10,Mumbai,25-34,iOS,Returning
1942,2026-01-19,Jaipur,35-44,Android,Returning
1943,2025-04-17,Pune,35-44,Web,Returning
1944,2025-04-19,Delhi NCR,25-34,Android,Power
1945,2025-11-10,Hyderabad,35-44,Web,Returning
1946,2026-02-15,Mumbai,25-34,Android,New
1947,2025-07-13,Mumbai,25-34,Web,Returning
1948,2025-12-07,Delhi NCR,35-44,iOS,Returning
1949,2025-10-22,Chennai,18-24,Android,Returning
1950,2025-07-13,Kolkata,35-44,Web,Power
1951,2025-04-09,Hyderabad,18-24,Android,Power
1952,2025-10-07,Hyderabad,35-44,iOS,Returning
1953,2025-03-21,Bangalore,25-34,Web,Power
1954,2026-02-01,Mumbai,25-34,Android,New
1955,2025-12-25,Mumbai,18-24,Android,Returning
1956,2025-09-19,Pune,35-44,iOS,Returning
1957,2025-07-15,Ahmedabad,18-24,iOS,Returning
1958,2025-06-13,Bangalore,25-34,Web,Returning
1959,2025-09-18,Chennai,25-34,iOS,Power
1960,2025-05-04,Ahmedabad,18-24,Android,Power
1961,2025-05-02,Mumbai,45+,iOS,Returning
1962,2025-05-18,Pune,18-24,Web,Returning
1963,2026-02-19,Hyderabad,25-34,Android,New
1964,2025-08-18,Hyderabad,25-34,Android,Power
1965,2025-11-03,Delhi NCR,18-24,Android,Returning
1966,2025-06-04,Chennai,18-24,Web,Returning
1967,2025-12-11,Pune,35-44,Android,Returning
1968,2025-11-28,Mumbai,45+,Web,Returning
1969,2025-06-08,Hyderabad,18-24,Web,Power
1970,2025-04-03,Mumbai,18-24,Android,Returning
1971,2025-03-16,Kolkata,45+,Android,Returning
1972,2025-03-05,Bangalore,18-24,Android,Returning
1973,2025-06-17,Pune,25-34,Android,Returning
1974,2025-10-19,Delhi NCR,25-34,Android,Power
1975,2025-05-29,Mumbai,18-24,iOS,Power
1976,2025-06-10,Mumbai,25-34,iOS,Returning
1977,2025-09-11,Delhi NCR,45+,Web,Power
1978,2026-02-28,Delhi NCR,25-34,Android,New
1979,2025-04-22,Hyderabad,35-44,Android,Returning
1980,2025-12-27,Mumbai,25-34,iOS,Returning
1981,2025-05-21,Bangalore,25-34,Android,Returning
1982,2025-10-31,Bangalore,18-24,Android,Power
1983,2025-11-14,Hyderabad,35-44,iOS,Returning
1984,2025-09-07,Chennai,25-34,Web,Returning
1985,2025-08-09,Hyderabad,18-24,Android,Returning
1986,2025-09-17,Lucknow,45+,Android,Returning
1987,2025-04-30,Mumbai,35-44,Web,Returning
1988,2025-11-01,Bangalore,45+,Android,Power
1989,2026-01-16,Bangalore,18-24,Android,Returning
1990,2025-04-23,Bangalore,35-44,iOS,Returning
1991,2025-09-26,Chennai,25-34,Android,Returning
1992,2025-08-06,Bangalore,45+,iOS,Power
1993,2025-11-13,Bangalore,45+,Android,Power
1994,2025-06-23,Bangalore,45+,Web,Returning
1995,2025-04-01,Lucknow,45+,iOS,Returning
1996,2025-10-22,Ahmedabad,18-24,Android,Power
1997,2025-05-12,Delhi NCR,35-44,Android,Power
1998,2026-02-09,Mumbai,18-24,iOS,New
1999,2025-05-23,Kolkata,35-44,Android,Power
2000,2025-05-20,Lucknow,45+,iOS,Returning
2001,2026-02-28,Delhi NCR,18-24,Android,New
2002,2025-11-02,Delhi NCR,25-34,Android,Returning
2003,2026-01-25,Jaipur,35-44,Android,Returning
2004,2025-08-15,Chennai,18-24,Android,Returning
2005,2025-06-29,Delhi NCR,18-24,Android,Returning
2006,2026-01-01,Hyderabad,18-24,iOS,Returning
2007,2025-04-10,Jaipur,18-24,iOS,Returning
2008,2025-09-21,Kolkata,25-34,iOS,Returning
2009,2025-09-03,Pune,25-34,Android,Returning
2010,2025-08-07,Pune,18-24,Android,Power
2011,2026-02-17,Mumbai,45+,Android,New
2012,2025-05-29,Kolkata,25-34,Android,Returning
2013,2025-09-01,Delhi NCR,25-34,iOS,Power
2014,2025-07-02,Jaipur,18-24,iOS,Returning
2015,2025-07-28,Delhi NCR,25-34,Android,Power
2016,2025-06-23,Kolkata,25-34,iOS,Returning
2017,2025-05-06,Delhi NCR,35-44,Android,Returning
2018,2025-10-26,Bangalore,25-34,Web,Power
2019,2025-07-27,Mumbai,18-24,Web,Power
2020,2025-04-29,Chennai,45+,Android,Returning
2021,2025-05-20,Kolkata,25-34,Android,Returning
2022,2025-08-28,Chennai,25-34,iOS,Returning
2023,2026-01-21,Bangalore,45+,Android,Returning
2024,2025-07-21,Mumbai,25-34,Web,Returning
2025,2025-08-29,Jaipur,35-44,iOS,Returning
2026,2025-09-04,Chennai,25-34,iOS,Returning
2027,2025-05-11,Pune,18-24,Android,Returning
2028,2025-03-26,Pune,45+,Android,Power
2029,2025-10-01,Pune,25-34,Android,Returning
2030,2025-10-26,Bangalore,25-34,Android,Power
2031,2025-05-04,Pune,45+,Android,Returning
2032,2025-04-27,Hyderabad,25-34,Web,Returning
2033,2025-03-30,Kolkata,35-44,Android,Returning
2034,2025-07-10,Pune,35-44,Web,Returning
2035,2026-02-21,Mumbai,18-24,iOS,New
2036,2025-03-25,Delhi NCR,18-24,iOS,Returning
2037,2025-10-23,Mumbai,18-24,Android,Power
2038,2025-06-10,Mumbai,35-44,Android,Returning
2039,2025-09-25,Hyderabad,18-24,Android,Power
2040,2025-03-14,Kolkata,25-34,Web,Returning
2041,2025-03-08,Mumbai,18-24,Web,Returning
2042,2026-02-24,Bangalore,25-34,Android,New
2043,2025-12-05,Ahmedabad,25-34,Android,Returning
2044,2025-09-07,Kolkata,45+,Android,Returning
2045,2025-05-15,Bangalore,25-34,Android,Power
2046,2025-08-20,Pune,25-34,iOS,Returning
2047,2025-04-24,Bangalore,35-44,iOS,Power
2048,2025-11-02,Mumbai,25-34,iOS,Power
2049,2025-07-26,Mumbai,45+,iOS,Power
2050,2025-11-07,Delhi NCR,25-34,Android,Power
2051,2025-10-07,Delhi NCR,25-34,Android,Power
2052,2026-02-03,Jaipur,45+,iOS,New
2053,2025-10-16,Pune,25-34,Web,Power
2054,2025-05-02,Bangalore,18-24,Android,Power
2055,2025-07-12,Bangalore,18-24,Android,Returning
2056,2025-12-15,Delhi NCR,45+,Android,Returning
2057,2025-04-07,Chennai,35-44,iOS,Returning
2058,2025-03-21,Pune,25-34,Android,Returning
2059,2025-05-03,Delhi NCR,35-44,iOS,Returning
2060,2025-05-16,Mumbai,25-34,Android,Power
2061,2026-02-28,Hyderabad,25-34,iOS,New
2062,2025-10-05,Hyderabad,35-44,Android,Returning
2063,2025-05-18,Bangalore,35-44,Android,Power
2064,2025-10-10,Hyderabad,25-34,Android,Returning
2065,2026-01-07,Hyderabad,18-24,Android,Returning
2066,2025-05-01,Delhi NCR,18-24,iOS,Returning
2067,2025-12-22,Bangalore,35-44,iOS,Returning
2068,2025-03-05,Bangalore,35-44,Android,Returning
2069,2025-12-01,Ahmedabad,25-34,Android,Returning
2070,2025-07-24,Jaipur,35-44,Android,Returning
2071,2025-08-21,Ahmedabad,35-44,iOS,Power
2072,2025-12-28,Chennai,35-44,Android,Returning
2073,2025-12-18,Hyderabad,18-24,Web,Returning
2074,2025-09-21,Chennai,25-34,iOS,Returning
2075,2025-09-13,Jaipur,25-34,iOS,Returning
2076,2025-12-02,Delhi NCR,18-24,Android,Returning
2077,2025-09-06,Hyderabad,35-44,Android,Returning
2078,2025-06-05,Chennai,45+,iOS,Returning
2079,2025-12-18,Chennai,25-34,Android,Returning
2080,2025-06-29,Delhi NCR,45+,Android,Returning
2081,2025-12-14,Hyderabad,25-34,iOS,Returning
2082,2025-09-23,Pune,25-34,Android,Returning
2083,2025-04-11,Bangalore,25-34,Android,Returning
2084,2025-11-23,Pune,18-24,iOS,Returning
2085,2025-11-19,Delhi NCR,25-34,Web,Returning
2086,2025-10-20,Jaipur,25-34,Android,Returning
2087,2025-11-19,Hyderabad,45+,iOS,Returning
2088,2026-02-10,Hyderabad,25-34,iOS,New
2089,2025-12-09,Mumbai,25-34,Web,Returning
2090,2025-05-26,Mumbai,18-24,Android,Returning
2091,2025-03-27,Hyderabad,45+,Web,Power
2092,2025-04-04,Bangalore,25-34,Android,Power
2093,2025-10-23,Bangalore,45+,Android,Returning
2094,2025-03-22,Mumbai,25-34,Android,Returning
2095,2025-04-25,Kolkata,25-34,Android,Power
2096,2025-12-02,Pune,35-44,iOS,Returning
2097,2025-07-31,Delhi NCR,25-34,iOS,Returning
2098,2025-10-09,Hyderabad,25-34,Android,Returning
2099,2025-12-26,Kolkata,25-34,Android,Returning
2100,2025-12-15,Hyderabad,25-34,Android,Returning
2101,2025-08-14,Delhi NCR,35-44,Android,Power
2102,2025-10-09,Chennai,18-24,Android,Returning
2103,2025-04-19,Delhi NCR,25-34,Android,Returning
2104,2025-11-28,Delhi NCR,18-24,Android,Returning
2105,2025-04-30,Delhi NCR,18-24,Android,Returning
2106,2025-07-20,Hyderabad,25-34,iOS,Power
2107,2025-05-14,Mumbai,18-24,Android,Returning
2108,2025-11-19,Jaipur,25-34,Android,Returning
2109,2025-06-07,Delhi NCR,18-24,Android,Returning
2110,2025-03-11,Delhi NCR,25-34,Android,Power
2111,2025-11-11,Bangalore,18-24,iOS,Returning
2112,2025-04-05,Delhi NCR,18-24,Web,Returning
2113,2025-06-09,Hyderabad,35-44,iOS,Returning
2114,2026-02-26,Delhi NCR,25-34,iOS,New
2115,2025-12-06,Mumbai,45+,Android,Returning
2116,2025-05-23,Delhi NCR,18-24,Android,Power
2117,2025-04-07,Bangalore,35-44,Android,Power
2118,2025-05-01,Mumbai,25-34,Web,Power
2119,2025-11-04,Pune,18-24,Web,Returning
2120,2025-07-23,Hyderabad,35-44,Android,Power
2121,2025-09-28,Hyderabad,35-44,Android,Returning
2122,2025-09-29,Hyderabad,25-34,Android,Power
2123,2026-02-17,Hyderabad,25-34,Android,New
2124,2025-10-19,Jaipur,25-34,iOS,Returning
2125,2025-05-01,Mumbai,25-34,Android,Returning
2126,2025-05-12,Mumbai,25-34,Android,Returning
2127,2025-05-05,Delhi NCR,35-44,iOS,Returning
2128,2025-07-16,Mumbai,25-34,Android,Returning
2129,2025-06-03,Delhi NCR,25-34,Android,Power
2130,2026-01-17,Chennai,25-34,Android,Returning
2131,2025-03-23,Bangalore,35-44,Android,Power
2132,2025-04-09,Lucknow,35-44,Android,Returning
2133,2025-05-03,Delhi NCR,18-24,Android,Returning
2134,2025-03-02,Delhi NCR,25-34,iOS,Power
2135,2026-02-08,Lucknow,25-34,iOS,New
2136,2025-11-14,Kolkata,25-34,Android,Returning
2137,2025-03-30,Bangalore,25-34,iOS,Returning
2138,2025-05-02,Hyderabad,35-44,Android,Returning
2139,2025-11-04,Kolkata,35-44,iOS,Returning
2140,2025-10-28,Bangalore,25-34,Android,Power
2141,2025-05-24,Delhi NCR,25-34,Android,Returning
2142,2025-05-13,Kolkata,25-34,Android,Returning
2143,2025-08-10,Hyderabad,18-24,Android,Returning
2144,2026-01-09,Mumbai,45+,Web,Returning
2145,2025-06-03,Bangalore,25-34,Android,Returning
2146,2025-04-11,Bangalore,25-34,Android,Returning
2147,2025-05-28,Kolkata,35-44,Android,Power
2148,2025-10-11,Mumbai,18-24,Android,Returning
2149,2025-05-30,Kolkata,35-44,Web,Returning
2150,2025-05-15,Bangalore,35-44,Web,Power
2151,2025-04-01,Bangalore,35-44,Android,Power
2152,2026-01-08,Mumbai,18-24,Android,Returning
2153,2026-02-02,Chennai,25-34,Android,New
2154,2025-09-25,Ahmedabad,18-24,Android,Returning
2155,2025-07-05,Delhi NCR,25-34,Android,Power
2156,2025-09-26,Delhi NCR,35-44,Android,Returning
2157,2025-05-14,Hyderabad,18-24,iOS,Returning
2158,2025-10-16,Pune,25-34,Android,Power
2159,2025-10-08,Mumbai,25-34,Android,Returning
2160,2025-11-15,Hyderabad,35-44,Android,Returning
2161,2025-09-24,Hyderabad,25-34,iOS,Returning
2162,2025-10-06,Delhi NCR,25-34,Android,Power
2163,2026-02-27,Bangalore,25-34,Android,New
2164,2025-12-14,Delhi NCR,35-44,Android,Returning
2165,2025-10-20,Pune,25-34,Android,Returning
2166,2025-12-01,Hyderabad,25-34,Android,Returning
2167,2025-03-21,Hyderabad,18-24,Web,Power
2168,2025-03-16,Bangalore,25-34,iOS,Returning
2169,2025-06-11,Delhi NCR,35-44,iOS,Returning
2170,2025-03-15,Kolkata,35-44,Web,Returning
2171,2025-11-13,Bangalore,18-24,iOS,Returning
2172,2025-12-17,Bangalore,25-34,iOS,Returning
2173,2026-01-21,Bangalore,18-24,Android,Returning
2174,2025-09-23,Bangalore,45+,Android,Power
2175,2025-12-20,Delhi NCR,25-34,Android,Returning
2176,2025-04-23,Mumbai,35-44,Android,Returning
2177,2025-07-03,Mumbai,35-44,Android,Returning
2178,2025-05-07,Pune,35-44,iOS,Returning
2179,2026-01-24,Delhi NCR,45+,Android,Returning
2180,2025-12-07,Mumbai,18-24,iOS,Returning
2181,2025-06-11,Pune,45+,iOS,Returning
2182,2025-04-25,Mumbai,35-44,Android,Returning
2183,2025-09-10,Hyderabad,25-34,Android,Returning
2184,2025-09-09,Delhi NCR,35-44,Android,Returning
2185,2025-03-04,Mumbai,35-44,Android,Returning
2186,2026-01-13,Bangalore,35-44,Android,Returning
2187,2025-10-11,Mumbai,18-24,iOS,Power
2188,2025-11-03,Kolkata,25-34,Android,Returning
2189,2025-05-28,Bangalore,18-24,iOS,Returning
2190,2025-07-30,Mumbai,35-44,Web,Power
2191,2025-07-24,Delhi NCR,45+,Android,Returning
2192,2026-02-03,Bangalore,25-34,iOS,New
2193,2026-02-20,Delhi NCR,25-34,Android,New
2194,2025-06-03,Delhi NCR,35-44,iOS,Returning
2195,2026-02-19,Hyderabad,25-34,Android,New
2196,2025-10-31,Kolkata,25-34,iOS,Returning
2197,2025-10-27,Bangalore,35-44,Android,Power
2198,2025-09-12,Chennai,18-24,Web,Power
2199,2025-12-19,Kolkata,18-24,Android,Returning
2200,2025-09-30,Delhi NCR,35-44,Android,Returning
2201,2025-08-05,Pune,25-34,Android,Returning
2202,2026-01-11,Pune,35-44,iOS,Returning
2203,2025-09-28,Delhi NCR,25-34,iOS,Returning
2204,2025-03-19,Lucknow,18-24,Web,Power
2205,2025-05-12,Delhi NCR,25-34,iOS,Returning
2206,2025-12-23,Delhi NCR,25-34,Android,Returning
2207,2026-01-10,Pune,25-34,Android,Returning
2208,2025-09-30,Bangalore,25-34,Android,Returning
2209,2026-02-10,Delhi NCR,25-34,Web,New
2210,2025-11-21,Mumbai,25-34,Web,Returning
2211,2025-12-31,Pune,18-24,Android,Returning
2212,2025-09-15,Pune,25-34,iOS,Returning
2213,2025-08-11,Hyderabad,18-24,iOS,Power
2214,2025-03-21,Jaipur,18-24,iOS,Returning
2215,2025-10-06,Delhi NCR,18-24,iOS,Returning
2216,2025-09-18,Delhi NCR,18-24,Android,Returning
2217,2025-07-02,Chennai,45+,Web,Returning
2218,2025-12-22,Pune,18-24,Android,Returning
2219,2025-09-07,Delhi NCR,18-24,Android,Returning
2220,2026-01-11,Mumbai,35-44,Android,Returning
2221,2025-11-13,Kolkata,25-34,Android,Power
2222,2025-07-18,Lucknow,25-34,iOS,Power
2223,2025-09-21,Hyderabad,25-34,iOS,Returning
2224,2025-11-02,Delhi NCR,25-34,Android,Returning
2225,2025-10-03,Lucknow,25-34,iOS,Returning
2226,2025-10-02,Ahmedabad,18-24,Android,Returning
2227,2025-05-12,Bangalore,35-44,Web,Power
2228,2025-10-09,Kolkata,18-24,Android,Returning
2229,2025-09-22,Kolkata,18-24,Android,Returning
2230,2026-02-18,Jaipur,25-34,Android,New
2231,2025-10-14,Kolkata,25-34,Android,Returning
2232,2025-12-13,Hyderabad,25-34,Android,Returning
2233,2025-12-14,Hyderabad,35-44,Web,Returning
2234,2025-06-20,Bangalore,45+,Android,Returning
2235,2025-06-16,Hyderabad,35-44,Android,Returning
2236,2025-04-15,Pune,18-24,iOS,Returning
2237,2025-05-14,Jaipur,45+,Android,Returning
2238,2025-06-11,Bangalore,25-34,iOS,Returning
2239,2025-12-06,Hyderabad,18-24,Web,Returning
2240,2025-10-06,Bangalore,25-34,iOS,Returning
2241,2025-04-12,Chennai,35-44,Android,Returning
2242,2026-01-18,Hyderabad,18-24,Android,Returning
2243,2025-10-27,Mumbai,25-34,Android,Returning
2244,2025-09-15,Hyderabad,35-44,Android,Returning
2245,2025-07-03,Mumbai,18-24,Android,Power
2246,2025-05-25,Mumbai,25-34,Web,Returning
2247,2025-08-25,Pune,25-34,Android,Returning
2248,2025-05-03,Delhi NCR,25-34,Android,Returning
2249,2026-02-10,Delhi NCR,18-24,Android,New
2250,2025-12-23,Mumbai,25-34,Android,Returning
2251,2025-07-26,Mumbai,25-34,Android,Returning
2252,2025-11-19,Pune,35-44,Web,Returning
2253,2026-01-18,Bangalore,45+,Android,Returning
2254,2025-05-17,Ahmedabad,45+,Web,Power
2255,2025-09-15,Bangalore,18-24,iOS,Returning
2256,2025-11-12,Delhi NCR,18-24,Web,Returning
2257,2026-01-24,Delhi NCR,25-34,Android,Returning
2258,2025-07-12,Chennai,35-44,Android,Returning
2259,2025-07-15,Hyderabad,45+,Android,Power
2260,2025-03-13,Ahmedabad,35-44,Web,Power
2261,2025-09-18,Hyderabad,25-34,iOS,Power
2262,2025-12-18,Bangalore,18-24,iOS,Returning
2263,2025-10-16,Pune,35-44,Android,Power
2264,2025-03-13,Jaipur,18-24,Android,Power
2265,2025-12-21,Delhi NCR,18-24,Android,Returning
2266,2025-08-17,Delhi NCR,35-44,Android,Returning
2267,2025-06-05,Hyderabad,25-34,Android,Returning
2268,2026-01-11,Bangalore,18-24,Android,Returning
2269,2025-04-19,Lucknow,25-34,iOS,Power
2270,2025-10-22,Bangalore,18-24,Web,Returning
2271,2026-02-24,Mumbai,25-34,iOS,New
2272,2026-02-02,Lucknow,18-24,iOS,New
2273,2025-09-22,Kolkata,35-44,Web,Returning
2274,2025-10-03,Mumbai,25-34,Android,Returning
2275,2025-06-10,Ahmedabad,25-34,Android,Power
2276,2025-07-14,Delhi NCR,18-24,iOS,Power
2277,2025-08-13,Delhi NCR,18-24,Android,Returning
2278,2026-01-10,Ahmedabad,25-34,Android,Returning
2279,2025-12-24,Hyderabad,35-44,Android,Returning
2280,2025-05-05,Mumbai,18-24,Android,Returning
2281,2026-01-02,Delhi NCR,25-34,Android,Returning
2282,2025-06-15,Chennai,35-44,Android,Power
2283,2025-03-24,Mumbai,25-34,Android,Power
2284,2025-04-09,Hyderabad,18-24,Android,Returning
2285,2025-10-22,Chennai,25-34,Web,Returning
2286,2025-07-29,Delhi NCR,25-34,Web,Returning
2287,2025-09-10,Chennai,18-24,iOS,Returning
2288,2025-06-16,Ahmedabad,25-34,Web,Power
2289,2025-11-19,Bangalore,25-34,Android,Returning
2290,2025-08-04,Bangalore,45+,iOS,Power
2291,2025-05-14,Delhi NCR,25-34,Android,Power
2292,2025-03-12,Hyderabad,18-24,iOS,Returning
2293,2025-05-19,Kolkata,25-34,Android,Returning
2294,2025-11-05,Delhi NCR,18-24,iOS,Power
2295,2025-06-10,Bangalore,18-24,Android,Returning
2296,2025-10-02,Bangalore,25-34,Android,Power
2297,2025-05-05,Hyderabad,45+,iOS,Returning
2298,2026-01-24,Delhi NCR,35-44,iOS,Returning
2299,2025-04-02,Kolkata,18-24,Android,Power
2300,2025-05-18,Delhi NCR,35-44,iOS,Returning
2301,2025-05-02,Chennai,18-24,Android,Returning
2302,2025-04-24,Bangalore,18-24,iOS,Returning
2303,2025-08-05,Hyderabad,45+,Android,Returning
2304,2025-11-15,Mumbai,45+,iOS,Returning
2305,2025-09-24,Pune,18-24,Android,Power
2306,2025-10-31,Delhi NCR,18-24,Web,Returning
2307,2026-01-05,Mumbai,18-24,Android,Returning
2308,2026-02-17,Hyderabad,25-34,Android,New
2309,2025-10-07,Chennai,35-44,Android,Returning
2310,2025-10-16,Mumbai,18-24,Android,Returning
2311,2026-02-26,Mumbai,25-34,Android,New
2312,2025-10-08,Pune,18-24,iOS,Power
2313,2026-01-30,Pune,18-24,Android,Returning
2314,2025-07-07,Delhi NCR,35-44,Android,Power
2315,2025-05-26,Hyderabad,35-44,Android,Returning
2316,2025-03-18,Bangalore,18-24,Android,Returning
2317,2025-11-06,Hyderabad,18-24,iOS,Power
2318,2025-11-17,Kolkata,18-24,Web,Power
2319,2025-11-03,Mumbai,25-34,Android,Power
2320,2026-02-24,Pune,18-24,Android,New
2321,2025-03-06,Bangalore,25-34,Android,Power
2322,2025-06-26,Hyderabad,25-34,Web,Power
2323,2025-03-02,Chennai,18-24,iOS,Returning
2324,2025-04-14,Ahmedabad,35-44,Web,Returning
2325,2025-10-31,Mumbai,18-24,Android,Returning
2326,2025-05-19,Mumbai,35-44,Web,Returning
2327,2025-10-03,Mumbai,25-34,iOS,Power
2328,2025-12-07,Lucknow,35-44,Web,Returning
2329,2025-07-13,Chennai,18-24,Android,Power
2330,2025-05-17,Hyderabad,35-44,iOS,Returning
2331,2025-09-21,Mumbai,18-24,Android,Returning
2332,2025-06-02,Kolkata,45+,iOS,Returning
2333,2026-01-22,Kolkata,35-44,Android,Returning
2334,2025-07-18,Chennai,25-34,iOS,Power
2335,2025-10-10,Delhi NCR,25-34,Web,Returning
2336,2025-05-13,Mumbai,35-44,iOS,Returning
2337,2025-10-01,Hyderabad,45+,iOS,Returning
2338,2025-11-07,Chennai,35-44,iOS,Returning
2339,2025-07-07,Mumbai,35-44,iOS,Returning
2340,2025-12-25,Hyderabad,35-44,Android,Returning
2341,2025-03-05,Delhi NCR,25-34,Android,Returning
2342,2025-03-25,Pune,18-24,iOS,Returning
2343,2025-06-16,Hyderabad,18-24,Android,Returning
2344,2025-06-25,Mumbai,25-34,iOS,Returning
2345,2025-04-04,Bangalore,25-34,iOS,Returning
2346,2025-04-12,Bangalore,25-34,Android,Power
2347,2025-09-02,Delhi NCR,18-24,Web,Power
2348,2025-08-23,Kolkata,25-34,Android,Returning
2349,2025-09-28,Mumbai,18-24,Android,Returning
2350,2025-08-17,Delhi NCR,25-34,Android,Returning
2351,2025-04-24,Mumbai,25-34,Web,Power
2352,2025-06-12,Mumbai,18-24,Web,Returning
2353,2025-10-09,Delhi NCR,35-44,Android,Power
2354,2025-03-24,Mumbai,25-34,Android,Returning
2355,2025-04-19,Hyderabad,35-44,Android,Power
2356,2025-11-20,Mumbai,18-24,iOS,Power
2357,2025-06-30,Chennai,18-24,iOS,Power
2358,2026-02-17,Mumbai,18-24,iOS,New
2359,2025-07-05,Mumbai,18-24,iOS,Returning
2360,2026-01-11,Delhi NCR,18-24,iOS,Returning
2361,2026-01-18,Ahmedabad,18-24,Android,Returning
2362,2025-09-16,Hyderabad,35-44,Android,Returning
2363,2025-12-09,Pune,45+,iOS,Returning
2364,2025-05-14,Mumbai,45+,iOS,Returning
2365,2025-09-24,Kolkata,45+,Android,Returning
2366,2025-07-28,Mumbai,25-34,Android,Returning
2367,2025-09-24,Delhi NCR,25-34,iOS,Power
2368,2025-10-18,Hyderabad,18-24,Android,Power
2369,2025-12-24,Delhi NCR,18-24,iOS,Returning
2370,2025-03-30,Lucknow,35-44,iOS,Returning
2371,2026-02-22,Mumbai,35-44,Android,New
2372,2026-02-15,Lucknow,35-44,iOS,New
2373,2025-12-18,Hyderabad,35-44,Android,Returning
2374,2025-09-19,Hyderabad,18-24,Android,Returning
2375,2025-12-25,Mumbai,25-34,Android,Returning
2376,2025-03-19,Delhi NCR,25-34,iOS,Power
2377,2025-10-22,Ahmedabad,45+,iOS,Returning
2378,2025-08-07,Delhi NCR,45+,Android,Returning
2379,2025-05-29,Chennai,25-34,iOS,Returning
2380,2025-06-18,Lucknow,18-24,Android,Returning
2381,2025-06-08,Delhi NCR,18-24,Android,Returning
2382,2026-02-04,Hyderabad,25-34,Android,New
2383,2025-05-24,Chennai,35-44,iOS,Returning
2384,2025-06-21,Mumbai,18-24,Android,Power
2385,2025-04-25,Mumbai,18-24,Android,Returning
2386,2025-05-16,Bangalore,25-34,Android,Power
2387,2025-09-18,Bangalore,45+,Android,Returning
2388,2025-11-26,Chennai,25-34,Web,Power
2389,2025-06-04,Mumbai,25-34,Android,Power
2390,2025-04-14,Lucknow,25-34,Android,Power
2391,2025-11-11,Mumbai,18-24,Android,Returning
2392,2025-03-30,Hyderabad,18-24,iOS,Returning
2393,2025-04-25,Hyderabad,35-44,iOS,Returning
2394,2025-07-06,Mumbai,35-44,Android,Returning
2395,2026-02-04,Mumbai,25-34,Android,New
2396,2025-10-11,Pune,25-34,iOS,Power
2397,2025-11-04,Ahmedabad,35-44,Android,Returning
2398,2026-02-04,Delhi NCR,25-34,iOS,New
2399,2025-12-12,Bangalore,18-24,iOS,Returning
2400,2025-12-23,Delhi NCR,25-34,Android,Returning
2401,2025-09-09,Mumbai,25-34,Android,Power
2402,2026-02-17,Chennai,25-34,Android,New
2403,2025-05-17,Kolkata,45+,iOS,Returning
2404,2025-10-24,Delhi NCR,35-44,iOS,Returning
2405,2025-11-25,Lucknow,18-24,Android,Returning
2406,2025-11-29,Mumbai,35-44,Android,Power
2407,2025-10-11,Chennai,25-34,iOS,Returning
2408,2026-01-29,Bangalore,25-34,Android,Returning
2409,2025-04-01,Bangalore,25-34,Android,Returning
2410,2026-02-09,Bangalore,25-34,Android,New
2411,2025-10-06,Delhi NCR,35-44,iOS,Returning
2412,2025-04-19,Chennai,35-44,Android,Returning
2413,2025-09-22,Chennai,35-44,Android,Returning
2414,2025-03-17,Delhi NCR,18-24,iOS,Power
2415,2026-01-17,Kolkata,25-34,Android,Returning
2416,2025-06-20,Delhi NCR,25-34,Android,Returning
2417,2025-10-22,Chennai,45+,iOS,Power
2418,2025-12-31,Mumbai,25-34,Android,Returning
2419,2025-10-01,Mumbai,18-24,iOS,Power
2420,2025-05-18,Delhi NCR,25-34,Android,Power
2421,2026-02-24,Hyderabad,25-34,iOS,New
2422,2025-06-08,Hyderabad,35-44,iOS,Returning
2423,2025-03-21,Bangalore,35-44,iOS,Returning
2424,2025-10-22,Mumbai,45+,iOS,Power
2425,2025-06-07,Delhi NCR,35-44,Android,Returning
2426,2025-09-04,Chennai,18-24,Android,Returning
2427,2025-06-21,Chennai,25-34,Android,Power
2428,2026-01-04,Mumbai,25-34,Web,Returning
2429,2025-12-08,Mumbai,45+,Web,Returning
2430,2025-11-22,Pune,18-24,Android,Returning
2431,2025-10-03,Mumbai,18-24,Android,Returning
2432,2025-04-06,Mumbai,18-24,Android,Returning
2433,2025-09-26,Mumbai,25-34,Web,Power
2434,2025-08-23,Bangalore,18-24,Android,Power
2435,2025-06-11,Bangalore,25-34,Android,Returning
2436,2025-12-11,Hyderabad,35-44,Android,Returning
2437,2025-06-22,Delhi NCR,25-34,Android,Returning
2438,2025-11-24,Chennai,25-34,Android,Returning
2439,2025-06-14,Mumbai,45+,Android,Returning
2440,2025-06-14,Kolkata,25-34,Android,Power
2441,2025-11-18,Hyderabad,18-24,Android,Power
2442,2026-01-20,Hyderabad,25-34,Android,Returning
2443,2025-06-01,Delhi NCR,25-34,Android,Power
2444,2025-11-20,Mumbai,18-24,Web,Power
2445,2025-03-07,Bangalore,25-34,iOS,Power
2446,2025-04-27,Hyderabad,45+,iOS,Power
2447,2025-07-23,Mumbai,25-34,Android,Returning
2448,2025-04-27,Jaipur,25-34,iOS,Power
2449,2025-10-28,Lucknow,25-34,Android,Returning
2450,2025-07-13,Hyderabad,45+,Android,Power
2451,2025-09-04,Jaipur,35-44,Android,Returning
2452,2025-12-28,Mumbai,25-34,Android,Returning
2453,2025-11-05,Mumbai,25-34,Android,Returning
2454,2025-08-22,Mumbai,35-44,Android,Power
2455,2025-12-29,Hyderabad,25-34,Android,Returning
2456,2025-06-18,Mumbai,18-24,Android,Power
2457,2026-02-22,Jaipur,25-34,iOS,New
2458,2025-09-27,Mumbai,25-34,Android,Returning
2459,2025-11-29,Delhi NCR,18-24,Web,Returning
2460,2026-02-15,Kolkata,18-24,Android,New
2461,2025-07-15,Delhi NCR,18-24,Android,Power
2462,2025-12-05,Delhi NCR,25-34,Web,Returning
2463,2025-10-19,Hyderabad,25-34,Android,Returning
2464,2025-08-30,Delhi NCR,18-24,iOS,Power
2465,2025-12-29,Delhi NCR,45+,Android,Returning
2466,2025-07-25,Delhi NCR,25-34,Android,Returning
2467,2025-06-28,Bangalore,18-24,Android,Power
2468,2025-07-14,Jaipur,18-24,Web,Returning
2469,2025-12-12,Kolkata,25-34,Android,Returning
2470,2025-10-03,Delhi NCR,18-24,Android,Returning
2471,2025-10-14,Delhi NCR,18-24,iOS,Returning
2472,2025-04-21,Bangalore,25-34,Android,Returning
2473,2025-12-26,Lucknow,25-34,Web,Returning
2474,2026-02-16,Mumbai,35-44,Android,New
2475,2025-07-31,Delhi NCR,35-44,iOS,Returning
2476,2025-07-02,Chennai,45+,Android,Returning
2477,2025-07-31,Jaipur,18-24,Android,Returning
2478,2025-09-01,Mumbai,18-24,iOS,Returning
2479,2025-03-28,Delhi NCR,45+,Android,Returning
2480,2025-09-09,Delhi NCR,25-34,Android,Returning
2481,2025-09-22,Mumbai,35-44,Web,Returning
2482,2025-09-18,Hyderabad,18-24,Android,Power
2483,2025-08-25,Chennai,18-24,iOS,Returning
2484,2025-08-22,Hyderabad,18-24,iOS,Power
2485,2025-04-27,Mumbai,25-34,iOS,Power
2486,2025-06-18,Mumbai,18-24,Web,Returning
2487,2025-08-30,Delhi NCR,25-34,Android,Power
2488,2025-11-04,Delhi NCR,25-34,iOS,Power
2489,2025-05-23,Pune,18-24,Android,Returning
2490,2025-08-17,Mumbai,18-24,iOS,Power
2491,2026-01-26,Mumbai,25-34,Android,Returning
2492,2026-01-08,Bangalore,18-24,Web,Returning
2493,2025-11-09,Bangalore,18-24,Web,Power
2494,2025-06-22,Bangalore,18-24,iOS,Returning
2495,2025-12-09,Kolkata,25-34,Android,Returning
2496,2025-07-12,Mumbai,35-44,iOS,Power
2497,2025-07-17,Chennai,18-24,Android,Returning
2498,2025-07-11,Delhi NCR,35-44,Android,Power
2499,2025-07-23,Delhi NCR,35-44,Android,Returning
2500,2026-01-18,Jaipur,25-34,Android,Returning
2501,2026-02-08,Delhi NCR,18-24,Android,New
2502,2026-01-18,Hyderabad,25-34,Android,Returning
2503,2025-11-08,Delhi NCR,25-34,Android,Power
2504,2025-11-16,Bangalore,45+,Android,Power
2505,2025-08-21,Pune,45+,Android,Power
2506,2026-02-12,Ahmedabad,25-34,Android,New
2507,2025-11-01,Kolkata,25-34,Android,Power
2508,2025-10-23,Hyderabad,35-44,iOS,Returning
2509,2025-10-22,Delhi NCR,35-44,Android,Returning
2510,2025-12-31,Chennai,25-34,Web,Returning
2511,2026-01-12,Chennai,18-24,Android,Returning
2512,2026-01-31,Mumbai,18-24,Android,New
2513,2025-11-24,Bangalore,25-34,Android,Returning
2514,2026-02-19,Kolkata,35-44,iOS,New
2515,2025-07-02,Bangalore,45+,Android,Power
2516,2025-04-21,Delhi NCR,35-44,Web,Returning
2517,2025-07-12,Kolkata,18-24,Android,Power
2518,2025-05-28,Mumbai,35-44,Android,Returning
2519,2025-05-21,Delhi NCR,18-24,Web,Returning
2520,2025-08-10,Chennai,25-34,Android,Returning
2521,2025-06-27,Delhi NCR,25-34,Web,Power
2522,2025-05-15,Chennai,18-24,Web,Returning
2523,2025-06-10,Mumbai,18-24,Web,Returning
2524,2025-07-30,Delhi NCR,18-24,iOS,Power
2525,2025-08-13,Mumbai,18-24,Android,Power
2526,2025-12-12,Jaipur,35-44,Android,Returning
2527,2025-03-23,Bangalore,18-24,Android,Returning
2528,2025-03-22,Delhi NCR,18-24,Web,Returning
2529,2025-09-09,Mumbai,18-24,Android,Power
2530,2025-12-22,Mumbai,35-44,Android,Returning
2531,2025-12-04,Bangalore,25-34,iOS,Returning
2532,2025-11-20,Mumbai,18-24,Android,Returning
2533,2026-02-21,Bangalore,35-44,iOS,New
2534,2025-04-02,Bangalore,25-34,Web,Returning
2535,2025-08-13,Pune,25-34,iOS,Returning
2536,2025-12-04,Chennai,35-44,iOS,Returning
2537,2026-01-17,Bangalore,18-24,iOS,Returning
2538,2025-11-12,Delhi NCR,35-44,iOS,Returning
2539,2025-09-30,Chennai,25-34,Android,Returning
2540,2026-02-12,Chennai,25-34,Android,New
2541,2025-10-19,Mumbai,18-24,Android,Power
2542,2025-10-04,Ahmedabad,35-44,iOS,Returning
2543,2025-05-28,Mumbai,25-34,iOS,Returning
2544,2025-07-12,Mumbai,18-24,Android,Returning
2545,2025-04-21,Delhi NCR,18-24,Android,Returning
2546,2025-07-16,Ahmedabad,25-34,Android,Returning
2547,2025-10-13,Bangalore,35-44,Android,Returning
2548,2025-08-02,Pune,45+,Android,Returning
2549,2026-02-01,Delhi NCR,25-34,iOS,New
2550,2026-01-09,Bangalore,25-34,iOS,Returning
2551,2025-06-13,Delhi NCR,18-24,Android,Returning
2552,2025-06-13,Kolkata,25-34,iOS,Returning
2553,2025-03-16,Mumbai,45+,Android,Returning
2554,2025-03-14,Delhi NCR,25-34,Web,Returning
2555,2026-02-21,Mumbai,18-24,Android,New
2556,2025-04-15,Kolkata,18-24,Web,Returning
2557,2025-10-14,Bangalore,18-24,Android,Returning
2558,2026-01-22,Bangalore,25-34,Android,Returning
2559,2025-11-10,Bangalore,45+,iOS,Returning
2560,2025-07-24,Lucknow,18-24,Android,Returning
2561,2025-03-29,Kolkata,25-34,iOS,Power
2562,2025-07-21,Chennai,25-34,Android,Power
2563,2025-10-16,Delhi NCR,45+,Android,Returning
2564,2025-06-18,Mumbai,25-34,iOS,Returning
2565,2025-03-06,Ahmedabad,18-24,Android,Power
2566,2025-04-06,Bangalore,18-24,Android,Returning
2567,2026-01-11,Delhi NCR,25-34,Web,Returning
2568,2025-05-13,Bangalore,35-44,Web,Returning
2569,2025-04-11,Ahmedabad,18-24,iOS,Returning
2570,2025-12-13,Bangalore,25-34,iOS,Returning
2571,2025-11-16,Hyderabad,25-34,Web,Returning
2572,2025-09-13,Pune,25-34,iOS,Returning
2573,2025-07-27,Bangalore,18-24,Web,Power
2574,2025-11-02,Delhi NCR,45+,Android,Returning
2575,2025-08-23,Lucknow,25-34,iOS,Returning
2576,2025-06-19,Jaipur,35-44,Android,Returning
2577,2025-06-08,Kolkata,25-34,iOS,Power
2578,2025-10-03,Chennai,45+,iOS,Power
2579,2025-09-18,Delhi NCR,25-34,Android,Power
2580,2025-10-12,Ahmedabad,25-34,iOS,Power
2581,2025-03-19,Delhi NCR,25-34,Web,Power
2582,2025-06-16,Pune,25-34,Web,Power
2583,2025-06-05,Ahmedabad,18-24,Android,Returning
2584,2025-09-01,Hyderabad,45+,iOS,Returning
2585,2025-09-22,Pune,35-44,Android,Power
2586,2025-03-15,Pune,25-34,iOS,Returning
2587,2025-05-17,Delhi NCR,25-34,Android,Power
2588,2025-05-17,Chennai,18-24,Android,Power
2589,2025-07-18,Mumbai,35-44,Android,Returning
2590,2026-02-18,Bangalore,25-34,Android,New
2591,2026-02-19,Mumbai,25-34,iOS,New
2592,2025-06-03,Bangalore,45+,Android,Power
2593,2025-06-01,Kolkata,25-34,iOS,Returning
2594,2025-08-30,Lucknow,35-44,Web,Power
2595,2025-09-29,Delhi NCR,25-34,iOS,Returning
2596,2025-04-20,Hyderabad,35-44,Android,Returning
2597,2025-04-01,Bangalore,25-34,iOS,Power
2598,2025-10-28,Jaipur,25-34,Android,Returning
2599,2025-11-07,Bangalore,45+,Android,Power
2600,2025-05-27,Chennai,25-34,Web,Power
2601,2025-07-31,Ahmedabad,25-34,Android,Power
2602,2025-09-10,Delhi NCR,18-24,Web,Returning
2603,2025-05-17,Ahmedabad,18-24,Android,Power
2604,2025-09-08,Ahmedabad,35-44,Android,Returning
2605,2025-11-08,Jaipur,25-34,Android,Returning
2606,2025-10-30,Delhi NCR,35-44,iOS,Returning
2607,2026-01-28,Bangalore,25-34,Android,Returning
2608,2025-07-22,Kolkata,25-34,Android,Returning
2609,2025-11-02,Delhi NCR,35-44,iOS,Returning
2610,2026-01-21,Hyderabad,25-34,Web,Returning
2611,2025-06-06,Mumbai,35-44,iOS,Returning
2612,2025-07-11,Mumbai,25-34,Android,Returning
2613,2026-02-11,Bangalore,18-24,Android,New
2614,2025-10-03,Hyderabad,25-34,iOS,Returning
2615,2025-10-03,Bangalore,18-24,iOS,Returning
2616,2025-10-26,Hyderabad,25-34,Web,Returning
2617,2025-05-03,Bangalore,18-24,Android,Power
2618,2025-03-06,Chennai,25-34,Android,Returning
2619,2025-07-06,Hyderabad,18-24,Android,Returning
2620,2025-10-17,Bangalore,18-24,iOS,Returning
2621,2025-10-01,Bangalore,25-34,Android,Returning
2622,2025-07-08,Mumbai,18-24,Web,Returning
2623,2025-07-20,Bangalore,18-24,Android,Power
2624,2025-08-10,Hyderabad,25-34,Android,Power
2625,2025-06-18,Bangalore,18-24,Android,Power
2626,2025-12-05,Delhi NCR,18-24,Android,Returning
2627,2025-10-02,Chennai,18-24,iOS,Returning
2628,2025-07-09,Mumbai,35-44,iOS,Returning
2629,2025-03-21,Ahmedabad,25-34,Android,Power
2630,2026-02-07,Mumbai,25-34,Android,New
2631,2025-03-18,Jaipur,45+,iOS,Power
2632,2025-05-20,Bangalore,18-24,iOS,Power
2633,2025-06-05,Bangalore,25-34,Android,Returning
2634,2025-06-16,Delhi NCR,35-44,iOS,Power
2635,2026-01-31,Mumbai,25-34,Android,New
2636,2025-07-31,Delhi NCR,45+,iOS,Power
2637,2025-05-22,Mumbai,45+,iOS,Returning
2638,2026-01-10,Chennai,18-24,Android,Returning
2639,2025-11-26,Delhi NCR,45+,iOS,Returning
2640,2025-12-03,Pune,45+,Android,Returning
2641,2026-01-16,Delhi NCR,25-34,Android,Returning
2642,2025-05-27,Ahmedabad,45+,Android,Returning
2643,2025-09-11,Bangalore,18-24,Android,Returning
2644,2025-08-24,Mumbai,25-34,iOS,Power
2645,2025-03-13,Bangalore,18-24,Android,Power
2646,2025-08-29,Delhi NCR,18-24,iOS,Returning
2647,2026-02-26,Delhi NCR,25-34,Android,New
2648,2025-08-22,Bangalore,25-34,Android,Returning
2649,2025-11-03,Chennai,25-34,Android,Returning
2650,2026-02-10,Ahmedabad,25-34,Android,New
2651,2026-02-06,Bangalore,25-34,Web,New
2652,2026-01-30,Jaipur,18-24,iOS,Returning
2653,2025-05-10,Jaipur,25-34,Android,Returning
2654,2025-11-13,Kolkata,35-44,Web,Returning
2655,2025-05-24,Bangalore,25-34,Android,Power
2656,2025-10-24,Mumbai,25-34,Android,Returning
2657,2025-07-15,Delhi NCR,25-34,Android,Power
2658,2025-11-10,Hyderabad,25-34,Web,Returning
2659,2025-10-16,Bangalore,25-34,iOS,Returning
2660,2025-03-04,Mumbai,45+,iOS,Power
2661,2025-08-27,Bangalore,35-44,iOS,Returning
2662,2025-10-08,Mumbai,25-34,iOS,Returning
2663,2025-12-19,Pune,25-34,iOS,Returning
2664,2025-10-23,Mumbai,25-34,Android,Returning
2665,2025-03-02,Hyderabad,25-34,Android,Returning
2666,2025-06-13,Pune,25-34,Android,Returning
2667,2026-02-26,Mumbai,25-34,Web,New
2668,2025-11-17,Bangalore,25-34,iOS,Returning
2669,2025-07-20,Pune,25-34,iOS,Returning
2670,2025-04-15,Delhi NCR,35-44,Android,Returning
2671,2025-03-04,Mumbai,25-34,Android,Returning
2672,2025-03-12,Delhi NCR,45+,iOS,Returning
2673,2026-02-19,Hyderabad,18-24,Android,New
2674,2025-05-03,Hyderabad,18-24,iOS,Returning
2675,2025-07-13,Mumbai,25-34,Android,Returning
2676,2025-07-25,Bangalore,35-44,iOS,Returning
2677,2025-12-25,Delhi NCR,35-44,iOS,Returning
2678,2025-11-09,Kolkata,18-24,iOS,Power
2679,2026-02-16,Delhi NCR,18-24,Android,New
2680,2025-12-05,Kolkata,25-34,iOS,Returning
2681,2025-07-10,Bangalore,18-24,Android,Power
2682,2025-12-01,Chennai,25-34,Web,Returning
2683,2025-04-21,Bangalore,25-34,Android,Returning
2684,2026-01-06,Hyderabad,25-34,Android,Returning
2685,2026-02-17,Bangalore,18-24,iOS,New
2686,2025-08-04,Pune,18-24,Android,Returning
2687,2026-02-15,Bangalore,25-34,iOS,New
2688,2025-10-31,Bangalore,18-24,Android,Returning
2689,2026-02-09,Bangalore,25-34,Android,New
2690,2025-12-16,Kolkata,35-44,Web,Returning
2691,2025-07-01,Chennai,18-24,Web,Power
2692,2025-07-21,Delhi NCR,18-24,Android,Power
2693,2025-12-21,Chennai,18-24,Android,Returning
2694,2025-04-23,Hyderabad,35-44,Android,Returning
2695,2025-08-02,Jaipur,18-24,Android,Returning
2696,2025-11-20,Kolkata,45+,Android,Power
2697,2025-08-27,Hyderabad,25-34,Android,Returning
2698,2025-10-20,Delhi NCR,25-34,iOS,Power
2699,2025-11-10,Pune,18-24,Android,Returning
2700,2025-10-20,Hyderabad,25-34,iOS,Returning
2701,2026-02-09,Lucknow,25-34,iOS,New
2702,2026-02-05,Delhi NCR,25-34,iOS,New
2703,2025-07-17,Mumbai,25-34,Android,Returning
2704,2025-09-28,Mumbai,25-34,iOS,Returning
2705,2025-05-12,Hyderabad,25-34,iOS,Returning
2706,2025-07-14,Jaipur,25-34,iOS,Power
2707,2025-04-25,Mumbai,25-34,Android,Returning
2708,2025-03-07,Chennai,25-34,Android,Power
2709,2025-08-11,Chennai,18-24,iOS,Power
2710,2026-01-22,Pune,25-34,iOS,Returning
2711,2025-06-14,Delhi NCR,25-34,Web,Power
2712,2025-08-25,Kolkata,18-24,Android,Returning
2713,2026-01-03,Mumbai,25-34,Android,Returning
2714,2026-02-09,Pune,18-24,Android,New
2715,2025-06-01,Delhi NCR,18-24,Android,Returning
2716,2025-11-02,Bangalore,45+,Android,Returning
2717,2025-12-20,Kolkata,25-34,iOS,Returning
2718,2026-02-25,Delhi NCR,25-34,iOS,New
2719,2025-07-23,Delhi NCR,35-44,Android,Returning
2720,2026-02-15,Chennai,18-24,iOS,New
2721,2026-02-26,Hyderabad,35-44,iOS,New
2722,2025-07-28,Bangalore,18-24,iOS,Power
2723,2025-07-15,Delhi NCR,25-34,iOS,Returning
2724,2025-03-30,Mumbai,25-34,iOS,Returning
2725,2025-08-27,Bangalore,45+,Android,Returning
2726,2026-01-05,Mumbai,25-34,iOS,Returning
2727,2025-06-20,Ahmedabad,25-34,iOS,Power
2728,2026-02-05,Mumbai,25-34,Android,New
2729,2025-09-20,Bangalore,18-24,Android,Power
2730,2025-09-24,Mumbai,25-34,Android,Returning
2731,2025-12-09,Mumbai,18-24,Android,Returning
2732,2025-09-23,Chennai,25-34,iOS,Power
2733,2025-08-25,Hyderabad,25-34,Android,Power
2734,2025-12-31,Mumbai,35-44,Android,Returning
2735,2025-04-30,Mumbai,25-34,Android,Returning
2736,2025-04-16,Mumbai,35-44,Android,Power
2737,2025-08-02,Pune,18-24,iOS,Power
2738,2025-09-30,Hyderabad,18-24,iOS,Returning
2739,2025-11-12,Mumbai,25-34,Android,Power
2740,2025-12-15,Bangalore,25-34,Web,Returning
2741,2026-01-30,Chennai,25-34,Android,Returning
2742,2025-04-21,Kolkata,35-44,iOS,Returning
2743,2025-11-04,Jaipur,18-24,iOS,Returning
2744,2025-03-10,Delhi NCR,25-34,Android,Power
2745,2025-08-21,Mumbai,18-24,Web,Returning
2746,2026-02-10,Delhi NCR,18-24,iOS,New
2747,2025-09-09,Pune,18-24,Web,Power
2748,2025-07-16,Lucknow,35-44,Android,Power
2749,2025-03-16,Bangalore,25-34,Android,Power
2750,2025-08-30,Delhi NCR,18-24,iOS,Power
2751,2025-11-08,Bangalore,25-34,Web,Returning
2752,2025-08-30,Delhi NCR,25-34,Web,Power
2753,2025-10-06,Delhi NCR,35-44,Web,Power
2754,2025-04-16,Hyderabad,25-34,iOS,Returning
2755,2025-11-05,Mumbai,18-24,Android,Power
2756,2025-11-08,Delhi NCR,45+,Android,Power
2757,2025-06-23,Chennai,18-24,Android,Returning
2758,2025-06-23,Mumbai,25-34,Android,Returning
2759,2025-05-02,Mumbai,25-34,Android,Power
2760,2025-04-22,Delhi NCR,18-24,Android,Power
2761,2025-11-03,Kolkata,25-34,Android,Returning
2762,2025-05-04,Pune,18-24,Web,Returning
2763,2025-09-21,Mumbai,35-44,Android,Power
2764,2025-08-15,Bangalore,18-24,Android,Power
2765,2025-06-14,Delhi NCR,25-34,iOS,Power
2766,2025-10-04,Hyderabad,25-34,iOS,Power
2767,2025-07-04,Chennai,18-24,Android,Power
2768,2026-01-13,Kolkata,25-34,Android,Returning
2769,2025-08-15,Bangalore,35-44,Android,Returning
2770,2026-01-13,Lucknow,25-34,Android,Returning
2771,2025-12-13,Lucknow,25-34,Android,Returning
2772,2025-10-28,Ahmedabad,25-34,iOS,Power
2773,2025-12-16,Hyderabad,45+,iOS,Returning
2774,2025-03-07,Bangalore,18-24,iOS,Returning
2775,2025-10-15,Delhi NCR,25-34,Android,Returning
2776,2025-12-01,Mumbai,18-24,Android,Power
2777,2025-04-10,Delhi NCR,35-44,Android,Returning
2778,2025-12-30,Chennai,35-44,Android,Returning
2779,2025-10-14,Hyderabad,35-44,iOS,Returning
2780,2026-01-10,Ahmedabad,45+,Web,Returning
2781,2025-06-15,Mumbai,18-24,Android,Power
2782,2025-11-14,Mumbai,18-24,Web,Power
2783,2025-11-08,Pune,18-24,Web,Returning
2784,2025-03-16,Delhi NCR,25-34,Android,Power
2785,2025-06-20,Mumbai,25-34,Android,Returning
2786,2025-11-03,Lucknow,35-44,Android,Power
2787,2025-08-15,Pune,25-34,iOS,Returning
2788,2025-03-29,Bangalore,25-34,Android,Power
2789,2026-01-09,Kolkata,35-44,Android,Returning
2790,2025-06-29,Chennai,18-24,Web,Power
2791,2026-01-25,Pune,18-24,Android,Returning
2792,2025-05-03,Kolkata,25-34,Android,Power
2793,2025-12-22,Mumbai,25-34,iOS,Returning
2794,2025-03-17,Hyderabad,45+,Web,Returning
2795,2025-04-15,Mumbai,25-34,Android,Returning
2796,2026-01-11,Mumbai,35-44,Android,Returning
2797,2025-12-17,Ahmedabad,25-34,iOS,Returning
2798,2025-08-21,Bangalore,18-24,iOS,Returning
2799,2025-06-13,Pune,18-24,Web,Power
2800,2025-03-10,Kolkata,18-24,Android,Returning
2801,2025-12-21,Jaipur,18-24,iOS,Returning
2802,2025-12-01,Kolkata,25-34,Android,Returning
2803,2025-06-14,Bangalore,25-34,Web,Returning
2804,2025-10-26,Delhi NCR,25-34,Android,Power
2805,2025-07-13,Mumbai,25-34,Android,Returning
2806,2025-05-10,Bangalore,18-24,Android,Returning
2807,2025-10-23,Delhi NCR,25-34,Android,Returning
2808,2025-05-25,Hyderabad,25-34,Android,Returning
2809,2025-04-22,Chennai,45+,Android,Power
2810,2025-11-21,Lucknow,45+,Android,Returning
2811,2025-04-09,Chennai,35-44,Android,Returning
2812,2025-05-08,Hyderabad,35-44,iOS,Returning
2813,2025-08-31,Delhi NCR,18-24,Android,Returning
2814,2025-09-08,Mumbai,18-24,iOS,Returning
2815,2025-04-19,Delhi NCR,35-44,iOS,Returning
2816,2025-03-02,Pune,25-34,Android,Returning
2817,2025-08-25,Delhi NCR,25-34,Android,Returning
2818,2026-01-03,Chennai,35-44,iOS,Returning
2819,2026-01-29,Hyderabad,25-34,Android,Returning
2820,2025-12-07,Mumbai,18-24,Android,Returning
2821,2025-09-30,Delhi NCR,18-24,Android,Returning
2822,2026-01-24,Bangalore,18-24,Android,Returning
2823,2025-07-31,Bangalore,35-44,Android,Power
2824,2025-03-02,Pune,25-34,Web,Returning
2825,2025-11-15,Pune,45+,Web,Power
2826,2025-03-24,Hyderabad,35-44,Web,Returning
2827,2025-07-24,Kolkata,18-24,Android,Returning
2828,2025-09-19,Hyderabad,18-24,Web,Returning
2829,2025-07-24,Jaipur,25-34,iOS,Power
2830,2025-06-04,Delhi NCR,45+,iOS,Returning
2831,2025-11-01,Chennai,18-24,Android,Power
2832,2025-03-30,Delhi NCR,35-44,Android,Returning
2833,2025-08-31,Delhi NCR,25-34,Web,Returning
2834,2025-11-15,Delhi NCR,18-24,Android,Returning
2835,2025-07-27,Hyderabad,45+,Web,Returning
2836,2025-08-08,Delhi NCR,18-24,Android,Power
2837,2025-12-21,Delhi NCR,25-34,Web,Returning
2838,2026-01-16,Lucknow,18-24,Android,Returning
2839,2025-04-06,Pune,35-44,Android,Returning
2840,2025-05-04,Pune,35-44,iOS,Power
2841,2025-07-16,Pune,35-44,iOS,Returning
2842,2025-08-29,Jaipur,18-24,iOS,Returning
2843,2025-11-14,Hyderabad,18-24,Android,Returning
2844,2025-12-07,Delhi NCR,25-34,Android,Returning
2845,2025-03-28,Kolkata,18-24,Android,Returning
2846,2025-06-24,Pune,25-34,Android,Returning
2847,2025-03-03,Bangalore,25-34,iOS,Returning
2848,2026-02-08,Bangalore,18-24,Android,New
2849,2025-08-17,Bangalore,35-44,Android,Returning
2850,2025-09-04,Ahmedabad,35-44,Web,Power
2851,2026-02-22,Delhi NCR,45+,Android,New
2852,2025-12-21,Jaipur,25-34,iOS,Returning
2853,2025-10-25,Ahmedabad,25-34,Android,Returning
2854,2025-09-22,Hyderabad,18-24,Android,Power
2855,2025-06-26,Hyderabad,18-24,iOS,Returning
2856,2025-08-10,Delhi NCR,25-34,Android,Returning
2857,2025-10-04,Mumbai,45+,Android,Returning
2858,2025-10-09,Mumbai,18-24,Web,Power
2859,2025-08-14,Pune,18-24,iOS,Power
2860,2025-09-28,Bangalore,18-24,Web,Returning
2861,2025-10-10,Mumbai,18-24,iOS,Returning
2862,2025-04-22,Delhi NCR,18-24,Android,Returning
2863,2025-09-17,Jaipur,25-34,Android,Power
2864,2025-04-21,Delhi NCR,25-34,iOS,Returning
2865,2026-02-08,Ahmedabad,18-24,Android,New
2866,2025-12-09,Delhi NCR,18-24,Android,Returning
2867,2025-12-22,Hyderabad,25-34,Android,Returning
2868,2025-10-21,Mumbai,25-34,Android,Power
2869,2025-12-04,Bangalore,18-24,Android,Returning
2870,2025-07-26,Hyderabad,45+,Android,Returning
2871,2025-04-30,Delhi NCR,25-34,iOS,Returning
2872,2025-03-21,Hyderabad,25-34,Android,Returning
2873,2025-03-25,Hyderabad,35-44,iOS,Power
2874,2025-09-21,Chennai,25-34,iOS,Returning
2875,2025-09-04,Pune,35-44,Android,Returning
2876,2025-11-04,Delhi NCR,45+,Android,Returning
2877,2025-08-17,Hyderabad,18-24,Android,Returning
2878,2025-04-08,Lucknow,35-44,Android,Returning
2879,2025-12-05,Ahmedabad,18-24,iOS,Returning
2880,2025-05-16,Jaipur,18-24,Android,Power
2881,2025-12-10,Bangalore,35-44,Android,Returning
2882,2025-09-30,Pune,45+,Android,Returning
2883,2025-12-30,Hyderabad,25-34,iOS,Returning
2884,2025-12-30,Mumbai,18-24,Android,Returning
2885,2025-03-12,Kolkata,25-34,iOS,Returning
2886,2026-02-01,Chennai,25-34,iOS,New
2887,2026-01-17,Delhi NCR,18-24,Android,Returning
2888,2025-09-13,Mumbai,45+,Android,Returning
2889,2025-12-05,Kolkata,25-34,Android,Returning
2890,2025-09-05,Mumbai,18-24,Android,Power
2891,2026-02-12,Mumbai,18-24,Android,New
2892,2025-11-23,Bangalore,25-34,Android,Power
2893,2025-08-15,Mumbai,25-34,Android,Returning
2894,2025-11-23,Ahmedabad,18-24,iOS,Power
2895,2025-12-26,Bangalore,35-44,Web,Returning
2896,2025-04-05,Hyderabad,18-24,iOS,Returning
2897,2025-03-25,Ahmedabad,25-34,Android,Returning
2898,2026-02-24,Hyderabad,35-44,Web,New
2899,2026-02-27,Delhi NCR,18-24,Android,New
2900,2026-02-07,Pune,25-34,Android,New
2901,2025-11-09,Bangalore,35-44,Android,Returning
2902,2026-01-03,Delhi NCR,25-34,Android,Returning
2903,2025-12-25,Chennai,25-34,Android,Returning
2904,2025-04-05,Pune,35-44,iOS,Returning
2905,2025-11-23,Pune,45+,Android,Returning
2906,2025-10-08,Lucknow,18-24,Android,Returning
2907,2025-10-27,Pune,25-34,Android,Power
2908,2025-09-15,Pune,18-24,iOS,Returning
2909,2025-12-05,Kolkata,18-24,Web,Returning
2910,2025-12-15,Mumbai,18-24,iOS,Returning
2911,2025-03-22,Delhi NCR,45+,Android,Power
2912,2025-05-11,Pune,25-34,iOS,Returning
2913,2026-01-01,Hyderabad,18-24,Android,Returning
2914,2025-10-14,Mumbai,18-24,Web,Power
2915,2025-11-22,Delhi NCR,45+,iOS,Returning
2916,2025-08-21,Delhi NCR,25-34,Android,Returning
2917,2025-07-01,Hyderabad,25-34,iOS,Power
2918,2025-04-16,Kolkata,35-44,Android,Returning
2919,2026-01-11,Jaipur,25-34,Android,Returning
2920,2026-01-28,Pune,18-24,iOS,Returning
2921,2025-05-28,Kolkata,25-34,Android,Returning
2922,2026-02-09,Bangalore,45+,Web,New
2923,2025-09-28,Bangalore,45+,Android,Returning
2924,2025-12-23,Bangalore,18-24,iOS,Returning
2925,2025-07-30,Hyderabad,18-24,iOS,Returning
2926,2025-10-09,Mumbai,18-24,Web,Returning
2927,2025-07-12,Hyderabad,25-34,Android,Power
2928,2025-07-31,Chennai,35-44,Android,Power
2929,2025-12-12,Bangalore,18-24,iOS,Returning
2930,2025-07-30,Jaipur,35-44,iOS,Returning
2931,2025-11-05,Hyderabad,25-34,Android,Returning
2932,2025-11-29,Delhi NCR,35-44,Android,Returning
2933,2025-06-04,Bangalore,45+,Web,Returning
2934,2025-09-14,Chennai,25-34,iOS,Returning
2935,2026-01-02,Delhi NCR,25-34,iOS,Returning
2936,2025-05-21,Mumbai,25-34,iOS,Power
2937,2026-02-03,Hyderabad,35-44,Android,New
2938,2025-12-25,Jaipur,18-24,Web,Returning
2939,2025-06-26,Bangalore,35-44,iOS,Power
2940,2025-06-20,Ahmedabad,18-24,Android,Returning
2941,2026-01-16,Kolkata,18-24,Android,Returning
2942,2025-11-24,Mumbai,18-24,Android,Power
2943,2026-01-18,Chennai,45+,iOS,Returning
2944,2025-07-17,Bangalore,25-34,iOS,Returning
2945,2025-06-12,Delhi NCR,18-24,Web,Returning
2946,2025-09-15,Chennai,45+,Web,Power
2947,2025-05-26,Pune,35-44,Android,Power
2948,2025-12-02,Mumbai,35-44,iOS,Returning
2949,2025-09-04,Ahmedabad,18-24,iOS,Power
2950,2025-08-16,Pune,18-24,Android,Power
2951,2025-04-28,Jaipur,25-34,Android,Returning
2952,2025-06-07,Delhi NCR,35-44,Android,Power
2953,2025-06-06,Jaipur,25-34,Android,Power
2954,2025-12-17,Delhi NCR,25-34,Android,Returning
2955,2026-02-21,Mumbai,35-44,iOS,New
2956,2025-05-08,Pune,18-24,iOS,Returning
2957,2025-09-18,Chennai,25-34,iOS,Returning
2958,2025-12-06,Hyderabad,25-34,iOS,Returning
2959,2025-12-19,Bangalore,18-24,Android,Returning
2960,2026-01-05,Mumbai,18-24,Android,Returning
2961,2026-01-13,Hyderabad,35-44,Android,Returning
2962,2025-07-06,Bangalore,35-44,Android,Returning
2963,2025-11-17,Hyderabad,18-24,Web,Returning
2964,2025-08-03,Bangalore,18-24,iOS,Returning
2965,2026-01-18,Jaipur,18-24,Android,Returning
2966,2025-04-19,Hyderabad,45+,Android,Power
2967,2025-06-06,Pune,25-34,iOS,Returning
2968,2025-06-11,Jaipur,45+,iOS,Returning
2969,2025-03-30,Hyderabad,35-44,iOS,Returning
2970,2025-06-15,Mumbai,25-34,Android,Power
2971,2025-05-22,Mumbai,18-24,Android,Returning
2972,2025-11-07,Chennai,25-34,Android,Power
2973,2025-03-03,Delhi NCR,18-24,iOS,Power
2974,2026-01-20,Hyderabad,18-24,Android,Returning
2975,2025-07-24,Delhi NCR,18-24,Android,Returning
2976,2025-10-23,Delhi NCR,25-34,iOS,Returning
2977,2026-02-21,Bangalore,25-34,Android,New
2978,2025-11-20,Lucknow,25-34,iOS,Power
2979,2025-09-06,Hyderabad,25-34,Android,Returning
2980,2025-11-14,Jaipur,18-24,Android,Returning
2981,2025-11-20,Jaipur,35-44,Web,Returning
2982,2025-06-14,Delhi NCR,35-44,Android,Returning
2983,2025-06-28,Delhi NCR,18-24,Android,Returning
2984,2025-05-30,Pune,25-34,Android,Returning
2985,2026-01-28,Kolkata,25-34,Web,Returning
2986,2025-10-15,Bangalore,18-24,iOS,Returning
2987,2026-02-17,Lucknow,18-24,Web,New
2988,2025-05-03,Mumbai,45+,iOS,Power
2989,2026-02-13,Delhi NCR,18-24,iOS,New
2990,2025-10-23,Hyderabad,25-34,Android,Power
2991,2025-12-28,Bangalore,35-44,iOS,Returning
2992,2025-11-12,Mumbai,25-34,Android,Power
2993,2026-02-08,Delhi NCR,18-24,iOS,New
2994,2025-09-24,Mumbai,35-44,iOS,Returning
2995,2025-06-05,Hyderabad,25-34,iOS,Returning
2996,2025-09-20,Ahmedabad,25-34,Android,Returning
2997,2025-06-14,Ahmedabad,35-44,iOS,Power
2998,2025-11-19,Chennai,35-44,Android,Returning
2999,2025-07-21,Bangalore,45+,Android,Returning
3000,2026-01-01,Bangalore,35-44,Web,Returning
3001,2025-06-27,Mumbai,25-34,Android,Returning
3002,2025-10-24,Delhi NCR,35-44,Android,Returning
3003,2025-05-22,Delhi NCR,45+,iOS,Returning
3004,2025-04-10,Kolkata,45+,iOS,Returning
3005,2026-02-04,Ahmedabad,35-44,Web,New
3006,2025-10-21,Hyderabad,18-24,iOS,Returning
3007,2025-03-13,Chennai,35-44,Android,Returning
3008,2025-08-17,Mumbai,18-24,Android,Returning
3009,2025-05-24,Hyderabad,25-34,Android,Power
3010,2025-09-28,Chennai,18-24,Android,Power
3011,2025-10-19,Bangalore,45+,iOS,Returning
3012,2025-07-17,Delhi NCR,25-34,Android,Returning
3013,2025-08-24,Kolkata,35-44,Android,Returning
3014,2025-06-09,Pune,25-34,iOS,Returning
3015,2025-10-18,Ahmedabad,18-24,Android,Power
3016,2025-08-02,Kolkata,25-34,Android,Returning
3017,2025-12-31,Lucknow,25-34,iOS,Returning
3018,2025-03-02,Delhi NCR,35-44,Android,Power
3019,2025-03-02,Mumbai,18-24,iOS,Power
3020,2025-07-31,Delhi NCR,18-24,iOS,Returning
3021,2025-07-28,Mumbai,25-34,Web,Returning
3022,2025-07-18,Bangalore,18-24,Android,Returning
3023,2025-10-21,Hyderabad,18-24,Android,Returning
3024,2025-12-15,Hyderabad,18-24,iOS,Returning
3025,2025-05-19,Delhi NCR,25-34,Android,Returning
3026,2025-05-28,Ahmedabad,18-24,Android,Power
3027,2025-09-26,Mumbai,25-34,Android,Returning
3028,2025-06-26,Delhi NCR,45+,iOS,Power
3029,2025-07-26,Chennai,35-44,Web,Power
3030,2025-08-23,Pune,25-34,Web,Returning
3031,2025-09-19,Bangalore,25-34,iOS,Returning
3032,2025-09-02,Mumbai,18-24,Android,Returning
3033,2026-01-26,Hyderabad,18-24,iOS,Returning
3034,2026-01-19,Mumbai,18-24,Android,Returning
3035,2025-04-28,Mumbai,25-34,Web,Power
3036,2025-03-28,Chennai,25-34,Web,Power
3037,2025-04-21,Delhi NCR,45+,Web,Power
3038,2025-12-16,Delhi NCR,45+,Web,Returning
3039,2025-05-26,Bangalore,18-24,Android,Power
3040,2025-09-06,Lucknow,25-34,iOS,Power
3041,2025-10-02,Jaipur,18-24,Web,Returning
3042,2025-06-01,Bangalore,25-34,iOS,Power
3043,2025-04-10,Delhi NCR,18-24,iOS,Power
3044,2025-11-13,Delhi NCR,45+,Web,Returning
3045,2025-10-13,Delhi NCR,35-44,iOS,Returning
3046,2025-03-16,Hyderabad,18-24,Android,Power
3047,2025-06-03,Hyderabad,35-44,Android,Returning
3048,2025-03-19,Bangalore,25-34,Android,Returning
3049,2025-05-16,Bangalore,25-34,Android,Returning
3050,2025-08-01,Delhi NCR,25-34,Android,Returning
3051,2025-06-02,Bangalore,25-34,iOS,Returning
3052,2025-12-25,Delhi NCR,35-44,Android,Returning
3053,2025-06-26,Hyderabad,35-44,Web,Returning
3054,2025-09-26,Chennai,25-34,Android,Returning
3055,2026-01-13,Hyderabad,35-44,Web,Returning
3056,2025-08-12,Bangalore,45+,Android,Returning
3057,2025-10-04,Hyderabad,25-34,iOS,Returning
3058,2025-10-28,Delhi NCR,18-24,iOS,Returning
3059,2026-02-28,Mumbai,35-44,iOS,New
3060,2025-06-27,Hyderabad,45+,Android,Returning
3061,2025-03-23,Delhi NCR,18-24,Android,Returning
3062,2025-10-24,Chennai,25-34,Android,Returning
3063,2025-08-22,Pune,18-24,Android,Power
3064,2025-12-24,Ahmedabad,35-44,Android,Returning
3065,2026-02-25,Jaipur,45+,Android,New
3066,2025-05-02,Mumbai,25-34,iOS,Returning
3067,2025-05-11,Lucknow,25-34,iOS,Returning
3068,2025-10-09,Chennai,45+,Web,Returning
3069,2025-08-22,Hyderabad,18-24,Android,Power
3070,2026-02-08,Mumbai,35-44,Android,New
3071,2025-07-17,Kolkata,25-34,iOS,Returning
3072,2025-04-22,Mumbai,25-34,Android,Returning
3073,2025-11-04,Kolkata,25-34,Android,Returning
3074,2025-05-03,Mumbai,25-34,iOS,Returning
3075,2025-10-10,Hyderabad,45+,iOS,Returning
3076,2026-01-21,Bangalore,45+,Web,Returning
3077,2025-03-11,Delhi NCR,35-44,Web,Returning
3078,2025-06-22,Mumbai,18-24,Web,Returning
3079,2025-04-02,Bangalore,25-34,iOS,Returning
3080,2025-08-06,Mumbai,25-34,Web,Returning
3081,2025-08-03,Bangalore,45+,Android,Returning
3082,2025-11-06,Hyderabad,25-34,iOS,Returning
3083,2025-07-19,Kolkata,45+,Android,Returning
3084,2025-10-18,Chennai,45+,iOS,Power
3085,2025-06-23,Mumbai,25-34,Android,Returning
3086,2025-07-25,Delhi NCR,35-44,Android,Returning
3087,2025-11-30,Delhi NCR,45+,Android,Returning
3088,2025-03-12,Ahmedabad,35-44,Android,Returning
3089,2026-01-14,Kolkata,25-34,Android,Returning
3090,2026-01-22,Delhi NCR,35-44,Android,Returning
3091,2025-10-10,Mumbai,18-24,iOS,Returning
3092,2025-11-21,Ahmedabad,25-34,Web,Returning
3093,2025-04-07,Ahmedabad,18-24,iOS,Power
3094,2025-08-23,Kolkata,18-24,iOS,Power
3095,2026-01-25,Kolkata,35-44,iOS,Returning
3096,2025-10-05,Bangalore,25-34,Web,Power
3097,2026-01-30,Mumbai,18-24,iOS,Returning
3098,2025-04-01,Bangalore,25-34,iOS,Power
3099,2025-12-07,Bangalore,45+,Web,Returning
3100,2025-05-24,Bangalore,35-44,Android,Returning
3101,2025-03-22,Hyderabad,18-24,Android,Returning
3102,2025-06-04,Delhi NCR,45+,iOS,Returning
3103,2025-09-28,Delhi NCR,25-34,Android,Returning
3104,2025-11-19,Bangalore,25-34,Android,Returning
3105,2025-07-29,Mumbai,35-44,Android,Power
3106,2025-10-02,Bangalore,45+,iOS,Power
3107,2025-12-08,Kolkata,35-44,Web,Returning
3108,2025-11-11,Kolkata,18-24,Android,Returning
3109,2025-05-30,Bangalore,25-34,Android,Power
3110,2025-08-12,Bangalore,25-34,Android,Returning
3111,2025-05-21,Mumbai,25-34,iOS,Power
3112,2025-09-09,Chennai,25-34,Android,Returning
3113,2025-04-08,Bangalore,25-34,Android,Returning
3114,2025-08-07,Bangalore,25-34,Android,Returning
3115,2025-12-28,Kolkata,18-24,Android,Returning
3116,2025-12-18,Bangalore,25-34,Android,Returning
3117,2025-06-23,Mumbai,35-44,iOS,Power
3118,2025-10-28,Delhi NCR,25-34,Android,Power
3119,2025-10-31,Bangalore,45+,iOS,Returning
3120,2025-05-30,Bangalore,18-24,Android,Returning
3121,2025-11-01,Kolkata,25-34,Android,Power
3122,2025-04-18,Hyderabad,25-34,Android,Power
3123,2025-09-18,Chennai,18-24,iOS,Power
3124,2025-05-19,Bangalore,18-24,iOS,Returning
3125,2025-06-09,Bangalore,45+,Web,Returning
3126,2025-04-15,Bangalore,25-34,Android,Power
3127,2025-09-21,Bangalore,25-34,Android,Returning
3128,2025-04-27,Hyderabad,25-34,Android,Returning
3129,2025-12-02,Delhi NCR,35-44,Android,Returning
3130,2025-10-10,Ahmedabad,25-34,Android,Returning
3131,2025-08-10,Delhi NCR,35-44,Android,Returning
3132,2025-04-26,Mumbai,25-34,Android,Power
3133,2025-07-17,Mumbai,25-34,iOS,Returning
3134,2025-04-01,Mumbai,18-24,iOS,Returning
3135,2025-07-22,Bangalore,35-44,Android,Returning
3136,2026-01-19,Delhi NCR,35-44,Android,Returning
3137,2025-08-17,Mumbai,25-34,iOS,Returning
3138,2025-12-23,Bangalore,18-24,Android,Returning
3139,2025-06-10,Chennai,25-34,iOS,Power
3140,2026-02-27,Mumbai,18-24,Web,New
3141,2025-03-05,Bangalore,25-34,Web,Returning
3142,2025-10-27,Pune,35-44,Android,Returning
3143,2025-11-11,Lucknow,35-44,iOS,Returning
3144,2025-12-05,Chennai,18-24,iOS,Returning
3145,2025-11-01,Delhi NCR,45+,Android,Returning
3146,2025-10-25,Chennai,45+,iOS,Power
3147,2025-06-19,Hyderabad,25-34,Android,Power
3148,2025-08-30,Delhi NCR,25-34,iOS,Returning
3149,2026-02-13,Kolkata,45+,Android,New
3150,2025-12-29,Bangalore,25-34,Android,Returning
3151,2025-09-24,Jaipur,25-34,iOS,Power
3152,2025-06-06,Chennai,35-44,Android,Returning
3153,2026-01-25,Hyderabad,18-24,Android,Returning
3154,2025-06-07,Chennai,35-44,Android,Returning
3155,2025-12-27,Bangalore,25-34,Android,Returning
3156,2026-01-10,Bangalore,25-34,iOS,Returning
3157,2025-06-19,Kolkata,18-24,Android,Power
3158,2025-10-03,Chennai,25-34,Android,Returning
3159,2025-04-10,Ahmedabad,25-34,Android,Power
3160,2025-05-01,Ahmedabad,25-34,Android,Returning
3161,2025-05-29,Lucknow,35-44,iOS,Power
3162,2025-03-09,Chennai,18-24,Android,Power
3163,2025-09-10,Bangalore,18-24,iOS,Returning
3164,2025-08-12,Mumbai,25-34,Android,Returning
3165,2025-04-11,Chennai,25-34,Android,Power
3166,2026-01-25,Delhi NCR,18-24,iOS,Returning
3167,2025-07-28,Delhi NCR,18-24,Android,Power
3168,2025-12-26,Delhi NCR,45+,Android,Returning
3169,2026-02-21,Kolkata,18-24,Android,New
3170,2025-05-04,Kolkata,35-44,Android,Returning
3171,2025-03-23,Hyderabad,25-34,Android,Returning
3172,2025-04-03,Bangalore,25-34,iOS,Returning
3173,2025-12-15,Chennai,18-24,Android,Returning
3174,2025-09-08,Hyderabad,35-44,Android,Power
3175,2026-01-13,Bangalore,18-24,Web,Returning
3176,2026-02-14,Delhi NCR,25-34,Web,New
3177,2025-03-05,Bangalore,18-24,Android,Returning
3178,2025-10-05,Hyderabad,35-44,Android,Power
3179,2026-02-03,Hyderabad,35-44,Android,New
3180,2025-04-27,Bangalore,25-34,Android,Power
3181,2025-11-28,Jaipur,25-34,Android,Returning
3182,2025-07-12,Mumbai,35-44,Android,Returning
3183,2026-02-08,Delhi NCR,35-44,Android,New
3184,2025-04-28,Bangalore,25-34,Android,Returning
3185,2026-01-22,Mumbai,45+,Android,Returning
3186,2025-05-29,Delhi NCR,25-34,Android,Returning
3187,2025-09-25,Delhi NCR,18-24,Android,Returning
3188,2025-09-03,Bangalore,18-24,Android,Power
3189,2025-10-20,Delhi NCR,25-34,iOS,Returning
3190,2025-04-24,Chennai,25-34,Web,Returning
3191,2025-03-18,Bangalore,18-24,Web,Power
3192,2026-02-01,Mumbai,18-24,Android,New
3193,2025-06-14,Pune,25-34,iOS,Returning
3194,2025-12-15,Mumbai,18-24,Android,Returning
3195,2025-12-24,Kolkata,18-24,Android,Returning
3196,2025-03-24,Jaipur,45+,iOS,Returning
3197,2025-08-19,Delhi NCR,25-34,iOS,Returning
3198,2025-09-20,Ahmedabad,18-24,Android,Returning
3199,2025-03-19,Pune,25-34,Android,Power
3200,2025-03-05,Ahmedabad,35-44,Android,Power
3201,2025-06-17,Chennai,25-34,iOS,Power
3202,2025-12-19,Delhi NCR,18-24,Web,Returning
3203,2025-12-04,Ahmedabad,35-44,Android,Returning
3204,2025-06-12,Delhi NCR,25-34,Web,Returning
3205,2025-07-30,Delhi NCR,25-34,Android,Returning
3206,2025-09-29,Delhi NCR,25-34,Web,Returning
3207,2025-08-03,Delhi NCR,35-44,iOS,Power
3208,2025-12-30,Bangalore,25-34,Android,Returning
3209,2025-06-06,Chennai,45+,Android,Returning
3210,2025-06-12,Ahmedabad,25-34,Android,Returning
3211,2025-07-26,Mumbai,35-44,Web,Returning
3212,2025-05-22,Jaipur,25-34,Android,Power
3213,2025-10-16,Ahmedabad,25-34,iOS,Returning
3214,2025-03-04,Mumbai,25-34,Android,Returning
3215,2025-11-28,Delhi NCR,18-24,Web,Power
3216,2025-11-12,Kolkata,18-24,Android,Returning
3217,2025-07-03,Hyderabad,35-44,Android,Returning
3218,2025-03-11,Pune,25-34,Android,Returning
3219,2025-10-10,Chennai,18-24,Android,Returning
3220,2025-05-14,Bangalore,25-34,Android,Returning
3221,2025-07-07,Mumbai,18-24,iOS,Power
3222,2025-03-26,Hyderabad,35-44,Android,Power
3223,2025-04-23,Mumbai,18-24,Android,Returning
3224,2025-09-05,Hyderabad,25-34,Android,Returning
3225,2025-10-11,Pune,25-34,Android,Returning
3226,2025-08-24,Hyderabad,25-34,Android,Returning
3227,2026-01-11,Lucknow,18-24,iOS,Returning
3228,2025-05-03,Bangalore,25-34,Android,Returning
3229,2025-08-23,Pune,35-44,Android,Returning
3230,2025-10-16,Chennai,35-44,iOS,Power
3231,2026-01-17,Lucknow,35-44,Android,Returning
3232,2025-03-13,Chennai,35-44,iOS,Returning
3233,2025-12-01,Mumbai,18-24,Android,Power
3234,2025-05-10,Jaipur,18-24,Android,Returning
3235,2025-03-25,Chennai,35-44,iOS,Power
3236,2025-06-29,Mumbai,35-44,Android,Returning
3237,2025-08-21,Chennai,25-34,Android,Returning
3238,2025-04-17,Ahmedabad,25-34,iOS,Power
3239,2025-11-15,Hyderabad,25-34,Android,Returning
3240,2025-03-03,Delhi NCR,18-24,Android,Returning
3241,2025-04-25,Kolkata,25-34,Web,Returning
3242,2025-07-11,Pune,45+,iOS,Returning
3243,2025-06-09,Hyderabad,25-34,Android,Power
3244,2025-03-22,Mumbai,25-34,iOS,Power
3245,2026-01-23,Delhi NCR,18-24,Android,Returning
3246,2025-04-30,Pune,18-24,Android,Power
3247,2026-01-19,Pune,25-34,iOS,Returning
3248,2026-02-12,Delhi NCR,45+,Android,New
3249,2025-03-22,Delhi NCR,35-44,Android,Returning
3250,2025-05-28,Mumbai,35-44,Android,Returning
3251,2025-04-28,Chennai,25-34,Web,Returning
3252,2026-01-01,Mumbai,25-34,Android,Returning
3253,2025-08-30,Mumbai,45+,Android,Returning
3254,2026-01-19,Mumbai,25-34,Android,Returning
3255,2026-01-21,Hyderabad,45+,Android,Returning
3256,2025-08-21,Bangalore,35-44,Android,Returning
3257,2025-06-07,Delhi NCR,25-34,Web,Returning
3258,2025-10-05,Ahmedabad,25-34,Android,Returning
3259,2025-04-02,Delhi NCR,25-34,Android,Returning
3260,2025-10-25,Bangalore,18-24,Android,Power
3261,2026-01-14,Jaipur,25-34,iOS,Returning
3262,2026-01-15,Bangalore,35-44,Android,Returning
3263,2026-02-28,Hyderabad,35-44,iOS,New
3264,2025-09-14,Mumbai,18-24,Web,Power
3265,2025-11-13,Pune,25-34,Android,Power
3266,2026-02-10,Bangalore,25-34,Web,New
3267,2025-04-03,Pune,25-34,Android,Power
3268,2025-12-19,Delhi NCR,25-34,Android,Returning
3269,2025-11-12,Bangalore,25-34,iOS,Power
3270,2025-06-06,Pune,25-34,iOS,Returning
3271,2025-07-04,Lucknow,18-24,iOS,Power
3272,2025-05-04,Mumbai,25-34,Android,Returning
3273,2025-12-01,Kolkata,25-34,Web,Returning
3274,2025-11-18,Delhi NCR,18-24,iOS,Returning
3275,2025-06-24,Hyderabad,25-34,Android,Power
3276,2026-02-21,Delhi NCR,25-34,Web,New
3277,2025-09-29,Hyderabad,35-44,Web,Returning
3278,2025-03-19,Delhi NCR,35-44,Android,Returning
3279,2025-09-08,Delhi NCR,25-34,iOS,Power
3280,2025-03-23,Mumbai,25-34,iOS,Returning
3281,2025-09-24,Mumbai,18-24,iOS,Returning
3282,2025-07-29,Ahmedabad,25-34,Android,Power
3283,2025-09-05,Lucknow,35-44,iOS,Power
3284,2025-09-07,Pune,25-34,Web,Returning
3285,2025-03-26,Delhi NCR,25-34,Android,Returning
3286,2025-03-28,Bangalore,18-24,iOS,Returning
3287,2025-10-06,Pune,45+,Android,Returning
3288,2025-04-11,Jaipur,45+,Android,Returning
3289,2025-09-21,Bangalore,18-24,Android,Returning
3290,2025-10-25,Kolkata,35-44,iOS,Returning
3291,2025-12-09,Lucknow,18-24,Android,Returning
3292,2025-10-05,Kolkata,25-34,Android,Power
3293,2025-07-05,Delhi NCR,18-24,Android,Power
3294,2025-12-07,Mumbai,18-24,Android,Returning
3295,2025-11-08,Bangalore,18-24,Android,Power
3296,2025-07-19,Hyderabad,45+,iOS,Power
3297,2025-04-03,Delhi NCR,35-44,iOS,Returning
3298,2025-07-01,Delhi NCR,18-24,Android,Returning
3299,2025-10-09,Pune,25-34,Android,Returning
3300,2026-01-19,Bangalore,18-24,iOS,Returning
3301,2025-06-16,Delhi NCR,18-24,Android,Returning
3302,2025-05-20,Hyderabad,35-44,Web,Returning
3303,2025-11-16,Chennai,18-24,Android,Returning
3304,2025-08-11,Pune,25-34,Android,Returning
3305,2025-04-28,Mumbai,25-34,Android,Returning
3306,2025-04-04,Pune,18-24,Android,Returning
3307,2025-06-08,Hyderabad,25-34,Android,Returning
3308,2025-08-03,Mumbai,45+,Android,Power
3309,2026-01-09,Pune,35-44,Android,Returning
3310,2025-11-03,Bangalore,18-24,Android,Returning
3311,2025-08-12,Delhi NCR,35-44,Android,Returning
3312,2026-01-21,Bangalore,45+,Web,Returning
3313,2026-02-01,Delhi NCR,18-24,iOS,New
3314,2025-06-15,Delhi NCR,25-34,iOS,Power
3315,2025-12-07,Pune,18-24,iOS,Returning
3316,2025-09-27,Mumbai,25-34,Android,Returning
3317,2025-11-04,Lucknow,25-34,iOS,Power
3318,2026-02-27,Hyderabad,18-24,Android,New
3319,2025-11-28,Delhi NCR,18-24,Android,Power
3320,2025-09-16,Mumbai,25-34,Android,Power
3321,2025-03-16,Hyderabad,25-34,iOS,Power
3322,2025-05-09,Hyderabad,25-34,iOS,Power
3323,2025-06-16,Mumbai,25-34,Android,Returning
3324,2025-12-10,Delhi NCR,18-24,Android,Returning
3325,2025-06-06,Pune,25-34,Android,Power
3326,2025-07-09,Mumbai,18-24,Android,Power
3327,2025-04-14,Kolkata,45+,Web,Returning
3328,2025-04-24,Chennai,25-34,Android,Returning
3329,2025-05-04,Bangalore,18-24,Android,Power
3330,2025-03-09,Delhi NCR,18-24,Android,Returning
3331,2025-07-31,Mumbai,18-24,Android,Power
3332,2025-12-29,Kolkata,18-24,Android,Returning
3333,2026-01-11,Mumbai,25-34,Web,Returning
3334,2025-10-25,Delhi NCR,35-44,Web,Returning
3335,2025-07-21,Hyderabad,25-34,Web,Returning
3336,2025-05-26,Delhi NCR,25-34,iOS,Power
3337,2025-05-11,Bangalore,35-44,iOS,Returning
3338,2025-05-21,Pune,25-34,Web,Power
3339,2025-05-28,Bangalore,18-24,Web,Returning
3340,2025-11-14,Jaipur,18-24,Web,Returning
3341,2025-10-06,Kolkata,35-44,Web,Power
3342,2025-11-22,Delhi NCR,35-44,iOS,Power
3343,2025-12-18,Bangalore,18-24,Android,Returning
3344,2025-10-30,Bangalore,18-24,Android,Returning
3345,2026-01-30,Hyderabad,35-44,iOS,Returning
3346,2025-08-25,Delhi NCR,25-34,Android,Returning
3347,2025-03-02,Jaipur,35-44,iOS,Power
3348,2025-03-12,Hyderabad,18-24,iOS,Power
3349,2025-05-17,Bangalore,45+,iOS,Returning
3350,2025-08-18,Hyderabad,35-44,Android,Returning
3351,2025-09-26,Bangalore,18-24,Android,Power
3352,2025-09-10,Kolkata,25-34,Android,Returning
3353,2025-03-31,Hyderabad,18-24,Android,Returning
3354,2026-01-19,Mumbai,25-34,iOS,Returning
3355,2025-12-28,Mumbai,25-34,Android,Returning
3356,2026-02-06,Kolkata,25-34,Android,New
3357,2025-03-06,Hyderabad,25-34,Android,Returning
3358,2025-12-16,Jaipur,18-24,iOS,Returning
3359,2026-01-12,Mumbai,35-44,Android,Returning
3360,2025-09-22,Delhi NCR,25-34,iOS,Returning
3361,2025-04-22,Delhi NCR,35-44,Android,Returning
3362,2025-11-03,Hyderabad,18-24,Android,Power
3363,2025-11-21,Bangalore,25-34,iOS,Returning
3364,2025-09-15,Mumbai,25-34,Web,Returning
3365,2025-05-15,Hyderabad,25-34,Android,Power
3366,2025-09-26,Hyderabad,25-34,iOS,Returning
3367,2026-02-22,Delhi NCR,25-34,iOS,New
3368,2025-08-17,Bangalore,45+,iOS,Returning
3369,2026-01-04,Pune,18-24,Android,Returning
3370,2025-04-14,Delhi NCR,35-44,iOS,Returning
3371,2025-08-20,Delhi NCR,25-34,Web,Returning
3372,2026-01-13,Delhi NCR,25-34,iOS,Returning
3373,2025-10-04,Pune,25-34,iOS,Returning
3374,2025-05-30,Kolkata,35-44,Android,Returning
3375,2025-09-25,Delhi NCR,25-34,Android,Returning
3376,2025-08-11,Delhi NCR,35-44,iOS,Returning
3377,2025-10-26,Ahmedabad,18-24,Android,Returning
3378,2025-04-30,Lucknow,25-34,Web,Returning
3379,2025-05-11,Chennai,25-34,Web,Power
3380,2025-12-27,Lucknow,25-34,iOS,Returning
3381,2025-04-10,Chennai,25-34,Web,Returning
3382,2025-09-06,Pune,25-34,Android,Power
3383,2025-11-05,Bangalore,25-34,Web,Returning
3384,2025-08-09,Bangalore,25-34,Android,Power
3385,2025-04-14,Mumbai,25-34,Android,Returning
3386,2026-01-29,Kolkata,25-34,iOS,Returning
3387,2025-11-08,Jaipur,25-34,Android,Returning
3388,2025-04-10,Hyderabad,18-24,Web,Returning
3389,2025-03-22,Delhi NCR,35-44,Android,Power
3390,2025-12-24,Mumbai,35-44,Web,Returning
3391,2025-12-16,Delhi NCR,18-24,Android,Returning
3392,2026-01-15,Delhi NCR,18-24,iOS,Returning
3393,2025-06-14,Hyderabad,18-24,iOS,Power
3394,2025-09-28,Jaipur,35-44,iOS,Returning
3395,2025-09-27,Mumbai,35-44,Android,Returning
3396,2025-03-03,Mumbai,18-24,iOS,Power
3397,2025-07-10,Hyderabad,35-44,Android,Returning
3398,2026-01-09,Delhi NCR,18-24,iOS,Returning
3399,2025-04-29,Ahmedabad,18-24,iOS,Power
3400,2025-06-12,Delhi NCR,45+,Android,Returning
3401,2025-04-20,Delhi NCR,35-44,Android,Returning
3402,2025-10-27,Delhi NCR,35-44,Android,Power
3403,2025-06-29,Mumbai,25-34,Web,Power
3404,2026-01-30,Hyderabad,25-34,Android,Returning
3405,2025-10-30,Mumbai,35-44,iOS,Returning
3406,2025-10-27,Bangalore,25-34,iOS,Power
3407,2026-01-23,Bangalore,18-24,Web,Returning
3408,2025-09-12,Mumbai,25-34,Android,Returning
3409,2025-10-28,Mumbai,35-44,Android,Returning
3410,2025-03-09,Bangalore,45+,iOS,Power
3411,2026-01-25,Chennai,25-34,iOS,Returning
3412,2025-12-04,Jaipur,35-44,Android,Returning
3413,2025-10-18,Mumbai,18-24,Android,Returning
3414,2025-08-17,Mumbai,25-34,Android,Power
3415,2025-05-31,Mumbai,25-34,Android,Power
3416,2025-08-12,Bangalore,18-24,iOS,Returning
3417,2025-05-20,Hyderabad,35-44,iOS,Returning
3418,2025-12-14,Kolkata,45+,Android,Returning
3419,2026-01-01,Chennai,18-24,Android,Returning
3420,2025-10-26,Delhi NCR,35-44,Android,Returning
3421,2025-11-12,Bangalore,25-34,iOS,Power
3422,2025-07-20,Ahmedabad,25-34,iOS,Returning
3423,2025-05-27,Delhi NCR,35-44,Android,Returning
3424,2025-12-23,Bangalore,18-24,Android,Returning
3425,2025-12-22,Jaipur,35-44,Android,Returning
3426,2025-09-17,Pune,25-34,Web,Returning
3427,2025-04-30,Pune,35-44,iOS,Returning
3428,2025-09-20,Delhi NCR,25-34,Android,Power
3429,2025-03-24,Bangalore,18-24,Android,Returning
3430,2025-04-26,Mumbai,25-34,Web,Returning
3431,2025-03-23,Hyderabad,18-24,iOS,Power
3432,2026-01-18,Mumbai,18-24,Android,Returning
3433,2025-03-12,Kolkata,18-24,Android,Returning
3434,2025-11-12,Kolkata,35-44,iOS,Power
3435,2026-01-09,Hyderabad,35-44,Android,Returning
3436,2025-06-24,Mumbai,45+,Android,Returning
3437,2025-03-25,Mumbai,35-44,Web,Returning
3438,2026-02-08,Pune,35-44,Web,New
3439,2025-05-05,Hyderabad,18-24,Web,Power
3440,2025-10-13,Chennai,35-44,Android,Power
3441,2025-03-07,Delhi NCR,35-44,Android,Returning
3442,2025-04-11,Bangalore,18-24,Android,Returning
3443,2025-11-29,Pune,25-34,iOS,Returning
3444,2025-05-25,Bangalore,25-34,iOS,Power
3445,2025-10-27,Hyderabad,45+,iOS,Returning
3446,2025-11-10,Pune,25-34,Web,Power
3447,2025-03-12,Delhi NCR,45+,iOS,Returning
3448,2025-10-13,Mumbai,18-24,Android,Returning
3449,2025-06-01,Hyderabad,18-24,Android,Returning
3450,2025-11-22,Mumbai,45+,Android,Power
3451,2025-06-22,Pune,18-24,Android,Returning
3452,2025-03-28,Chennai,25-34,Android,Returning
3453,2025-11-17,Ahmedabad,25-34,iOS,Returning
3454,2025-07-30,Hyderabad,35-44,Android,Returning
3455,2025-06-25,Mumbai,18-24,iOS,Returning
3456,2025-09-30,Delhi NCR,18-24,iOS,Returning
3457,2025-06-24,Pune,25-34,Android,Power
3458,2025-05-30,Mumbai,25-34,Android,Returning
3459,2025-09-17,Chennai,25-34,Android,Returning
3460,2025-03-25,Pune,35-44,Android,Power
3461,2026-02-21,Delhi NCR,35-44,iOS,New
3462,2025-05-21,Delhi NCR,35-44,iOS,Power
3463,2026-02-24,Hyderabad,18-24,iOS,New
3464,2025-10-07,Kolkata,25-34,Android,Returning
3465,2025-11-20,Delhi NCR,45+,Android,Power
3466,2025-09-18,Jaipur,25-34,iOS,Returning
3467,2025-10-05,Hyderabad,18-24,Android,Returning
3468,2025-12-27,Lucknow,45+,Android,Returning
3469,2025-11-30,Mumbai,25-34,Web,Power
3470,2025-11-04,Mumbai,35-44,Android,Power
3471,2025-03-12,Kolkata,18-24,iOS,Power
3472,2025-06-07,Kolkata,25-34,Android,Power
3473,2025-04-25,Bangalore,45+,Android,Power
3474,2025-09-09,Chennai,25-34,Android,Returning
3475,2026-01-13,Kolkata,18-24,Web,Returning
3476,2025-10-12,Mumbai,18-24,iOS,Returning
3477,2025-06-28,Hyderabad,18-24,Android,Power
3478,2025-10-03,Kolkata,25-34,Web,Power
3479,2025-06-28,Bangalore,35-44,Android,Returning
3480,2026-02-24,Delhi NCR,18-24,Android,New
3481,2025-08-29,Pune,18-24,Android,Returning
3482,2026-02-09,Delhi NCR,25-34,Android,New
3483,2026-01-14,Mumbai,25-34,Android,Returning
3484,2026-02-17,Jaipur,25-34,Android,New
3485,2025-12-21,Hyderabad,35-44,Web,Returning
3486,2026-02-12,Kolkata,35-44,iOS,New
3487,2025-10-05,Kolkata,18-24,iOS,Returning
3488,2025-09-28,Mumbai,25-34,iOS,Power
3489,2025-05-01,Mumbai,25-34,iOS,Returning
3490,2025-11-13,Delhi NCR,18-24,Android,Power
3491,2025-07-08,Delhi NCR,25-34,iOS,Returning
3492,2025-04-27,Chennai,35-44,Web,Returning
3493,2025-03-14,Hyderabad,18-24,iOS,Returning
3494,2025-12-21,Bangalore,18-24,Android,Returning
3495,2025-08-30,Delhi NCR,35-44,Android,Returning
3496,2025-06-24,Bangalore,25-34,Web,Returning
3497,2025-07-16,Hyderabad,25-34,Android,Returning
3498,2025-11-19,Bangalore,25-34,iOS,Power
3499,2025-12-16,Mumbai,45+,Android,Returning
3500,2025-07-28,Hyderabad,18-24,Android,Returning
3501,2025-08-10,Mumbai,18-24,iOS,Power
3502,2025-08-21,Delhi NCR,18-24,Android,Returning
3503,2025-06-25,Chennai,35-44,Android,Power
3504,2025-07-02,Mumbai,25-34,Android,Power
3505,2025-09-03,Hyderabad,45+,iOS,Returning
3506,2025-07-25,Delhi NCR,35-44,Android,Returning
3507,2025-12-09,Mumbai,25-34,Android,Returning
3508,2025-11-29,Delhi NCR,18-24,iOS,Power
3509,2025-09-07,Jaipur,25-34,Android,Returning
3510,2025-07-05,Bangalore,18-24,Android,Returning
3511,2025-06-14,Lucknow,45+,iOS,Returning
3512,2025-09-19,Bangalore,25-34,Android,Returning
3513,2026-01-12,Hyderabad,18-24,Android,Returning
3514,2025-04-06,Bangalore,25-34,Web,Power
3515,2025-04-07,Delhi NCR,18-24,iOS,Power
3516,2025-11-05,Delhi NCR,25-34,Android,Returning
3517,2025-03-29,Delhi NCR,18-24,iOS,Returning
3518,2025-03-29,Bangalore,25-34,Android,Returning
3519,2025-07-19,Delhi NCR,25-34,Android,Returning
3520,2025-03-14,Delhi NCR,25-34,Web,Power
3521,2025-04-07,Delhi NCR,25-34,Android,Returning
3522,2025-10-05,Bangalore,18-24,Web,Power
3523,2025-12-28,Chennai,25-34,Android,Returning
3524,2025-05-11,Kolkata,25-34,Android,Returning
3525,2025-04-12,Delhi NCR,25-34,Android,Power
3526,2025-04-10,Delhi NCR,45+,Android,Returning
3527,2026-02-16,Delhi NCR,18-24,iOS,New
3528,2025-08-24,Ahmedabad,25-34,iOS,Power
3529,2025-05-18,Mumbai,25-34,iOS,Returning
3530,2025-08-05,Chennai,25-34,iOS,Returning
3531,2025-11-07,Bangalore,35-44,iOS,Returning
3532,2026-02-07,Mumbai,18-24,Web,New
3533,2025-03-17,Delhi NCR,35-44,Android,Returning
3534,2025-07-30,Delhi NCR,18-24,iOS,Returning
3535,2025-09-11,Kolkata,25-34,Android,Returning
3536,2025-04-12,Bangalore,35-44,iOS,Power
3537,2026-01-06,Hyderabad,18-24,Web,Returning
3538,2025-05-07,Hyderabad,35-44,Android,Returning
3539,2025-04-15,Hyderabad,18-24,Android,Returning
3540,2025-10-26,Bangalore,35-44,Web,Power
3541,2025-05-28,Mumbai,25-34,Android,Returning
3542,2025-08-09,Delhi NCR,25-34,Web,Power
3543,2025-08-19,Delhi NCR,45+,Android,Power
3544,2025-09-13,Chennai,25-34,iOS,Returning
3545,2025-09-30,Mumbai,18-24,Web,Returning
3546,2026-01-25,Hyderabad,35-44,Android,Returning
3547,2025-08-29,Delhi NCR,18-24,Android,Returning
3548,2025-05-19,Jaipur,25-34,Android,Returning
3549,2026-01-03,Delhi NCR,45+,Android,Returning
3550,2025-07-22,Delhi NCR,25-34,Android,Returning
3551,2025-05-02,Ahmedabad,18-24,iOS,Returning
3552,2025-09-19,Bangalore,18-24,Web,Returning
3553,2026-02-10,Jaipur,18-24,iOS,New
3554,2025-06-10,Mumbai,25-34,iOS,Returning
3555,2025-05-23,Delhi NCR,18-24,iOS,Power
3556,2025-11-08,Chennai,35-44,iOS,Returning
3557,2025-04-08,Ahmedabad,25-34,iOS,Power
3558,2026-01-30,Delhi NCR,45+,Android,Returning
3559,2025-10-17,Jaipur,35-44,Android,Returning
3560,2025-12-24,Hyderabad,45+,Android,Returning
3561,2025-12-26,Pune,18-24,iOS,Returning
3562,2025-05-13,Bangalore,25-34,Android,Returning
3563,2026-02-04,Delhi NCR,25-34,Android,New
3564,2026-01-23,Ahmedabad,18-24,Android,Returning
3565,2026-02-28,Jaipur,25-34,Web,New
3566,2026-01-23,Bangalore,35-44,iOS,Returning
3567,2025-10-11,Mumbai,18-24,Android,Returning
3568,2025-07-12,Mumbai,18-24,iOS,Returning
3569,2025-10-16,Hyderabad,18-24,Web,Returning
3570,2025-08-25,Mumbai,35-44,Android,Returning
3571,2025-10-24,Bangalore,45+,Android,Returning
3572,2025-08-12,Delhi NCR,18-24,iOS,Returning
3573,2025-10-25,Chennai,25-34,Android,Power
3574,2025-06-17,Mumbai,45+,Web,Returning
3575,2025-09-18,Bangalore,25-34,iOS,Returning
3576,2026-01-25,Hyderabad,35-44,iOS,Returning
3577,2025-08-19,Hyderabad,18-24,iOS,Returning
3578,2025-08-22,Bangalore,25-34,Web,Returning
3579,2025-11-17,Delhi NCR,25-34,Android,Power
3580,2026-02-06,Chennai,35-44,Android,New
3581,2025-06-09,Kolkata,18-24,Android,Returning
3582,2025-05-15,Chennai,18-24,iOS,Returning
3583,2025-06-14,Jaipur,25-34,iOS,Returning
3584,2025-03-08,Chennai,25-34,iOS,Returning
3585,2025-12-16,Pune,35-44,iOS,Returning
3586,2025-03-11,Mumbai,35-44,Android,Power
3587,2025-12-19,Bangalore,18-24,Android,Returning
3588,2025-06-15,Bangalore,35-44,Android,Returning
3589,2025-08-25,Delhi NCR,18-24,iOS,Returning
3590,2025-09-09,Bangalore,25-34,iOS,Returning
3591,2025-05-15,Delhi NCR,35-44,iOS,Returning
3592,2026-01-15,Chennai,18-24,Android,Returning
3593,2025-12-30,Bangalore,18-24,Android,Returning
3594,2025-12-08,Bangalore,25-34,Web,Returning
3595,2025-10-29,Lucknow,35-44,Android,Power
3596,2025-03-08,Bangalore,25-34,Android,Returning
3597,2026-02-13,Delhi NCR,25-34,Android,New
3598,2025-12-25,Delhi NCR,35-44,iOS,Returning
3599,2025-10-07,Ahmedabad,35-44,Android,Power
3600,2025-09-20,Bangalore,35-44,Android,Returning
3601,2025-07-10,Hyderabad,25-34,iOS,Power
3602,2025-10-08,Delhi NCR,18-24,Android,Power
3603,2025-03-08,Hyderabad,18-24,Android,Power
3604,2025-08-25,Delhi NCR,35-44,iOS,Returning
3605,2025-04-13,Pune,35-44,iOS,Returning
3606,2026-02-16,Kolkata,45+,Android,New
3607,2025-08-29,Chennai,18-24,Android,Returning
3608,2025-11-10,Pune,18-24,Android,Power
3609,2025-05-15,Bangalore,18-24,Android,Power
3610,2025-05-10,Chennai,18-24,iOS,Returning
3611,2025-07-29,Bangalore,25-34,Android,Returning
3612,2025-11-01,Chennai,45+,Android,Returning
3613,2026-01-05,Delhi NCR,25-34,Android,Returning
3614,2026-02-02,Mumbai,25-34,Android,New
3615,2025-11-03,Bangalore,25-34,Android,Returning
3616,2025-07-23,Bangalore,18-24,Web,Returning
3617,2025-07-13,Delhi NCR,35-44,iOS,Power
3618,2026-01-07,Chennai,25-34,Android,Returning
3619,2025-05-10,Mumbai,18-24,Web,Returning
3620,2025-04-14,Delhi NCR,25-34,Android,Power
3621,2025-07-11,Pune,25-34,Android,Returning
3622,2025-09-24,Bangalore,18-24,Web,Returning
3623,2025-06-05,Chennai,18-24,Android,Returning
3624,2026-02-08,Hyderabad,25-34,Web,New
3625,2026-01-07,Jaipur,18-24,iOS,Returning
3626,2025-05-30,Hyderabad,18-24,Web,Returning
3627,2025-04-22,Mumbai,25-34,iOS,Returning
3628,2025-05-24,Delhi NCR,25-34,Android,Returning
3629,2025-07-30,Mumbai,25-34,Web,Returning
3630,2026-01-29,Ahmedabad,45+,Android,Returning
3631,2025-03-29,Mumbai,25-34,iOS,Returning
3632,2025-08-30,Bangalore,25-34,Android,Returning
3633,2026-02-06,Delhi NCR,35-44,iOS,New
3634,2026-01-28,Kolkata,25-34,iOS,Returning
3635,2025-12-17,Delhi NCR,18-24,iOS,Returning
3636,2026-02-19,Lucknow,25-34,iOS,New
3637,2026-01-06,Mumbai,35-44,iOS,Returning
3638,2026-01-08,Mumbai,35-44,Android,Returning
3639,2025-10-04,Delhi NCR,45+,Web,Returning
3640,2025-09-22,Kolkata,25-34,iOS,Returning
3641,2026-02-15,Kolkata,35-44,iOS,New
3642,2025-09-04,Mumbai,18-24,Web,Returning
3643,2026-01-07,Mumbai,25-34,Android,Returning
3644,2025-03-31,Pune,45+,Android,Returning
3645,2026-02-07,Mumbai,18-24,iOS,New
3646,2026-01-30,Mumbai,18-24,Android,Returning
3647,2025-08-22,Mumbai,25-34,Android,Power
3648,2025-06-14,Mumbai,35-44,Web,Returning
3649,2025-08-08,Delhi NCR,18-24,Android,Power
3650,2026-01-01,Mumbai,25-34,Web,Returning
3651,2025-06-10,Delhi NCR,18-24,Web,Returning
3652,2026-02-17,Kolkata,25-34,Android,New
3653,2025-11-02,Delhi NCR,45+,iOS,Returning
3654,2025-05-15,Chennai,18-24,Android,Returning
3655,2025-03-28,Mumbai,18-24,iOS,Power
3656,2025-06-26,Chennai,25-34,Android,Returning
3657,2025-03-12,Delhi NCR,25-34,Web,Returning
3658,2025-10-25,Pune,18-24,Android,Returning
3659,2025-12-16,Mumbai,25-34,iOS,Returning
3660,2025-03-05,Ahmedabad,45+,iOS,Returning
3661,2025-08-09,Delhi NCR,25-34,Android,Returning
3662,2026-01-11,Delhi NCR,25-34,iOS,Returning
3663,2025-12-12,Jaipur,25-34,Web,Returning
3664,2025-07-03,Hyderabad,25-34,iOS,Power
3665,2025-03-17,Delhi NCR,18-24,iOS,Returning
3666,2025-09-28,Jaipur,25-34,Android,Power
3667,2025-05-31,Delhi NCR,45+,iOS,Returning
3668,2025-11-25,Mumbai,18-24,Android,Returning
3669,2025-07-30,Lucknow,25-34,Android,Returning
3670,2025-05-11,Delhi NCR,18-24,iOS,Power
3671,2025-08-04,Kolkata,25-34,iOS,Power
3672,2025-03-23,Mumbai,25-34,Android,Returning
3673,2025-12-03,Pune,25-34,Android,Returning
3674,2025-04-29,Bangalore,25-34,iOS,Returning
3675,2025-06-10,Lucknow,18-24,Android,Returning
3676,2025-04-10,Hyderabad,35-44,Android,Returning
3677,2025-04-15,Mumbai,25-34,Android,Returning
3678,2025-09-25,Hyderabad,18-24,Android,Returning
3679,2025-09-26,Mumbai,45+,Web,Power
3680,2025-10-13,Pune,18-24,Web,Power
3681,2025-10-31,Kolkata,35-44,Android,Power
3682,2025-12-26,Bangalore,25-34,Android,Returning
3683,2025-11-14,Pune,25-34,Web,Power
3684,2025-10-05,Mumbai,18-24,Web,Returning
3685,2025-10-15,Bangalore,25-34,Android,Returning
3686,2025-09-20,Bangalore,18-24,iOS,Returning
3687,2025-11-21,Hyderabad,35-44,Android,Returning
3688,2025-03-28,Mumbai,35-44,Android,Returning
3689,2025-04-28,Pune,25-34,Android,Returning
3690,2025-10-11,Mumbai,35-44,Web,Returning
3691,2025-12-08,Chennai,45+,iOS,Returning
3692,2025-09-05,Mumbai,25-34,Android,Returning
3693,2025-08-15,Kolkata,25-34,iOS,Power
3694,2025-11-09,Mumbai,18-24,Android,Power
3695,2026-01-04,Bangalore,35-44,Android,Returning
3696,2025-09-03,Delhi NCR,35-44,Android,Returning
3697,2025-08-27,Chennai,18-24,iOS,Returning
3698,2025-07-26,Delhi NCR,25-34,Android,Returning
3699,2025-04-19,Chennai,45+,Android,Returning
3700,2025-07-27,Delhi NCR,18-24,Android,Returning
3701,2025-11-01,Pune,25-34,iOS,Power
3702,2025-09-07,Mumbai,25-34,Android,Power
3703,2026-02-06,Delhi NCR,25-34,Android,New
3704,2025-07-31,Bangalore,18-24,Android,Returning
3705,2025-07-09,Mumbai,18-24,Android,Returning
3706,2026-02-16,Delhi NCR,18-24,iOS,New
3707,2025-11-20,Jaipur,35-44,Web,Power
3708,2026-02-05,Lucknow,25-34,Android,New
3709,2025-03-02,Pune,25-34,iOS,Returning
3710,2026-02-18,Delhi NCR,25-34,Android,New
3711,2025-06-01,Delhi NCR,18-24,Android,Returning
3712,2025-05-24,Hyderabad,45+,Android,Returning
3713,2025-11-27,Mumbai,35-44,iOS,Power
3714,2025-08-12,Jaipur,25-34,Web,Power
3715,2026-02-08,Delhi NCR,25-34,iOS,New
3716,2025-03-26,Lucknow,25-34,Android,Returning
3717,2025-08-02,Bangalore,25-34,iOS,Returning
3718,2025-10-12,Pune,18-24,iOS,Returning
3719,2025-05-12,Mumbai,25-34,Android,Returning
3720,2025-05-07,Ahmedabad,45+,Web,Power
3721,2025-11-20,Delhi NCR,18-24,Android,Power
3722,2025-05-01,Chennai,25-34,iOS,Power
3723,2025-03-07,Pune,18-24,Android,Power
3724,2026-02-01,Mumbai,18-24,iOS,New
3725,2026-01-19,Bangalore,25-34,iOS,Returning
3726,2025-03-11,Bangalore,18-24,Android,Power
3727,2025-05-02,Delhi NCR,45+,Web,Returning
3728,2025-10-06,Bangalore,25-34,Android,Returning
3729,2025-06-18,Delhi NCR,18-24,Android,Returning
3730,2025-07-17,Delhi NCR,25-34,Web,Returning
3731,2025-07-08,Chennai,35-44,Android,Returning
3732,2025-03-05,Hyderabad,18-24,Android,Power
3733,2026-02-16,Delhi NCR,25-34,iOS,New
3734,2025-08-03,Ahmedabad,35-44,iOS,Returning
3735,2025-07-15,Kolkata,18-24,Web,Power
3736,2025-11-21,Bangalore,45+,iOS,Returning
3737,2026-01-29,Bangalore,18-24,iOS,Returning
3738,2026-02-13,Delhi NCR,18-24,Web,New
3739,2025-10-15,Chennai,25-34,iOS,Power
3740,2025-04-06,Chennai,18-24,Android,Power
3741,2025-09-16,Delhi NCR,25-34,iOS,Power
3742,2025-04-25,Chennai,25-34,Android,Returning
3743,2025-11-21,Delhi NCR,18-24,Android,Returning
3744,2025-11-12,Mumbai,45+,iOS,Power
3745,2025-03-23,Chennai,25-34,Web,Returning
3746,2025-09-09,Hyderabad,25-34,Android,Power
3747,2025-07-07,Bangalore,25-34,Android,Power
3748,2025-09-20,Bangalore,18-24,Android,Power
3749,2025-07-28,Jaipur,35-44,Android,Returning
3750,2025-06-10,Hyderabad,35-44,Android,Returning
3751,2025-06-11,Chennai,18-24,iOS,Returning
3752,2025-05-13,Mumbai,25-34,Android,Returning
3753,2025-05-31,Mumbai,25-34,Android,Power
3754,2026-02-26,Delhi NCR,25-34,Web,New
3755,2026-02-01,Hyderabad,35-44,iOS,New
3756,2025-04-09,Pune,18-24,Android,Returning
3757,2025-10-03,Delhi NCR,18-24,Android,Returning
3758,2026-02-01,Delhi NCR,18-24,Android,New
3759,2025-04-25,Delhi NCR,25-34,Web,Returning
3760,2025-12-26,Delhi NCR,18-24,Android,Returning
3761,2025-03-10,Jaipur,35-44,Web,Returning
3762,2026-02-08,Hyderabad,35-44,iOS,New
3763,2025-06-22,Mumbai,18-24,iOS,Returning
3764,2025-07-09,Chennai,35-44,Android,Returning
3765,2025-07-17,Chennai,25-34,Web,Power
3766,2026-02-16,Chennai,18-24,Android,New
3767,2025-04-22,Mumbai,18-24,Android,Power
3768,2026-01-11,Bangalore,18-24,Android,Returning
3769,2025-11-03,Mumbai,18-24,iOS,Power
3770,2026-01-06,Kolkata,35-44,Android,Returning
3771,2025-10-14,Chennai,25-34,Web,Returning
3772,2026-01-07,Bangalore,45+,Android,Returning
3773,2026-01-16,Delhi NCR,35-44,iOS,Returning
3774,2025-05-02,Delhi NCR,18-24,Android,Power
3775,2026-01-07,Mumbai,35-44,Android,Returning
3776,2025-12-17,Jaipur,18-24,Android,Returning
3777,2026-01-14,Delhi NCR,18-24,Web,Returning
3778,2026-02-16,Mumbai,25-34,Android,New
3779,2025-09-17,Jaipur,25-34,iOS,Returning
3780,2025-11-19,Hyderabad,25-34,Android,Returning
3781,2025-05-25,Pune,25-34,iOS,Returning
3782,2025-06-16,Mumbai,35-44,Android,Returning
3783,2025-03-29,Hyderabad,25-34,Android,Power
3784,2025-03-10,Bangalore,25-34,iOS,Power
3785,2025-10-14,Pune,25-34,Android,Power
3786,2025-09-19,Mumbai,25-34,Android,Returning
3787,2025-11-10,Bangalore,18-24,Android,Returning
3788,2025-11-19,Pune,45+,iOS,Power
3789,2026-02-12,Bangalore,25-34,Android,New
3790,2025-06-06,Hyderabad,25-34,Android,Returning
3791,2025-08-31,Mumbai,45+,iOS,Returning
3792,2026-02-05,Mumbai,45+,Android,New
3793,2026-01-31,Chennai,18-24,iOS,New
3794,2025-09-11,Chennai,18-24,iOS,Power
3795,2025-07-16,Lucknow,35-44,Web,Returning
3796,2025-08-25,Chennai,45+,Android,Power
3797,2025-03-20,Bangalore,25-34,iOS,Returning
3798,2025-07-14,Kolkata,25-34,Android,Returning
3799,2025-04-14,Mumbai,25-34,Android,Power
3800,2025-03-26,Bangalore,18-24,Android,Power
3801,2025-11-02,Delhi NCR,45+,Android,Power
3802,2025-09-26,Mumbai,25-34,Android,Returning
3803,2025-06-02,Pune,45+,iOS,Returning
3804,2025-09-07,Bangalore,25-34,Android,Returning
3805,2025-11-17,Hyderabad,45+,Android,Returning
3806,2025-11-29,Bangalore,25-34,Android,Returning
3807,2025-08-27,Bangalore,35-44,Android,Returning
3808,2025-05-22,Mumbai,45+,Android,Power
3809,2025-09-01,Chennai,25-34,Android,Power
3810,2025-09-12,Bangalore,25-34,Android,Power
3811,2025-08-26,Kolkata,18-24,iOS,Returning
3812,2025-09-07,Delhi NCR,25-34,Android,Returning
3813,2025-07-22,Delhi NCR,35-44,iOS,Power
3814,2025-07-11,Hyderabad,18-24,Web,Returning
3815,2025-09-20,Kolkata,35-44,Android,Power
3816,2025-10-18,Bangalore,25-34,Android,Power
3817,2025-07-20,Chennai,18-24,Android,Returning
3818,2025-09-29,Lucknow,18-24,Android,Returning
3819,2026-01-27,Lucknow,25-34,iOS,Returning
3820,2026-01-05,Pune,18-24,Android,Returning
3821,2026-02-22,Pune,45+,Android,New
3822,2025-06-30,Delhi NCR,35-44,Android,Returning
3823,2025-04-22,Kolkata,25-34,Android,Returning
3824,2025-10-26,Bangalore,18-24,Android,Power
3825,2026-02-17,Jaipur,25-34,Android,New
3826,2026-02-13,Mumbai,25-34,Android,New
3827,2025-08-05,Bangalore,18-24,iOS,Returning
3828,2026-01-17,Hyderabad,25-34,Android,Returning
3829,2025-10-17,Bangalore,35-44,iOS,Returning
3830,2025-07-16,Delhi NCR,18-24,Android,Returning
3831,2025-11-10,Hyderabad,25-34,Android,Returning
3832,2025-04-28,Pune,45+,Android,Power
3833,2025-09-22,Hyderabad,18-24,iOS,Returning
3834,2025-04-04,Delhi NCR,35-44,Android,Returning
3835,2025-06-10,Pune,25-34,Android,Returning
3836,2025-07-19,Delhi NCR,18-24,Android,Returning
3837,2025-07-27,Mumbai,18-24,Web,Returning
3838,2026-01-15,Chennai,18-24,iOS,Returning
3839,2025-07-30,Kolkata,18-24,Android,Power
3840,2026-01-01,Bangalore,18-24,Android,Returning
3841,2025-10-20,Hyderabad,25-34,Android,Returning
3842,2025-11-17,Delhi NCR,18-24,Android,Returning
3843,2025-08-18,Bangalore,25-34,iOS,Returning
3844,2025-09-25,Mumbai,35-44,iOS,Returning
3845,2025-11-23,Jaipur,35-44,Android,Returning
3846,2025-07-18,Pune,25-34,iOS,Power
3847,2025-08-08,Chennai,45+,Android,Returning
3848,2025-12-12,Hyderabad,18-24,Android,Returning
3849,2025-10-28,Pune,18-24,Android,Returning
3850,2025-07-26,Bangalore,18-24,Android,Power
3851,2026-02-25,Delhi NCR,35-44,Android,New
3852,2025-12-01,Mumbai,35-44,iOS,Returning
3853,2025-11-17,Hyderabad,25-34,Android,Returning
3854,2025-11-02,Ahmedabad,25-34,Android,Power
3855,2025-10-19,Mumbai,25-34,Web,Returning
3856,2025-04-23,Delhi NCR,18-24,Web,Returning
3857,2025-11-25,Bangalore,25-34,iOS,Returning
3858,2025-04-04,Pune,25-34,iOS,Returning
3859,2025-10-09,Delhi NCR,18-24,iOS,Returning
3860,2025-05-17,Delhi NCR,18-24,iOS,Power
3861,2026-02-01,Hyderabad,35-44,Android,New
3862,2025-05-27,Hyderabad,25-34,Android,Power
3863,2025-07-11,Mumbai,25-34,Android,Power
3864,2026-02-12,Mumbai,25-34,Android,New
3865,2026-01-01,Hyderabad,45+,Android,Returning
3866,2025-12-01,Bangalore,25-34,iOS,Returning
3867,2025-08-14,Lucknow,18-24,Android,Power
3868,2025-03-04,Chennai,25-34,Android,Returning
3869,2026-02-03,Mumbai,25-34,Android,New
3870,2026-02-04,Bangalore,18-24,Android,New
3871,2025-05-04,Bangalore,25-34,iOS,Power
3872,2025-03-27,Mumbai,25-34,iOS,Returning
3873,2025-06-07,Ahmedabad,25-34,iOS,Power
3874,2025-09-01,Pune,25-34,Android,Power
3875,2025-03-06,Delhi NCR,25-34,Android,Returning
3876,2025-12-23,Delhi NCR,45+,iOS,Returning
3877,2025-03-15,Mumbai,45+,Android,Returning
3878,2025-04-14,Delhi NCR,25-34,Android,Returning
3879,2026-01-11,Hyderabad,25-34,Android,Returning
3880,2025-09-07,Bangalore,35-44,Web,Returning
3881,2026-01-08,Jaipur,35-44,Web,Returning
3882,2025-11-19,Mumbai,35-44,Android,Returning
3883,2025-07-28,Hyderabad,18-24,Android,Returning
3884,2025-08-25,Kolkata,18-24,iOS,Power
3885,2026-01-03,Bangalore,45+,Android,Returning
3886,2026-01-13,Mumbai,45+,Android,Returning
3887,2025-09-23,Delhi NCR,25-34,Android,Returning
3888,2025-09-08,Delhi NCR,45+,Android,Power
3889,2025-07-02,Jaipur,35-44,Android,Returning
3890,2025-05-23,Ahmedabad,25-34,Android,Returning
3891,2025-07-03,Jaipur,25-34,Web,Power
3892,2026-02-24,Kolkata,25-34,Android,New
3893,2025-12-07,Delhi NCR,25-34,Android,Returning
3894,2025-04-27,Ahmedabad,45+,iOS,Returning
3895,2025-03-05,Lucknow,25-34,Android,Power
3896,2025-06-26,Delhi NCR,35-44,Web,Power
3897,2026-01-06,Delhi NCR,35-44,Android,Returning
3898,2025-09-21,Hyderabad,18-24,Web,Returning
3899,2025-07-18,Delhi NCR,18-24,Android,Returning
3900,2026-02-14,Mumbai,25-34,iOS,New
3901,2025-07-20,Jaipur,18-24,iOS,Power
3902,2025-12-30,Ahmedabad,25-34,Web,Returning
3903,2025-10-30,Mumbai,18-24,iOS,Returning
3904,2025-05-28,Bangalore,25-34,iOS,Returning
3905,2026-01-14,Kolkata,18-24,iOS,Returning
3906,2025-05-11,Chennai,18-24,iOS,Power
3907,2025-12-29,Bangalore,18-24,Web,Returning
3908,2025-12-05,Pune,45+,Android,Returning
3909,2025-08-03,Ahmedabad,25-34,Android,Returning
3910,2025-12-13,Ahmedabad,45+,Android,Returning
3911,2025-08-11,Delhi NCR,45+,Android,Returning
3912,2025-05-03,Mumbai,45+,iOS,Returning
3913,2025-07-21,Ahmedabad,25-34,Android,Power
3914,2025-07-22,Mumbai,35-44,Android,Returning
3915,2026-02-26,Chennai,18-24,iOS,New
3916,2026-02-23,Mumbai,18-24,iOS,New
3917,2025-11-28,Bangalore,35-44,iOS,Returning
3918,2026-02-21,Bangalore,18-24,Android,New
3919,2025-07-09,Mumbai,45+,Web,Returning
3920,2025-11-13,Ahmedabad,25-34,Android,Power
3921,2025-09-21,Mumbai,25-34,iOS,Power
3922,2025-08-04,Ahmedabad,18-24,Android,Power
3923,2025-07-04,Ahmedabad,35-44,Android,Returning
3924,2025-04-04,Delhi NCR,25-34,Web,Power
3925,2025-04-02,Chennai,35-44,iOS,Returning
3926,2026-01-10,Delhi NCR,25-34,Android,Returning
3927,2026-02-18,Pune,18-24,iOS,New
3928,2025-03-15,Hyderabad,25-34,Android,Power
3929,2025-09-26,Delhi NCR,25-34,Android,Returning
3930,2025-12-21,Bangalore,18-24,iOS,Returning
3931,2025-09-13,Chennai,18-24,iOS,Power
3932,2025-06-02,Ahmedabad,25-34,Web,Returning
3933,2025-12-23,Mumbai,35-44,Android,Returning
3934,2025-03-11,Hyderabad,25-34,iOS,Returning
3935,2025-06-22,Delhi NCR,18-24,Android,Returning
3936,2026-01-12,Pune,25-34,Android,Returning
3937,2025-08-29,Mumbai,25-34,Android,Returning
3938,2025-04-15,Chennai,25-34,Web,Returning
3939,2025-08-26,Mumbai,25-34,Android,Power
3940,2025-12-01,Hyderabad,25-34,Android,Power
3941,2025-04-03,Kolkata,18-24,iOS,Returning
3942,2025-10-13,Pune,25-34,Android,Power
3943,2025-03-09,Pune,25-34,Web,Power
3944,2025-12-02,Bangalore,25-34,Android,Returning
3945,2025-05-31,Ahmedabad,35-44,iOS,Power
3946,2026-02-10,Hyderabad,25-34,Android,New
3947,2025-04-24,Ahmedabad,35-44,Android,Returning
3948,2025-03-08,Hyderabad,35-44,iOS,Returning
3949,2025-09-28,Bangalore,18-24,iOS,Power
3950,2025-06-14,Delhi NCR,45+,Android,Power
3951,2025-11-13,Hyderabad,18-24,Android,Returning
3952,2025-05-20,Mumbai,45+,Android,Returning
3953,2026-01-01,Kolkata,18-24,Android,Returning
3954,2025-10-27,Chennai,25-34,Android,Returning
3955,2025-03-12,Lucknow,25-34,Android,Returning
3956,2025-06-01,Mumbai,45+,Android,Returning
3957,2025-11-14,Delhi NCR,18-24,Android,Returning
3958,2025-05-06,Kolkata,35-44,Android,Returning
3959,2025-06-29,Bangalore,35-44,Android,Returning
3960,2025-03-30,Bangalore,18-24,iOS,Power
3961,2025-06-27,Kolkata,25-34,iOS,Returning
3962,2026-02-21,Bangalore,25-34,Android,New
3963,2025-10-11,Delhi NCR,25-34,Android,Returning
3964,2025-03-04,Ahmedabad,35-44,Android,Returning
3965,2026-02-21,Mumbai,45+,iOS,New
3966,2025-03-14,Ahmedabad,35-44,iOS,Power
3967,2025-11-27,Mumbai,45+,Android,Returning
3968,2025-04-14,Chennai,18-24,Web,Returning
3969,2026-01-21,Mumbai,18-24,Android,Returning
3970,2025-12-10,Chennai,35-44,iOS,Returning
3971,2025-08-26,Mumbai,35-44,Android,Returning
3972,2025-12-07,Kolkata,18-24,Android,Returning
3973,2025-12-03,Bangalore,25-34,Android,Returning
3974,2025-07-02,Mumbai,35-44,iOS,Power
3975,2025-03-24,Chennai,18-24,Android,Returning
3976,2025-11-28,Bangalore,18-24,iOS,Returning
3977,2025-12-05,Delhi NCR,25-34,iOS,Returning
3978,2026-01-16,Mumbai,45+,Android,Returning
3979,2025-10-15,Bangalore,35-44,iOS,Returning
3980,2025-12-17,Mumbai,35-44,Android,Returning
3981,2026-01-24,Mumbai,25-34,Android,Returning
3982,2025-11-20,Delhi NCR,25-34,iOS,Power
3983,2025-09-26,Hyderabad,18-24,iOS,Returning
3984,2025-06-19,Bangalore,45+,Android,Returning
3985,2025-09-11,Mumbai,25-34,Android,Returning
3986,2025-07-28,Jaipur,25-34,Android,Power
3987,2025-09-12,Ahmedabad,35-44,Android,Returning
3988,2025-06-22,Delhi NCR,18-24,Web,Returning
3989,2025-03-06,Mumbai,45+,Android,Returning
3990,2025-04-13,Jaipur,25-34,Web,Returning
3991,2026-01-05,Bangalore,25-34,Web,Returning
3992,2025-11-30,Delhi NCR,18-24,Android,Returning
3993,2025-05-27,Bangalore,35-44,Android,Power
3994,2025-11-20,Pune,35-44,iOS,Returning
3995,2025-09-27,Mumbai,18-24,Android,Returning
3996,2025-03-17,Pune,18-24,Android,Returning
3997,2025-03-02,Pune,45+,Android,Power
3998,2025-10-11,Hyderabad,18-24,Android,Returning
3999,2025-09-09,Kolkata,25-34,Android,Power
4000,2026-02-19,Mumbai,25-34,Android,New
4001,2025-07-16,Hyderabad,35-44,iOS,Returning
4002,2025-06-09,Bangalore,25-34,Web,Power
4003,2025-06-26,Bangalore,25-34,Android,Power
4004,2025-06-27,Delhi NCR,45+,Android,Returning
4005,2025-09-27,Delhi NCR,18-24,Android,Returning
4006,2026-01-26,Mumbai,18-24,Android,Returning
4007,2025-10-23,Delhi NCR,18-24,iOS,Returning
4008,2025-09-22,Delhi NCR,45+,iOS,Returning
4009,2025-12-02,Chennai,35-44,Android,Returning
4010,2025-11-28,Mumbai,18-24,iOS,Returning
4011,2025-04-08,Chennai,35-44,iOS,Power
4012,2025-07-03,Delhi NCR,25-34,Android,Power
4013,2025-04-12,Mumbai,45+,iOS,Returning
4014,2025-11-04,Delhi NCR,18-24,Android,Returning
4015,2025-11-27,Delhi NCR,35-44,iOS,Returning
4016,2025-09-19,Hyderabad,25-34,Android,Returning
4017,2025-11-22,Delhi NCR,18-24,Android,Returning
4018,2025-11-08,Jaipur,35-44,iOS,Power
4019,2025-03-07,Jaipur,18-24,iOS,Returning
4020,2025-11-30,Bangalore,25-34,iOS,Returning
4021,2025-03-20,Pune,35-44,Android,Returning
4022,2025-08-07,Mumbai,25-34,iOS,Returning
4023,2026-02-12,Hyderabad,18-24,Android,New
4024,2025-05-31,Pune,45+,iOS,Returning
4025,2025-09-09,Delhi NCR,18-24,iOS,Power
4026,2025-11-05,Mumbai,25-34,Android,Power
4027,2025-03-17,Mumbai,35-44,Android,Returning
4028,2025-09-01,Bangalore,45+,iOS,Returning
4029,2025-11-30,Bangalore,25-34,iOS,Power
4030,2025-12-09,Bangalore,18-24,Web,Returning
4031,2025-04-11,Bangalore,35-44,Android,Power
4032,2025-11-07,Bangalore,18-24,iOS,Power
4033,2025-06-17,Pune,18-24,iOS,Power
4034,2026-01-02,Mumbai,45+,iOS,Returning
4035,2025-09-28,Pune,25-34,iOS,Power
4036,2025-11-05,Chennai,18-24,Android,Power
4037,2025-03-23,Pune,25-34,Android,Power
4038,2025-06-08,Pune,18-24,Android,Returning
4039,2025-04-20,Bangalore,18-24,Android,Returning
4040,2025-08-10,Delhi NCR,18-24,Android,Power
4041,2026-01-19,Hyderabad,35-44,Android,Returning
4042,2025-11-16,Jaipur,35-44,Android,Returning
4043,2025-08-20,Hyderabad,25-34,Android,Power
4044,2025-05-27,Mumbai,18-24,iOS,Returning
4045,2025-03-12,Mumbai,35-44,Android,Returning
4046,2025-07-07,Lucknow,25-34,Android,Power
4047,2025-07-23,Mumbai,25-34,iOS,Power
4048,2025-12-23,Mumbai,35-44,Android,Returning
4049,2025-08-16,Delhi NCR,25-34,iOS,Returning
4050,2025-06-18,Jaipur,25-34,Android,Power
4051,2025-10-13,Delhi NCR,45+,iOS,Power
4052,2025-04-23,Bangalore,25-34,Android,Returning
4053,2025-10-03,Hyderabad,25-34,Android,Power
4054,2025-11-22,Mumbai,25-34,Android,Returning
4055,2025-12-15,Ahmedabad,18-24,Android,Returning
4056,2025-05-23,Bangalore,35-44,iOS,Returning
4057,2025-11-12,Bangalore,35-44,iOS,Returning
4058,2025-08-25,Kolkata,18-24,iOS,Returning
4059,2025-08-14,Jaipur,18-24,Android,Returning
4060,2025-05-02,Bangalore,45+,iOS,Power
4061,2025-04-08,Mumbai,25-34,Android,Returning
4062,2025-09-28,Kolkata,18-24,Android,Returning
4063,2026-01-20,Bangalore,18-24,Android,Returning
4064,2025-10-19,Jaipur,25-34,iOS,Returning
4065,2025-10-20,Jaipur,18-24,Web,Returning
4066,2025-05-26,Mumbai,18-24,Android,Returning
4067,2025-03-04,Jaipur,35-44,Web,Returning
4068,2025-12-07,Delhi NCR,35-44,iOS,Returning
4069,2025-07-02,Hyderabad,25-34,Android,Power
4070,2025-11-05,Mumbai,18-24,iOS,Power
4071,2025-11-12,Ahmedabad,25-34,Android,Returning
4072,2025-07-23,Hyderabad,18-24,iOS,Power
4073,2026-01-19,Hyderabad,25-34,iOS,Returning
4074,2025-10-05,Ahmedabad,18-24,Android,Power
4075,2025-11-09,Bangalore,18-24,Web,Returning
4076,2025-11-18,Bangalore,25-34,Android,Returning
4077,2026-01-14,Kolkata,45+,iOS,Returning
4078,2025-04-11,Pune,18-24,Android,Returning
4079,2025-06-03,Jaipur,25-34,iOS,Power
4080,2025-08-18,Jaipur,25-34,iOS,Power
4081,2025-05-25,Bangalore,25-34,iOS,Power
4082,2025-05-22,Bangalore,35-44,Android,Returning
4083,2026-01-20,Delhi NCR,25-34,Web,Returning
4084,2025-08-24,Chennai,35-44,Android,Returning
4085,2025-09-18,Delhi NCR,18-24,Android,Returning
4086,2026-02-05,Pune,35-44,Android,New
4087,2026-02-05,Mumbai,18-24,iOS,New
4088,2026-02-25,Mumbai,18-24,Android,New
4089,2025-04-12,Delhi NCR,18-24,Android,Power
4090,2025-05-15,Mumbai,18-24,iOS,Power
4091,2025-09-01,Hyderabad,25-34,iOS,Returning
4092,2025-06-26,Mumbai,25-34,Android,Power
4093,2025-11-05,Mumbai,35-44,Android,Returning
4094,2025-05-26,Mumbai,18-24,Android,Power
4095,2025-12-22,Pune,25-34,Web,Returning
4096,2025-03-15,Kolkata,25-34,iOS,Power
4097,2025-06-20,Mumbai,25-34,iOS,Power
4098,2025-09-01,Pune,18-24,iOS,Returning
4099,2025-04-17,Bangalore,18-24,Android,Power
4100,2025-09-13,Delhi NCR,25-34,Android,Returning
4101,2025-04-22,Hyderabad,35-44,Android,Returning
4102,2025-06-25,Mumbai,25-34,Android,Returning
4103,2025-08-25,Pune,18-24,Web,Returning
4104,2026-01-06,Mumbai,18-24,Android,Returning
4105,2025-04-09,Jaipur,18-24,Web,Returning
4106,2025-03-09,Mumbai,25-34,Web,Returning
4107,2025-04-22,Hyderabad,25-34,iOS,Returning
4108,2025-10-14,Ahmedabad,18-24,iOS,Returning
4109,2025-09-14,Mumbai,25-34,Android,Power
4110,2025-11-18,Bangalore,25-34,Android,Power
4111,2025-12-06,Delhi NCR,25-34,iOS,Returning
4112,2025-04-18,Hyderabad,18-24,Android,Returning
4113,2025-08-01,Delhi NCR,25-34,Android,Returning
4114,2026-02-26,Mumbai,25-34,iOS,New
4115,2025-09-03,Hyderabad,35-44,Web,Returning
4116,2025-03-24,Bangalore,35-44,Web,Returning
4117,2025-05-02,Hyderabad,18-24,Android,Returning
4118,2025-04-03,Delhi NCR,18-24,Web,Returning
4119,2026-01-22,Delhi NCR,25-34,iOS,Returning
4120,2025-07-05,Hyderabad,25-34,iOS,Returning
4121,2025-09-13,Hyderabad,45+,Android,Returning
4122,2025-03-23,Delhi NCR,25-34,iOS,Power
4123,2025-04-21,Delhi NCR,35-44,iOS,Power
4124,2025-04-29,Delhi NCR,25-34,iOS,Returning
4125,2026-01-30,Mumbai,35-44,Android,Returning
4126,2025-08-23,Delhi NCR,35-44,iOS,Returning
4127,2025-03-09,Delhi NCR,35-44,Web,Returning
4128,2026-02-04,Hyderabad,25-34,Web,New
4129,2025-11-09,Hyderabad,35-44,Android,Returning
4130,2025-08-07,Bangalore,18-24,Android,Returning
4131,2025-08-28,Delhi NCR,45+,Android,Returning
4132,2026-01-13,Delhi NCR,25-34,iOS,Returning
4133,2025-07-16,Hyderabad,25-34,iOS,Power
4134,2026-01-21,Ahmedabad,45+,Android,Returning
4135,2026-02-13,Chennai,35-44,Web,New
4136,2026-02-07,Pune,35-44,iOS,New
4137,2025-07-31,Kolkata,18-24,Android,Returning
4138,2025-04-25,Delhi NCR,45+,Android,Power
4139,2025-10-03,Mumbai,35-44,Android,Returning
4140,2025-07-03,Hyderabad,25-34,iOS,Returning
4141,2025-06-02,Delhi NCR,45+,Android,Power
4142,2026-01-01,Hyderabad,18-24,iOS,Returning
4143,2025-05-18,Pune,18-24,iOS,Returning
4144,2025-08-11,Pune,25-34,Android,Returning
4145,2026-01-28,Delhi NCR,18-24,Android,Returning
4146,2025-09-20,Bangalore,25-34,iOS,Power
4147,2025-06-19,Hyderabad,18-24,Android,Returning
4148,2025-06-20,Kolkata,18-24,Web,Returning
4149,2026-02-20,Pune,25-34,Android,New
4150,2025-10-13,Lucknow,25-34,Android,Returning
4151,2026-02-19,Mumbai,18-24,iOS,New
4152,2025-07-30,Bangalore,18-24,iOS,Returning
4153,2025-06-01,Delhi NCR,25-34,Android,Returning
4154,2025-04-11,Mumbai,35-44,Android,Returning
4155,2026-01-12,Ahmedabad,35-44,iOS,Returning
4156,2025-11-10,Lucknow,18-24,Android,Returning
4157,2025-09-29,Delhi NCR,25-34,Android,Power
4158,2025-10-29,Mumbai,18-24,iOS,Power
4159,2025-03-09,Delhi NCR,25-34,iOS,Power
4160,2025-11-19,Kolkata,45+,iOS,Returning
4161,2025-07-03,Delhi NCR,25-34,Android,Power
4162,2025-04-14,Mumbai,25-34,Android,Returning
4163,2025-08-22,Mumbai,18-24,iOS,Returning
4164,2025-07-27,Bangalore,45+,iOS,Returning
4165,2026-01-09,Jaipur,25-34,iOS,Returning
4166,2025-05-13,Delhi NCR,25-34,Android,Returning
4167,2025-12-10,Bangalore,25-34,Android,Returning
4168,2025-12-03,Mumbai,18-24,iOS,Returning
4169,2025-08-19,Bangalore,35-44,Android,Power
4170,2025-11-17,Chennai,18-24,Android,Returning
4171,2025-06-03,Delhi NCR,25-34,Android,Power
4172,2025-11-25,Delhi NCR,25-34,Web,Power
4173,2025-08-15,Kolkata,18-24,Web,Returning
4174,2026-02-28,Mumbai,18-24,Android,New
4175,2025-09-15,Hyderabad,25-34,Android,Returning
4176,2025-10-26,Bangalore,25-34,Android,Power
4177,2025-04-22,Delhi NCR,18-24,Android,Power
4178,2025-12-10,Chennai,18-24,Android,Returning
4179,2025-06-23,Kolkata,35-44,Android,Returning
4180,2025-09-13,Hyderabad,35-44,iOS,Power
4181,2025-12-18,Mumbai,35-44,Android,Returning
4182,2025-10-11,Bangalore,25-34,iOS,Power
4183,2025-12-21,Bangalore,25-34,iOS,Returning
4184,2025-06-12,Hyderabad,18-24,Android,Returning
4185,2025-03-26,Chennai,18-24,Android,Returning
4186,2025-04-27,Mumbai,35-44,Web,Returning
4187,2025-06-29,Bangalore,35-44,iOS,Returning
4188,2026-02-26,Hyderabad,35-44,Android,New
4189,2025-03-29,Delhi NCR,25-34,Android,Power
4190,2025-12-28,Chennai,35-44,Web,Returning
4191,2026-01-11,Delhi NCR,45+,Android,Returning
4192,2025-12-15,Delhi NCR,25-34,Android,Returning
4193,2025-09-07,Jaipur,18-24,Web,Returning
4194,2025-11-12,Delhi NCR,25-34,iOS,Returning
4195,2025-08-30,Delhi NCR,18-24,iOS,Returning
4196,2025-08-21,Hyderabad,35-44,Android,Returning
4197,2025-12-26,Lucknow,25-34,Android,Returning
4198,2025-03-29,Lucknow,25-34,iOS,Returning
4199,2025-06-03,Hyderabad,25-34,iOS,Power
4200,2025-11-21,Mumbai,25-34,Android,Returning
4201,2026-01-28,Ahmedabad,18-24,Web,Returning
4202,2025-03-14,Hyderabad,45+,Android,Returning
4203,2025-10-24,Delhi NCR,18-24,Android,Returning
4204,2025-03-27,Kolkata,35-44,Android,Returning
4205,2026-01-17,Bangalore,35-44,iOS,Returning
4206,2025-12-13,Mumbai,18-24,iOS,Returning
4207,2025-04-21,Kolkata,45+,iOS,Power
4208,2025-05-16,Hyderabad,25-34,Android,Power
4209,2025-06-04,Delhi NCR,25-34,Web,Power
4210,2025-09-20,Delhi NCR,25-34,Android,Power
4211,2025-08-24,Hyderabad,25-34,Android,Power
4212,2025-06-27,Delhi NCR,18-24,iOS,Returning
4213,2025-07-28,Delhi NCR,35-44,Android,Returning
4214,2025-04-20,Hyderabad,25-34,Android,Returning
4215,2025-03-27,Ahmedabad,18-24,Android,Power
4216,2025-09-14,Hyderabad,35-44,Android,Returning
4217,2025-03-27,Pune,35-44,Android,Returning
4218,2025-08-20,Pune,25-34,Android,Returning
4219,2025-05-22,Chennai,18-24,Android,Power
4220,2025-03-30,Delhi NCR,25-34,Android,Returning
4221,2026-02-16,Kolkata,18-24,iOS,New
4222,2025-07-04,Bangalore,25-34,Android,Returning
4223,2025-04-15,Mumbai,45+,iOS,Returning
4224,2025-10-05,Delhi NCR,18-24,iOS,Power
4225,2025-08-09,Pune,18-24,iOS,Power
4226,2025-12-11,Mumbai,35-44,iOS,Returning
4227,2026-01-17,Mumbai,18-24,Android,Returning
4228,2025-12-02,Chennai,18-24,Android,Returning
4229,2025-10-04,Ahmedabad,25-34,iOS,Power
4230,2025-11-26,Hyderabad,35-44,iOS,Returning
4231,2025-10-01,Delhi NCR,35-44,Android,Returning
4232,2026-02-27,Mumbai,35-44,Android,New
4233,2026-02-07,Hyderabad,25-34,iOS,New
4234,2025-04-22,Mumbai,35-44,iOS,Returning
4235,2025-04-07,Hyderabad,18-24,iOS,Returning
4236,2026-02-22,Delhi NCR,25-34,Android,New
4237,2025-08-07,Ahmedabad,25-34,Android,Returning
4238,2025-11-07,Bangalore,18-24,Android,Power
4239,2025-06-02,Delhi NCR,25-34,Android,Power
4240,2025-12-08,Kolkata,25-34,Web,Returning
4241,2025-09-03,Delhi NCR,25-34,Android,Returning
4242,2025-08-03,Delhi NCR,25-34,Android,Power
4243,2025-04-07,Kolkata,35-44,Android,Returning
4244,2025-10-28,Delhi NCR,35-44,iOS,Power
4245,2025-11-08,Bangalore,18-24,Android,Returning
4246,2026-02-17,Delhi NCR,25-34,iOS,New
4247,2025-10-26,Mumbai,18-24,Web,Returning
4248,2026-01-07,Mumbai,18-24,Android,Returning
4249,2025-04-04,Chennai,35-44,Android,Returning
4250,2025-05-22,Hyderabad,18-24,iOS,Returning
4251,2025-10-12,Delhi NCR,18-24,iOS,Returning
4252,2025-11-24,Delhi NCR,18-24,Android,Power
4253,2026-02-24,Jaipur,35-44,Android,New
4254,2026-01-03,Lucknow,18-24,iOS,Returning
4255,2025-04-01,Bangalore,25-34,Android,Returning
4256,2025-12-22,Pune,18-24,Android,Returning
4257,2025-11-03,Pune,35-44,iOS,Power
4258,2026-01-01,Delhi NCR,45+,Android,Returning
4259,2026-01-27,Mumbai,25-34,iOS,Returning
4260,2025-04-17,Mumbai,35-44,Android,Power
4261,2026-01-10,Kolkata,35-44,Android,Returning
4262,2026-02-10,Pune,35-44,iOS,New
4263,2025-07-30,Chennai,35-44,Android,Power
4264,2025-08-16,Mumbai,18-24,iOS,Returning
4265,2026-01-13,Hyderabad,25-34,Android,Returning
4266,2025-09-15,Pune,45+,Android,Returning
4267,2025-05-16,Kolkata,25-34,Android,Power
4268,2025-10-11,Mumbai,45+,iOS,Returning
4269,2025-12-07,Chennai,25-34,Android,Returning
4270,2025-08-31,Mumbai,25-34,Android,Power
4271,2025-12-12,Chennai,25-34,Android,Returning
4272,2025-07-29,Hyderabad,35-44,iOS,Returning
4273,2026-02-15,Mumbai,25-34,Android,New
4274,2025-07-29,Pune,18-24,Web,Returning
4275,2025-10-24,Mumbai,35-44,Web,Returning
4276,2025-04-25,Kolkata,45+,Android,Returning
4277,2025-06-26,Delhi NCR,25-34,Android,Returning
4278,2026-01-31,Chennai,18-24,Web,New
4279,2025-05-25,Ahmedabad,18-24,Android,Power
4280,2025-03-28,Delhi NCR,45+,Web,Power
4281,2025-04-16,Bangalore,18-24,Android,Returning
4282,2025-08-11,Bangalore,25-34,Android,Returning
4283,2025-03-05,Mumbai,18-24,Web,Returning
4284,2026-01-03,Hyderabad,18-24,Android,Returning
4285,2025-07-26,Pune,25-34,Android,Returning
4286,2025-12-29,Ahmedabad,18-24,iOS,Returning
4287,2025-09-25,Kolkata,35-44,Web,Returning
4288,2025-08-11,Bangalore,25-34,Android,Returning
4289,2026-02-12,Chennai,25-34,Web,New
4290,2025-04-13,Pune,25-34,iOS,Returning
4291,2026-02-23,Bangalore,45+,Web,New
4292,2026-01-02,Mumbai,25-34,iOS,Returning
4293,2025-04-10,Bangalore,18-24,iOS,Power
4294,2025-04-17,Kolkata,18-24,iOS,Power
4295,2025-09-13,Hyderabad,25-34,Android,Returning
4296,2025-12-09,Chennai,35-44,Web,Returning
4297,2025-07-25,Delhi NCR,25-34,Android,Power
4298,2025-09-05,Jaipur,18-24,Android,Power
4299,2025-08-09,Bangalore,35-44,iOS,Returning
4300,2025-12-20,Chennai,25-34,Android,Returning
4301,2025-06-08,Mumbai,25-34,iOS,Power
4302,2025-11-23,Mumbai,18-24,iOS,Returning
4303,2025-03-21,Pune,18-24,Android,Returning
4304,2025-05-14,Jaipur,18-24,Android,Returning
4305,2025-08-05,Delhi NCR,18-24,Android,Returning
4306,2026-02-27,Mumbai,45+,Web,New
4307,2025-10-28,Delhi NCR,18-24,iOS,Returning
4308,2025-05-25,Mumbai,25-34,Android,Power
4309,2025-12-17,Delhi NCR,25-34,Web,Returning
4310,2025-09-16,Pune,25-34,Android,Returning
4311,2026-02-07,Jaipur,35-44,Android,New
4312,2025-09-28,Mumbai,25-34,Android,Power
4313,2025-05-10,Hyderabad,45+,Android,Returning
4314,2025-07-25,Delhi NCR,18-24,iOS,Returning
4315,2025-09-25,Mumbai,18-24,Android,Power
4316,2025-07-14,Delhi NCR,18-24,iOS,Power
4317,2026-02-09,Hyderabad,18-24,iOS,New
4318,2026-01-19,Mumbai,25-34,Android,Returning
4319,2025-10-04,Bangalore,35-44,iOS,Power
4320,2025-11-13,Mumbai,18-24,Android,Power
4321,2025-12-07,Delhi NCR,45+,iOS,Returning
4322,2025-04-13,Delhi NCR,25-34,Android,Power
4323,2025-04-26,Ahmedabad,25-34,Android,Returning
4324,2025-05-15,Chennai,18-24,Android,Returning
4325,2025-04-12,Kolkata,18-24,Web,Power
4326,2025-10-18,Bangalore,35-44,iOS,Returning
4327,2025-08-06,Delhi NCR,18-24,Web,Power
4328,2025-05-22,Bangalore,35-44,Android,Power
4329,2025-06-08,Mumbai,25-34,Web,Returning
4330,2025-12-18,Chennai,35-44,Android,Returning
4331,2025-03-14,Delhi NCR,35-44,iOS,Returning
4332,2026-01-12,Delhi NCR,18-24,Android,Returning
4333,2025-04-09,Hyderabad,25-34,Android,Returning
4334,2025-07-11,Bangalore,18-24,iOS,Returning
4335,2025-11-21,Lucknow,25-34,iOS,Returning
4336,2026-01-01,Delhi NCR,18-24,iOS,Returning
4337,2025-06-16,Hyderabad,25-34,Android,Returning
4338,2025-12-26,Delhi NCR,18-24,iOS,Returning
4339,2025-12-08,Lucknow,45+,Android,Returning
4340,2025-09-28,Bangalore,25-34,Android,Returning
4341,2025-06-08,Hyderabad,45+,Web,Returning
4342,2025-04-26,Mumbai,18-24,Android,Power
4343,2025-12-12,Pune,25-34,Web,Returning
4344,2025-04-20,Delhi NCR,25-34,Android,Returning
4345,2025-10-02,Bangalore,25-34,Web,Power
4346,2026-01-12,Ahmedabad,35-44,iOS,Returning
4347,2025-06-26,Lucknow,45+,Android,Power
4348,2025-05-27,Bangalore,18-24,Android,Returning
4349,2025-03-10,Kolkata,45+,iOS,Returning
4350,2025-11-23,Mumbai,25-34,iOS,Power
4351,2026-02-04,Kolkata,45+,Android,New
4352,2025-05-21,Hyderabad,25-34,iOS,Returning
4353,2025-05-04,Bangalore,45+,Android,Returning
4354,2025-12-23,Ahmedabad,35-44,iOS,Returning
4355,2026-02-22,Kolkata,18-24,Web,New
4356,2025-04-30,Delhi NCR,25-34,Android,Returning
4357,2025-10-15,Pune,18-24,iOS,Returning
4358,2025-09-18,Mumbai,25-34,Android,Returning
4359,2025-12-08,Kolkata,35-44,Android,Returning
4360,2025-10-14,Chennai,35-44,Web,Returning
4361,2025-12-18,Mumbai,35-44,Android,Returning
4362,2025-07-07,Chennai,25-34,Android,Power
4363,2026-01-14,Hyderabad,18-24,iOS,Returning
4364,2025-11-15,Hyderabad,18-24,iOS,Returning
4365,2025-05-17,Delhi NCR,35-44,Android,Power
4366,2025-06-12,Delhi NCR,18-24,Android,Returning
4367,2025-09-06,Pune,18-24,Android,Returning
4368,2025-09-16,Delhi NCR,25-34,Android,Returning
4369,2025-10-07,Bangalore,18-24,iOS,Power
4370,2025-04-05,Chennai,18-24,Android,Returning
4371,2025-05-22,Mumbai,18-24,iOS,Power
4372,2026-01-06,Hyderabad,45+,Android,Returning
4373,2025-09-04,Hyderabad,18-24,Android,Returning
4374,2025-06-30,Chennai,35-44,Android,Returning
4375,2025-03-25,Delhi NCR,18-24,iOS,Power
4376,2025-10-25,Bangalore,35-44,Android,Returning
4377,2025-06-03,Delhi NCR,25-34,Web,Power
4378,2025-10-20,Pune,35-44,Android,Returning
4379,2025-11-28,Mumbai,35-44,Android,Returning
4380,2025-12-18,Jaipur,25-34,Android,Returning
4381,2025-06-26,Hyderabad,45+,Android,Returning
4382,2025-03-18,Ahmedabad,25-34,iOS,Power
4383,2025-06-01,Bangalore,35-44,Web,Power
4384,2026-01-17,Delhi NCR,25-34,Android,Returning
4385,2026-01-19,Ahmedabad,45+,iOS,Returning
4386,2025-09-12,Mumbai,35-44,iOS,Returning
4387,2025-08-01,Mumbai,18-24,Web,Returning
4388,2025-09-14,Delhi NCR,25-34,Android,Returning
4389,2026-01-21,Jaipur,35-44,Android,Returning
4390,2025-06-29,Hyderabad,35-44,Android,Returning
4391,2025-10-01,Hyderabad,45+,Android,Returning
4392,2025-11-10,Chennai,18-24,iOS,Returning
4393,2026-01-13,Bangalore,25-34,Web,Returning
4394,2025-12-28,Pune,25-34,Android,Returning
4395,2025-07-19,Bangalore,18-24,iOS,Power
4396,2025-12-22,Kolkata,25-34,Web,Returning
4397,2025-05-06,Delhi NCR,25-34,Web,Returning
4398,2025-05-15,Delhi NCR,18-24,iOS,Power
4399,2025-05-09,Bangalore,18-24,iOS,Returning
4400,2025-08-10,Bangalore,18-24,Android,Returning
4401,2025-12-30,Hyderabad,35-44,Web,Returning
4402,2025-04-17,Delhi NCR,25-34,Android,Returning
4403,2025-04-21,Delhi NCR,18-24,Android,Returning
4404,2025-09-21,Bangalore,25-34,Android,Power
4405,2025-04-04,Hyderabad,18-24,iOS,Returning
4406,2026-02-13,Mumbai,45+,Android,New
4407,2025-03-28,Hyderabad,18-24,iOS,Returning
4408,2025-11-27,Delhi NCR,35-44,Android,Power
4409,2025-05-01,Bangalore,25-34,Android,Returning
4410,2025-10-14,Delhi NCR,35-44,Android,Power
4411,2025-03-28,Jaipur,18-24,Android,Returning
4412,2026-01-22,Chennai,18-24,Android,Returning
4413,2025-10-25,Delhi NCR,35-44,Android,Power
4414,2025-05-30,Hyderabad,18-24,Android,Returning
4415,2025-09-18,Kolkata,35-44,Web,Power
4416,2025-04-16,Bangalore,25-34,iOS,Returning
4417,2025-12-14,Kolkata,35-44,iOS,Returning
4418,2025-09-08,Mumbai,45+,Android,Returning
4419,2025-03-08,Kolkata,45+,Android,Returning
4420,2025-04-14,Hyderabad,25-34,iOS,Returning
4421,2025-11-30,Delhi NCR,25-34,iOS,Power
4422,2025-07-06,Bangalore,45+,Android,Returning
4423,2025-06-10,Lucknow,35-44,Android,Power
4424,2025-09-03,Pune,18-24,Web,Returning
4425,2025-08-04,Hyderabad,25-34,Android,Power
4426,2025-12-18,Mumbai,18-24,Android,Returning
4427,2025-11-14,Bangalore,45+,Android,Returning
4428,2025-03-21,Delhi NCR,18-24,iOS,Returning
4429,2025-05-10,Mumbai,25-34,iOS,Returning
4430,2025-05-21,Hyderabad,25-34,Android,Power
4431,2025-03-13,Ahmedabad,45+,Android,Power
4432,2025-08-31,Chennai,35-44,Android,Returning
4433,2026-01-23,Delhi NCR,18-24,Android,Returning
4434,2025-10-15,Hyderabad,25-34,Android,Returning
4435,2025-03-28,Jaipur,45+,Android,Power
4436,2026-01-04,Chennai,35-44,Android,Returning
4437,2025-08-26,Chennai,25-34,iOS,Returning
4438,2025-03-25,Jaipur,35-44,iOS,Returning
4439,2025-06-16,Pune,25-34,iOS,Returning
4440,2026-01-02,Mumbai,35-44,Android,Returning
4441,2025-03-03,Delhi NCR,18-24,Web,Returning
4442,2025-10-29,Jaipur,25-34,Web,Returning
4443,2025-08-25,Bangalore,35-44,Android,Returning
4444,2025-07-14,Mumbai,18-24,Android,Power
4445,2025-09-14,Bangalore,25-34,iOS,Returning
4446,2025-11-07,Chennai,18-24,iOS,Returning
4447,2025-06-22,Lucknow,18-24,Web,Power
4448,2025-11-14,Delhi NCR,35-44,iOS,Returning
4449,2026-01-23,Bangalore,25-34,Android,Returning
4450,2025-03-31,Kolkata,18-24,Android,Power
4451,2025-11-29,Delhi NCR,25-34,Android,Returning
4452,2026-02-11,Mumbai,25-34,Web,New
4453,2025-03-12,Jaipur,18-24,Web,Power
4454,2025-12-28,Bangalore,35-44,Android,Returning
4455,2025-10-02,Bangalore,25-34,iOS,Returning
4456,2025-10-13,Hyderabad,35-44,Android,Returning
4457,2025-08-27,Mumbai,18-24,Android,Power
4458,2025-08-28,Jaipur,25-34,Web,Returning
4459,2025-08-08,Delhi NCR,18-24,iOS,Power
4460,2025-06-14,Bangalore,18-24,Android,Returning
4461,2025-07-30,Mumbai,35-44,Android,Returning
4462,2025-06-18,Delhi NCR,18-24,Android,Returning
4463,2025-10-17,Pune,18-24,Android,Returning
4464,2025-12-30,Pune,45+,Android,Returning
4465,2025-03-03,Jaipur,25-34,Android,Power
4466,2025-04-25,Bangalore,18-24,iOS,Returning
4467,2025-12-03,Chennai,45+,iOS,Returning
4468,2025-04-11,Bangalore,18-24,iOS,Returning
4469,2025-08-06,Pune,35-44,iOS,Returning
4470,2025-10-23,Chennai,18-24,Web,Returning
4471,2025-04-24,Delhi NCR,25-34,Web,Returning
4472,2026-02-26,Delhi NCR,25-34,Android,New
4473,2025-07-02,Delhi NCR,18-24,Android,Returning
4474,2025-10-31,Hyderabad,25-34,Android,Returning
4475,2025-11-19,Jaipur,25-34,iOS,Returning
4476,2026-01-22,Delhi NCR,35-44,Web,Returning
4477,2025-03-25,Mumbai,35-44,iOS,Returning
4478,2025-10-19,Mumbai,25-34,Android,Power
4479,2025-08-11,Pune,25-34,iOS,Power
4480,2025-03-18,Delhi NCR,25-34,Android,Returning
4481,2026-02-08,Delhi NCR,35-44,Web,New
4482,2025-07-02,Delhi NCR,25-34,iOS,Returning
4483,2025-11-12,Hyderabad,25-34,iOS,Power
4484,2025-05-02,Hyderabad,25-34,Android,Power
4485,2025-12-07,Pune,45+,Android,Returning
4486,2025-12-08,Delhi NCR,25-34,Android,Returning
4487,2025-05-14,Bangalore,18-24,Android,Returning
4488,2025-12-22,Mumbai,25-34,Android,Returning
4489,2025-10-23,Mumbai,35-44,Web,Power
4490,2025-08-17,Bangalore,35-44,Android,Returning
4491,2025-10-12,Delhi NCR,35-44,Android,Power
4492,2025-05-22,Hyderabad,35-44,Android,Returning
4493,2025-04-23,Mumbai,25-34,Android,Returning
4494,2025-07-10,Mumbai,25-34,Web,Returning
4495,2026-02-06,Kolkata,35-44,Android,New
4496,2025-09-29,Hyderabad,18-24,Web,Returning
4497,2025-05-28,Chennai,25-34,Android,Power
4498,2025-12-30,Kolkata,35-44,Web,Returning
4499,2025-04-16,Bangalore,35-44,Android,Returning
4500,2026-01-08,Pune,45+,iOS,Returning
4501,2025-03-22,Bangalore,45+,Android,Returning
4502,2025-09-29,Delhi NCR,18-24,iOS,Power
4503,2025-07-07,Delhi NCR,45+,iOS,Returning
4504,2025-04-24,Bangalore,18-24,Android,Returning
4505,2025-05-03,Delhi NCR,35-44,Android,Returning
4506,2026-01-28,Delhi NCR,18-24,Web,Returning
4507,2026-01-05,Delhi NCR,25-34,Android,Returning
4508,2025-03-14,Mumbai,45+,Web,Returning
4509,2026-01-24,Mumbai,18-24,iOS,Returning
4510,2025-11-11,Mumbai,25-34,Android,Returning
4511,2025-09-05,Mumbai,18-24,Android,Returning
4512,2025-03-04,Delhi NCR,18-24,Web,Returning
4513,2025-04-21,Hyderabad,25-34,iOS,Returning
4514,2025-05-10,Delhi NCR,25-34,Android,Returning
4515,2025-03-30,Ahmedabad,18-24,iOS,Power
4516,2025-11-24,Pune,25-34,Android,Returning
4517,2025-07-31,Bangalore,35-44,Web,Power
4518,2025-04-18,Chennai,18-24,Android,Returning
4519,2025-10-15,Delhi NCR,25-34,Android,Returning
4520,2026-02-23,Mumbai,45+,Android,New
4521,2025-11-12,Ahmedabad,25-34,Android,Returning
4522,2026-01-25,Mumbai,25-34,Android,Returning
4523,2026-01-21,Jaipur,35-44,iOS,Returning
4524,2025-10-02,Hyderabad,35-44,iOS,Power
4525,2025-11-03,Delhi NCR,35-44,iOS,Returning
4526,2025-06-13,Bangalore,45+,Android,Returning
4527,2025-12-04,Bangalore,18-24,iOS,Returning
4528,2025-12-15,Mumbai,45+,Web,Returning
4529,2025-04-22,Delhi NCR,45+,Android,Returning
4530,2025-07-30,Pune,35-44,Android,Returning
4531,2025-05-20,Bangalore,25-34,Android,Returning
4532,2025-07-05,Delhi NCR,35-44,Android,Returning
4533,2025-09-17,Delhi NCR,18-24,Android,Returning
4534,2025-12-04,Kolkata,35-44,iOS,Returning
4535,2025-10-11,Bangalore,18-24,Web,Power
4536,2025-09-22,Bangalore,35-44,Android,Power
4537,2026-01-14,Jaipur,25-34,iOS,Returning
4538,2025-11-09,Delhi NCR,18-24,Android,Power
4539,2026-01-15,Bangalore,35-44,Android,Returning
4540,2025-06-27,Kolkata,25-34,iOS,Power
4541,2025-11-17,Pune,25-34,Android,Returning
4542,2025-12-06,Delhi NCR,18-24,Android,Returning
4543,2025-10-18,Mumbai,35-44,iOS,Returning
4544,2025-11-13,Chennai,25-34,iOS,Returning
4545,2026-02-11,Delhi NCR,25-34,iOS,New
4546,2025-11-27,Ahmedabad,25-34,Android,Returning
4547,2025-10-02,Mumbai,35-44,Android,Power
4548,2025-06-28,Delhi NCR,25-34,Android,Returning
4549,2025-05-16,Mumbai,25-34,Android,Returning
4550,2025-08-04,Chennai,25-34,iOS,Returning
4551,2025-10-26,Ahmedabad,25-34,iOS,Power
4552,2025-07-09,Hyderabad,45+,iOS,Power
4553,2025-10-30,Jaipur,35-44,Web,Returning
4554,2025-10-14,Mumbai,25-34,Android,Power
4555,2025-11-06,Mumbai,25-34,iOS,Returning
4556,2025-09-20,Kolkata,25-34,Android,Power
4557,2025-08-12,Kolkata,35-44,Android,Returning
4558,2025-07-10,Kolkata,18-24,Android,Returning
4559,2026-02-01,Pune,35-44,Web,New
4560,2026-02-18,Delhi NCR,18-24,Android,New
4561,2025-08-07,Delhi NCR,18-24,Android,Returning
4562,2025-09-15,Ahmedabad,18-24,iOS,Power
4563,2025-06-27,Delhi NCR,35-44,Android,Returning
4564,2026-01-13,Bangalore,45+,Android,Returning
4565,2025-06-28,Chennai,18-24,iOS,Power
4566,2025-10-25,Delhi NCR,25-34,Android,Power
4567,2025-10-05,Kolkata,18-24,Web,Returning
4568,2025-11-03,Mumbai,35-44,iOS,Returning
4569,2025-09-30,Pune,25-34,Android,Returning
4570,2025-12-19,Hyderabad,18-24,Android,Returning
4571,2025-03-03,Hyderabad,18-24,iOS,Returning
4572,2025-10-15,Bangalore,35-44,Android,Returning
4573,2025-09-07,Delhi NCR,25-34,Android,Power
4574,2025-05-16,Bangalore,18-24,iOS,Returning
4575,2026-02-10,Bangalore,25-34,iOS,New
4576,2025-08-18,Hyderabad,35-44,iOS,Returning
4577,2025-04-05,Delhi NCR,25-34,Web,Returning
4578,2025-09-07,Mumbai,25-34,Android,Returning
4579,2025-03-12,Mumbai,25-34,Android,Returning
4580,2025-10-11,Chennai,25-34,iOS,Returning
4581,2025-06-28,Mumbai,25-34,Android,Returning
4582,2025-11-28,Kolkata,45+,Android,Returning
4583,2025-07-05,Chennai,18-24,iOS,Power
4584,2025-08-08,Pune,25-34,Android,Returning
4585,2026-01-12,Kolkata,18-24,Android,Returning
4586,2025-06-29,Mumbai,18-24,iOS,Returning
4587,2025-04-15,Kolkata,25-34,iOS,Returning
4588,2025-04-18,Bangalore,45+,Android,Returning
4589,2025-05-10,Ahmedabad,18-24,iOS,Power
4590,2025-10-24,Ahmedabad,45+,Android,Returning
4591,2025-03-22,Mumbai,25-34,Android,Power
4592,2025-05-23,Bangalore,25-34,Android,Power
4593,2026-02-12,Bangalore,18-24,Android,New
4594,2025-12-20,Chennai,25-34,iOS,Returning
4595,2025-06-05,Delhi NCR,25-34,Android,Power
4596,2025-04-10,Delhi NCR,25-34,Web,Power
4597,2025-05-23,Bangalore,25-34,Android,Returning
4598,2025-04-30,Bangalore,25-34,Web,Power
4599,2026-02-22,Jaipur,25-34,Android,New
4600,2025-04-21,Pune,25-34,Android,Returning
4601,2025-04-30,Bangalore,35-44,Android,Returning
4602,2025-11-18,Mumbai,25-34,iOS,Returning
4603,2025-04-26,Mumbai,18-24,iOS,Power
4604,2025-08-20,Bangalore,25-34,iOS,Power
4605,2025-07-03,Kolkata,35-44,iOS,Power
4606,2025-12-29,Bangalore,18-24,Android,Returning
4607,2026-02-12,Hyderabad,35-44,Android,New
4608,2025-09-11,Ahmedabad,25-34,Android,Returning
4609,2026-02-04,Ahmedabad,25-34,Android,New
4610,2025-06-23,Delhi NCR,18-24,iOS,Returning
4611,2025-06-21,Mumbai,45+,Web,Returning
4612,2025-08-06,Delhi NCR,45+,Android,Returning
4613,2026-01-31,Chennai,45+,iOS,New
4614,2025-11-04,Jaipur,18-24,Android,Power
4615,2025-05-23,Mumbai,35-44,Android,Power
4616,2025-10-08,Mumbai,25-34,Android,Returning
4617,2026-02-04,Ahmedabad,35-44,Android,New
4618,2025-04-25,Pune,18-24,Android,Power
4619,2025-09-26,Lucknow,35-44,Android,Returning
4620,2025-12-18,Bangalore,45+,Android,Returning
4621,2025-11-01,Bangalore,18-24,Android,Returning
4622,2025-04-23,Mumbai,18-24,Android,Returning
4623,2025-04-14,Mumbai,18-24,Android,Returning
4624,2025-11-28,Hyderabad,18-24,Web,Power
4625,2025-12-05,Delhi NCR,25-34,iOS,Returning
4626,2025-03-30,Mumbai,35-44,Web,Power
4627,2025-03-02,Ahmedabad,18-24,iOS,Power
4628,2025-11-03,Delhi NCR,25-34,iOS,Power
4629,2025-07-11,Pune,25-34,Android,Power
4630,2025-08-14,Delhi NCR,18-24,iOS,Returning
4631,2025-08-07,Kolkata,25-34,Android,Power
4632,2025-03-27,Mumbai,18-24,Android,Returning
4633,2025-10-05,Pune,25-34,Android,Power
4634,2025-06-03,Mumbai,18-24,Android,Power
4635,2025-10-13,Bangalore,35-44,Android,Returning
4636,2025-09-01,Pune,18-24,Web,Returning
4637,2026-01-30,Mumbai,45+,Android,Returning
4638,2026-01-03,Delhi NCR,35-44,Web,Returning
4639,2025-07-12,Kolkata,25-34,Android,Returning
4640,2025-10-06,Ahmedabad,25-34,iOS,Returning
4641,2026-01-12,Mumbai,18-24,iOS,Returning
4642,2025-08-19,Mumbai,35-44,iOS,Returning
4643,2025-07-20,Mumbai,25-34,Android,Returning
4644,2025-10-16,Mumbai,35-44,iOS,Power
4645,2026-02-07,Lucknow,18-24,Android,New
4646,2026-02-23,Hyderabad,18-24,Android,New
4647,2025-08-09,Bangalore,25-34,iOS,Returning
4648,2025-07-05,Lucknow,18-24,Android,Returning
4649,2025-08-28,Hyderabad,25-34,Android,Returning
4650,2025-03-06,Chennai,18-24,Android,Returning
4651,2025-05-13,Delhi NCR,35-44,Web,Returning
4652,2025-03-31,Bangalore,35-44,iOS,Returning
4653,2025-07-24,Hyderabad,18-24,Android,Power
4654,2025-11-05,Mumbai,25-34,Android,Returning
4655,2025-04-22,Delhi NCR,25-34,Android,Returning
4656,2026-01-11,Delhi NCR,35-44,Android,Returning
4657,2025-09-09,Mumbai,25-34,iOS,Returning
4658,2025-12-09,Hyderabad,18-24,iOS,Returning
4659,2025-04-13,Hyderabad,18-24,iOS,Power
4660,2025-04-02,Bangalore,25-34,Web,Returning
4661,2026-01-15,Delhi NCR,45+,iOS,Returning
4662,2025-03-31,Chennai,35-44,iOS,Returning
4663,2026-02-09,Mumbai,18-24,iOS,New
4664,2025-07-23,Bangalore,35-44,iOS,Returning
4665,2025-10-29,Pune,45+,Web,Power
4666,2025-07-10,Mumbai,18-24,iOS,Returning
4667,2025-07-23,Pune,35-44,Android,Returning
4668,2025-04-12,Pune,25-34,Web,Returning
4669,2025-03-27,Mumbai,25-34,iOS,Power
4670,2026-02-26,Mumbai,25-34,Android,New
4671,2025-08-31,Lucknow,45+,iOS,Returning
4672,2025-08-07,Delhi NCR,18-24,Android,Returning
4673,2025-04-15,Kolkata,35-44,iOS,Returning
4674,2026-01-20,Hyderabad,18-24,Web,Returning
4675,2026-01-01,Delhi NCR,25-34,Android,Returning
4676,2025-12-29,Mumbai,45+,Web,Returning
4677,2025-10-20,Bangalore,35-44,iOS,Returning
4678,2025-12-31,Bangalore,25-34,iOS,Returning
4679,2025-04-04,Chennai,25-34,Android,Returning
4680,2025-10-30,Ahmedabad,18-24,Android,Returning
4681,2025-11-14,Pune,18-24,Android,Returning
4682,2025-11-25,Delhi NCR,35-44,Android,Returning
4683,2025-03-19,Kolkata,25-34,Android,Power
4684,2025-07-09,Kolkata,25-34,iOS,Returning
4685,2025-12-29,Ahmedabad,25-34,Web,Returning
4686,2025-06-18,Bangalore,25-34,Android,Power
4687,2026-01-11,Pune,18-24,Android,Returning
4688,2025-03-18,Hyderabad,25-34,iOS,Power
4689,2025-09-23,Delhi NCR,45+,Android,Returning
4690,2025-10-28,Lucknow,35-44,Web,Returning
4691,2025-04-18,Mumbai,25-34,iOS,Power
4692,2025-08-06,Mumbai,18-24,iOS,Returning
4693,2026-01-12,Ahmedabad,25-34,Android,Returning
4694,2025-10-16,Mumbai,35-44,Android,Returning
4695,2025-08-12,Ahmedabad,18-24,Android,Returning
4696,2025-06-24,Chennai,25-34,Android,Power
4697,2025-04-21,Mumbai,45+,iOS,Returning
4698,2025-03-09,Bangalore,25-34,Android,Power
4699,2025-04-17,Pune,25-34,Android,Power
4700,2025-05-10,Hyderabad,25-34,iOS,Returning
4701,2025-04-21,Jaipur,18-24,Android,Returning
4702,2025-08-04,Kolkata,18-24,Android,Returning
4703,2025-03-11,Delhi NCR,45+,iOS,Returning
4704,2025-08-02,Mumbai,18-24,Android,Power
4705,2025-08-21,Jaipur,25-34,Android,Returning
4706,2026-01-16,Bangalore,25-34,Android,Returning
4707,2026-01-31,Mumbai,35-44,iOS,New
4708,2026-01-01,Kolkata,35-44,Android,Returning
4709,2025-12-20,Kolkata,18-24,Android,Returning
4710,2025-11-29,Hyderabad,25-34,Android,Returning
4711,2025-06-09,Bangalore,25-34,Android,Returning
4712,2025-07-24,Chennai,25-34,Android,Returning
4713,2025-07-29,Chennai,25-34,iOS,Power
4714,2025-05-28,Ahmedabad,18-24,iOS,Returning
4715,2025-12-27,Jaipur,45+,iOS,Returning
4716,2025-03-20,Bangalore,25-34,Android,Power
4717,2025-05-13,Pune,25-34,Android,Returning
4718,2025-06-29,Jaipur,25-34,iOS,Power
4719,2025-12-29,Mumbai,18-24,iOS,Returning
4720,2025-04-03,Mumbai,25-34,Web,Power
4721,2025-09-12,Kolkata,18-24,Android,Returning
4722,2025-06-05,Delhi NCR,25-34,Android,Returning
4723,2025-06-07,Mumbai,35-44,iOS,Returning
4724,2026-01-06,Mumbai,35-44,Web,Returning
4725,2026-02-13,Bangalore,18-24,Web,New
4726,2026-02-21,Delhi NCR,25-34,Web,New
4727,2025-11-17,Delhi NCR,25-34,Web,Returning
4728,2026-01-01,Lucknow,25-34,iOS,Returning
4729,2025-04-22,Chennai,18-24,Android,Returning
4730,2026-01-20,Chennai,35-44,iOS,Returning
4731,2025-07-07,Mumbai,18-24,Android,Power
4732,2025-11-27,Pune,45+,Android,Returning
4733,2025-07-22,Pune,25-34,iOS,Returning
4734,2025-08-09,Chennai,35-44,iOS,Returning
4735,2025-10-14,Delhi NCR,18-24,iOS,Returning
4736,2025-05-05,Bangalore,35-44,Android,Returning
4737,2025-08-06,Kolkata,18-24,Android,Returning
4738,2025-03-30,Chennai,35-44,Web,Returning
4739,2025-12-10,Pune,25-34,iOS,Returning
4740,2025-07-26,Hyderabad,25-34,Android,Returning
4741,2026-02-27,Bangalore,18-24,iOS,New
4742,2025-09-04,Pune,18-24,Web,Returning
4743,2025-03-20,Mumbai,25-34,Android,Returning
4744,2025-05-26,Chennai,25-34,Android,Power
4745,2025-10-06,Lucknow,25-34,Android,Power
4746,2025-04-17,Pune,18-24,Android,Returning
4747,2025-07-20,Delhi NCR,18-24,Android,Power
4748,2025-12-29,Delhi NCR,35-44,Android,Returning
4749,2025-05-11,Chennai,35-44,Android,Returning
4750,2025-07-05,Ahmedabad,25-34,Android,Returning
4751,2025-08-18,Hyderabad,25-34,Android,Returning
4752,2025-09-16,Bangalore,35-44,Web,Returning
4753,2025-07-22,Mumbai,35-44,iOS,Power
4754,2025-12-30,Chennai,18-24,Android,Returning
4755,2025-10-23,Chennai,35-44,Android,Returning
4756,2025-09-09,Jaipur,25-34,Android,Returning
4757,2025-09-26,Delhi NCR,35-44,iOS,Returning
4758,2025-11-11,Pune,25-34,iOS,Returning
4759,2025-06-05,Bangalore,25-34,Web,Power
4760,2025-03-10,Hyderabad,25-34,iOS,Returning
4761,2025-05-27,Kolkata,25-34,Web,Returning
4762,2025-12-17,Delhi NCR,25-34,Android,Returning
4763,2025-08-06,Delhi NCR,35-44,Web,Power
4764,2025-05-26,Pune,25-34,iOS,Returning
4765,2025-04-09,Hyderabad,18-24,Android,Returning
4766,2025-03-26,Mumbai,18-24,Android,Returning
4767,2025-03-09,Bangalore,25-34,Android,Returning
4768,2025-03-26,Hyderabad,35-44,Android,Returning
4769,2025-08-09,Ahmedabad,35-44,iOS,Returning
4770,2025-09-21,Delhi NCR,25-34,iOS,Returning
4771,2026-02-01,Pune,25-34,Android,New
4772,2025-06-17,Mumbai,18-24,Android,Power
4773,2025-09-17,Delhi NCR,45+,Web,Returning
4774,2025-12-28,Delhi NCR,18-24,Android,Returning
4775,2026-02-07,Kolkata,25-34,Android,New
4776,2025-12-21,Delhi NCR,25-34,Android,Returning
4777,2025-11-25,Pune,35-44,Web,Returning
4778,2025-09-19,Bangalore,18-24,iOS,Power
4779,2025-12-12,Lucknow,25-34,Android,Returning
4780,2026-02-24,Kolkata,25-34,Android,New
4781,2025-04-19,Pune,25-34,Android,Returning
4782,2025-11-01,Kolkata,18-24,Android,Returning
4783,2025-05-03,Hyderabad,25-34,iOS,Power
4784,2025-09-04,Kolkata,25-34,Android,Returning
4785,2025-09-06,Delhi NCR,35-44,Android,Power
4786,2025-07-27,Mumbai,18-24,iOS,Power
4787,2026-01-04,Hyderabad,18-24,Android,Returning
4788,2025-08-26,Bangalore,35-44,Web,Power
4789,2025-07-12,Bangalore,35-44,Android,Power
4790,2025-06-19,Bangalore,35-44,Android,Power
4791,2025-11-17,Delhi NCR,35-44,Web,Power
4792,2025-12-14,Hyderabad,18-24,Android,Returning
4793,2025-07-14,Mumbai,18-24,Android,Power
4794,2025-06-16,Jaipur,18-24,Android,Returning
4795,2025-06-10,Ahmedabad,45+,Android,Returning
4796,2025-04-04,Jaipur,25-34,Web,Returning
4797,2025-08-31,Delhi NCR,18-24,Android,Power
4798,2025-06-18,Hyderabad,18-24,Android,Power
4799,2026-01-22,Jaipur,35-44,iOS,Returning
4800,2025-09-06,Ahmedabad,35-44,Android,Power
4801,2026-02-02,Pune,45+,Web,New
4802,2025-05-29,Bangalore,25-34,Android,Returning
4803,2025-10-12,Hyderabad,25-34,Android,Returning
4804,2025-05-06,Pune,18-24,Android,Returning
4805,2025-05-18,Delhi NCR,18-24,Android,Power
4806,2025-11-30,Hyderabad,18-24,Android,Returning
4807,2025-12-30,Kolkata,18-24,Android,Returning
4808,2025-03-19,Chennai,25-34,iOS,Returning
4809,2025-09-19,Bangalore,45+,Android,Returning
4810,2025-03-15,Hyderabad,18-24,Android,Power
4811,2025-10-09,Lucknow,45+,Android,Power
4812,2025-06-21,Hyderabad,25-34,Android,Returning
4813,2025-06-05,Pune,25-34,Android,Power
4814,2025-05-14,Chennai,25-34,Android,Returning
4815,2025-08-26,Chennai,25-34,Web,Power
4816,2025-05-01,Chennai,18-24,Android,Power
4817,2025-05-14,Bangalore,25-34,Android,Power
4818,2025-12-05,Bangalore,35-44,Android,Returning
4819,2025-09-16,Bangalore,35-44,Android,Power
4820,2025-11-07,Mumbai,25-34,iOS,Returning
4821,2025-03-10,Delhi NCR,35-44,Android,Power
4822,2025-08-30,Mumbai,25-34,Android,Power
4823,2025-08-06,Ahmedabad,45+,Android,Returning
4824,2025-06-18,Delhi NCR,25-34,Web,Power
4825,2025-07-09,Mumbai,45+,Android,Power
4826,2025-03-11,Mumbai,35-44,iOS,Power
4827,2026-02-26,Chennai,35-44,Android,New
4828,2025-08-05,Mumbai,18-24,Android,Power
4829,2025-08-16,Bangalore,25-34,iOS,Returning
4830,2025-03-25,Mumbai,25-34,Android,Power
4831,2025-10-27,Kolkata,18-24,Android,Returning
4832,2025-10-14,Jaipur,25-34,Android,Returning
4833,2025-03-27,Jaipur,45+,Android,Returning
4834,2026-02-04,Bangalore,25-34,Android,New
4835,2025-12-23,Hyderabad,18-24,Android,Returning
4836,2025-12-30,Hyderabad,25-34,Android,Returning
4837,2026-01-31,Delhi NCR,18-24,Android,New
4838,2026-02-10,Bangalore,25-34,iOS,New
4839,2025-09-11,Mumbai,25-34,Android,Returning
4840,2025-12-17,Pune,25-34,Android,Returning
4841,2025-12-30,Delhi NCR,35-44,iOS,Returning
4842,2025-09-29,Bangalore,18-24,Android,Power
4843,2025-05-29,Bangalore,35-44,Web,Returning
4844,2026-01-12,Hyderabad,45+,iOS,Returning
4845,2025-08-02,Kolkata,18-24,iOS,Returning
4846,2025-03-23,Chennai,35-44,Android,Returning
4847,2025-10-13,Chennai,25-34,iOS,Returning
4848,2025-11-11,Bangalore,25-34,iOS,Power
4849,2025-08-30,Mumbai,18-24,iOS,Power
4850,2026-02-01,Bangalore,25-34,Android,New
4851,2025-08-16,Jaipur,45+,iOS,Power
4852,2025-08-22,Lucknow,18-24,iOS,Returning
4853,2025-04-20,Pune,18-24,Android,Returning
4854,2026-01-09,Delhi NCR,18-24,iOS,Returning
4855,2025-10-03,Mumbai,25-34,Android,Returning
4856,2025-06-06,Bangalore,45+,iOS,Returning
4857,2026-01-10,Kolkata,25-34,iOS,Returning
4858,2025-06-28,Chennai,18-24,Android,Power
4859,2025-11-08,Ahmedabad,25-34,iOS,Power
4860,2025-09-12,Hyderabad,25-34,Web,Returning
4861,2025-09-16,Mumbai,18-24,Android,Returning
4862,2026-02-15,Mumbai,25-34,Android,New
4863,2025-08-10,Mumbai,18-24,iOS,Returning
4864,2025-05-17,Hyderabad,35-44,Android,Returning
4865,2025-08-24,Delhi NCR,25-34,Android,Returning
4866,2025-09-27,Pune,35-44,iOS,Power
4867,2026-01-05,Chennai,45+,Web,Returning
4868,2025-08-31,Delhi NCR,45+,Android,Power
4869,2025-08-03,Mumbai,18-24,Android,Power
4870,2025-12-16,Mumbai,45+,iOS,Returning
4871,2025-05-28,Pune,35-44,iOS,Returning
4872,2025-10-19,Bangalore,35-44,iOS,Power
4873,2025-03-23,Delhi NCR,18-24,Android,Power
4874,2026-01-01,Kolkata,18-24,Android,Returning
4875,2025-03-21,Hyderabad,45+,Android,Returning
4876,2025-08-31,Bangalore,18-24,iOS,Returning
4877,2025-03-27,Pune,18-24,Android,Power
4878,2025-04-14,Kolkata,25-34,Web,Power
4879,2025-12-27,Chennai,45+,Android,Returning
4880,2025-04-08,Bangalore,25-34,Web,Returning
4881,2025-06-14,Delhi NCR,45+,Android,Returning
4882,2025-08-20,Pune,25-34,iOS,Returning
4883,2025-10-09,Bangalore,18-24,Web,Returning
4884,2025-11-17,Chennai,25-34,Web,Power
4885,2025-07-30,Ahmedabad,25-34,Web,Returning
4886,2025-07-02,Ahmedabad,25-34,Android,Returning
4887,2025-08-04,Delhi NCR,25-34,Android,Returning
4888,2025-11-28,Delhi NCR,18-24,Android,Returning
4889,2025-10-10,Delhi NCR,18-24,Android,Power
4890,2025-11-09,Pune,25-34,Android,Power
4891,2026-01-01,Delhi NCR,25-34,iOS,Returning
4892,2026-01-17,Mumbai,18-24,iOS,Returning
4893,2025-08-06,Mumbai,18-24,Android,Returning
4894,2025-06-06,Delhi NCR,25-34,iOS,Power
4895,2025-05-09,Mumbai,45+,Android,Returning
4896,2025-11-03,Mumbai,25-34,iOS,Returning
4897,2026-02-09,Chennai,18-24,Android,New
4898,2025-07-22,Mumbai,25-34,Android,Returning
4899,2025-09-16,Mumbai,25-34,Android,Power
4900,2025-10-21,Kolkata,25-34,Web,Returning
4901,2025-09-26,Kolkata,18-24,Web,Power
4902,2025-08-29,Delhi NCR,25-34,Android,Power
4903,2025-12-01,Mumbai,25-34,Android,Returning
4904,2025-11-27,Chennai,18-24,iOS,Power
4905,2026-02-16,Delhi NCR,18-24,Android,New
4906,2025-04-13,Mumbai,25-34,iOS,Returning
4907,2025-05-12,Mumbai,25-34,Android,Power
4908,2025-07-14,Mumbai,45+,iOS,Returning
4909,2025-04-13,Hyderabad,25-34,Android,Returning
4910,2025-05-13,Ahmedabad,35-44,Android,Returning
4911,2026-02-03,Pune,18-24,Android,New
4912,2025-12-16,Hyderabad,35-44,Web,Returning
4913,2025-03-02,Bangalore,25-34,Android,Returning
4914,2025-05-06,Hyderabad,25-34,iOS,Power
4915,2025-10-02,Bangalore,18-24,Android,Returning
4916,2025-10-04,Delhi NCR,18-24,Android,Returning
4917,2026-02-21,Chennai,35-44,Web,New
4918,2026-01-31,Kolkata,18-24,Android,New
4919,2025-05-09,Delhi NCR,18-24,Web,Returning
4920,2025-08-04,Kolkata,18-24,Web,Returning
4921,2025-10-24,Bangalore,18-24,iOS,Returning
4922,2025-03-26,Bangalore,25-34,Android,Returning
4923,2025-11-05,Mumbai,25-34,iOS,Returning
4924,2025-10-08,Chennai,18-24,Web,Returning
4925,2025-04-17,Pune,25-34,Web,Returning
4926,2025-07-09,Chennai,35-44,iOS,Returning
4927,2026-02-22,Mumbai,45+,Android,New
4928,2026-01-15,Mumbai,25-34,iOS,Returning
4929,2025-07-05,Hyderabad,25-34,Android,Returning
4930,2025-09-27,Bangalore,18-24,Android,Returning
4931,2025-09-01,Bangalore,25-34,iOS,Returning
4932,2025-07-29,Jaipur,35-44,iOS,Returning
4933,2025-12-03,Chennai,25-34,iOS,Returning
4934,2025-06-18,Bangalore,25-34,iOS,Returning
4935,2025-12-18,Mumbai,25-34,Android,Returning
4936,2025-09-03,Mumbai,45+,Android,Returning
4937,2025-08-01,Chennai,35-44,Android,Power
4938,2025-05-12,Kolkata,35-44,Android,Power
4939,2025-07-10,Chennai,18-24,Android,Returning
4940,2025-07-05,Bangalore,18-24,Web,Returning
4941,2025-07-21,Mumbai,35-44,Android,Power
4942,2025-11-02,Jaipur,18-24,Android,Returning
4943,2025-04-22,Lucknow,25-34,Android,Power
4944,2025-06-10,Hyderabad,25-34,iOS,Returning
4945,2025-08-06,Mumbai,25-34,Android,Returning
4946,2025-11-26,Hyderabad,25-34,Android,Returning
4947,2025-07-22,Ahmedabad,35-44,Android,Power
4948,2025-05-29,Chennai,18-24,Android,Power
4949,2025-07-13,Chennai,35-44,iOS,Power
4950,2025-04-26,Mumbai,35-44,iOS,Power
4951,2025-11-02,Mumbai,45+,Android,Returning
4952,2025-06-06,Mumbai,25-34,Web,Returning
4953,2025-06-01,Ahmedabad,25-34,Android,Power
4954,2025-12-27,Bangalore,45+,Android,Returning
4955,2025-05-07,Pune,25-34,iOS,Power
4956,2025-03-16,Mumbai,25-34,iOS,Power
4957,2026-02-18,Ahmedabad,25-34,Android,New
4958,2025-11-23,Kolkata,18-24,iOS,Returning
4959,2025-12-20,Delhi NCR,25-34,Android,Returning
4960,2025-03-02,Kolkata,25-34,Web,Power
4961,2026-01-02,Delhi NCR,25-34,iOS,Returning
4962,2025-05-15,Delhi NCR,18-24,Android,Power
4963,2025-06-23,Delhi NCR,35-44,Android,Power
4964,2025-05-29,Ahmedabad,25-34,iOS,Returning
4965,2026-01-10,Ahmedabad,25-34,iOS,Returning
4966,2025-03-08,Delhi NCR,45+,iOS,Returning
4967,2025-07-28,Chennai,18-24,Web,Returning
4968,2026-01-08,Chennai,35-44,Android,Returning
4969,2025-06-03,Pune,25-34,iOS,Returning
4970,2025-12-07,Delhi NCR,35-44,Android,Returning
4971,2025-05-12,Bangalore,25-34,Android,Power
4972,2025-10-26,Chennai,18-24,iOS,Power
4973,2025-05-09,Mumbai,25-34,Android,Returning
4974,2025-12-19,Delhi NCR,25-34,Android,Returning
4975,2025-05-09,Chennai,18-24,iOS,Returning
4976,2025-07-08,Delhi NCR,35-44,Android,Returning
4977,2026-01-04,Jaipur,25-34,Web,Returning
4978,2025-03-06,Mumbai,35-44,Android,Power
4979,2025-11-11,Jaipur,25-34,Android,Power
4980,2025-08-21,Delhi NCR,25-34,Android,Returning
4981,2025-11-28,Mumbai,45+,Android,Returning
4982,2025-03-16,Delhi NCR,45+,Web,Returning
4983,2026-01-04,Pune,18-24,Android,Returning
4984,2025-12-31,Pune,35-44,Android,Returning
4985,2025-10-14,Delhi NCR,25-34,Android,Power
4986,2026-01-21,Delhi NCR,18-24,iOS,Returning
4987,2026-02-01,Hyderabad,25-34,Android,New
4988,2026-01-11,Bangalore,45+,iOS,Returning
4989,2025-10-27,Pune,45+,iOS,Returning
4990,2026-02-16,Mumbai,18-24,Android,New
4991,2026-01-24,Hyderabad,35-44,Web,Returning
4992,2025-11-20,Pune,35-44,iOS,Returning
4993,2025-05-23,Lucknow,25-34,Android,Returning
4994,2025-12-05,Chennai,25-34,iOS,Returning
4995,2026-02-25,Delhi NCR,25-34,iOS,New
4996,2025-07-21,Mumbai,18-24,Web,Returning
4997,2025-03-28,Hyderabad,35-44,Android,Returning
4998,2025-09-16,Bangalore,18-24,iOS,Power
4999,2025-03-22,Ahmedabad,25-34,Android,Power
5000,2025-05-27,Chennai,18-24,Android,Power
5001,2025-10-22,Bangalore,35-44,iOS,Returning
5002,2026-01-29,Bangalore,25-34,iOS,Returning
5003,2026-02-18,Bangalore,25-34,iOS,New
5004,2025-05-03,Delhi NCR,25-34,iOS,Returning
5005,2025-11-25,Mumbai,18-24,iOS,Returning
5006,2025-08-23,Hyderabad,35-44,Web,Power
5007,2025-08-21,Delhi NCR,25-34,Android,Returning
5008,2025-06-08,Delhi NCR,25-34,Android,Power
5009,2025-10-24,Mumbai,18-24,iOS,Power
5010,2025-07-06,Delhi NCR,18-24,Android,Power
5011,2025-03-11,Mumbai,45+,Android,Power
5012,2025-11-09,Chennai,25-34,iOS,Returning
5013,2025-04-19,Bangalore,35-44,iOS,Power
5014,2025-03-23,Hyderabad,18-24,Android,Power
5015,2025-10-07,Hyderabad,25-34,Web,Returning
5016,2025-12-26,Lucknow,45+,Android,Returning
5017,2025-06-27,Mumbai,18-24,Android,Returning
5018,2025-07-21,Bangalore,25-34,Android,Power
5019,2025-04-22,Delhi NCR,45+,Android,Power
5020,2025-11-15,Bangalore,35-44,Android,Power
5021,2025-09-01,Ahmedabad,18-24,Android,Returning
5022,2025-08-29,Chennai,25-34,iOS,Returning
5023,2025-07-18,Chennai,18-24,iOS,Returning
5024,2025-06-09,Bangalore,35-44,Android,Power
5025,2025-05-27,Chennai,25-34,Android,Returning
5026,2025-12-02,Mumbai,45+,Android,Returning
5027,2025-09-06,Hyderabad,18-24,iOS,Returning
5028,2026-02-11,Hyderabad,25-34,Android,New
5029,2025-11-15,Delhi NCR,18-24,iOS,Power
5030,2025-06-03,Delhi NCR,25-34,Android,Returning
5031,2025-04-16,Pune,18-24,Web,Returning
5032,2025-09-15,Mumbai,25-34,Android,Returning
5033,2026-02-16,Mumbai,35-44,iOS,New
5034,2025-03-29,Bangalore,18-24,iOS,Returning
5035,2026-01-28,Delhi NCR,25-34,iOS,Returning
5036,2026-01-20,Pune,45+,iOS,Returning
5037,2025-10-04,Hyderabad,45+,iOS,Returning
5038,2025-07-26,Pune,18-24,iOS,Returning
5039,2025-07-25,Delhi NCR,45+,iOS,Returning
5040,2025-12-09,Pune,18-24,Android,Returning
5041,2025-04-02,Kolkata,25-34,Android,Returning
5042,2025-08-05,Delhi NCR,35-44,Android,Power
5043,2025-08-12,Delhi NCR,35-44,iOS,Returning
5044,2025-04-03,Ahmedabad,35-44,Android,Power
5045,2026-01-22,Mumbai,35-44,iOS,Returning
5046,2025-08-02,Delhi NCR,18-24,Android,Power
5047,2025-04-08,Mumbai,25-34,Android,Returning
5048,2025-06-25,Mumbai,25-34,Android,Returning
5049,2025-07-17,Mumbai,25-34,Android,Returning
5050,2026-01-12,Bangalore,18-24,iOS,Returning
5051,2026-02-11,Chennai,25-34,Android,New
5052,2025-05-10,Delhi NCR,35-44,Android,Returning
5053,2025-08-17,Kolkata,35-44,Web,Returning
5054,2025-08-26,Bangalore,25-34,Android,Returning
5055,2025-03-21,Jaipur,25-34,Android,Returning
5056,2025-07-20,Jaipur,35-44,iOS,Power
5057,2025-04-17,Pune,25-34,Android,Returning
5058,2025-03-29,Jaipur,45+,Android,Returning
5059,2025-07-15,Chennai,18-24,Android,Returning
5060,2025-12-14,Ahmedabad,25-34,Android,Returning
5061,2025-08-25,Delhi NCR,45+,Android,Returning
5062,2025-03-20,Delhi NCR,45+,Android,Returning
5063,2025-06-04,Pune,25-34,Android,Power
5064,2025-11-26,Bangalore,18-24,Android,Power
5065,2025-04-25,Kolkata,35-44,Android,Returning
5066,2025-10-20,Kolkata,25-34,Android,Returning
5067,2026-01-21,Delhi NCR,35-44,Android,Returning
5068,2025-12-19,Kolkata,25-34,Android,Returning
5069,2025-05-24,Mumbai,18-24,iOS,Power
5070,2025-04-02,Delhi NCR,18-24,Web,Returning
5071,2025-09-22,Bangalore,25-34,iOS,Returning
5072,2025-08-26,Delhi NCR,18-24,iOS,Power
5073,2025-08-22,Hyderabad,18-24,iOS,Returning
5074,2025-11-01,Hyderabad,25-34,Android,Power
5075,2025-07-24,Delhi NCR,25-34,Android,Returning
5076,2026-01-07,Pune,18-24,Android,Returning
5077,2025-07-22,Hyderabad,18-24,Android,Returning
5078,2025-10-21,Delhi NCR,45+,Android,Returning
5079,2025-07-07,Delhi NCR,18-24,Web,Returning
5080,2025-06-28,Kolkata,25-34,Web,Returning
5081,2025-07-18,Kolkata,25-34,Android,Returning
5082,2025-08-05,Delhi NCR,35-44,iOS,Returning
5083,2025-11-25,Mumbai,25-34,Android,Returning
5084,2025-08-13,Pune,18-24,iOS,Returning
5085,2025-06-27,Hyderabad,18-24,iOS,Power
5086,2025-12-19,Mumbai,35-44,Android,Returning
5087,2025-04-17,Hyderabad,35-44,iOS,Returning
5088,2025-08-28,Bangalore,25-34,iOS,Power
5089,2026-02-23,Pune,18-24,Android,New
5090,2025-08-07,Delhi NCR,25-34,Android,Returning
5091,2026-01-28,Bangalore,25-34,Web,Returning
5092,2025-11-22,Mumbai,35-44,iOS,Power
5093,2025-06-18,Jaipur,18-24,iOS,Power
5094,2025-08-26,Pune,25-34,Android,Returning
5095,2025-12-15,Pune,18-24,Android,Returning
5096,2025-09-05,Chennai,25-34,iOS,Returning
5097,2025-04-20,Bangalore,25-34,Android,Returning
5098,2025-05-18,Ahmedabad,45+,Android,Returning
5099,2025-03-17,Mumbai,25-34,Android,Returning
5100,2025-06-19,Pune,25-34,Android,Power
5101,2025-04-10,Delhi NCR,18-24,Android,Power
5102,2025-08-23,Delhi NCR,18-24,Android,Returning
5103,2025-04-27,Bangalore,18-24,Android,Power
5104,2025-03-21,Pune,18-24,Web,Returning
5105,2025-10-25,Kolkata,18-24,Android,Power
5106,2025-05-18,Hyderabad,45+,Android,Power
5107,2025-06-20,Bangalore,25-34,iOS,Power
5108,2025-07-31,Jaipur,18-24,Android,Returning
5109,2025-06-24,Delhi NCR,18-24,Android,Power
5110,2025-12-07,Pune,25-34,Android,Returning
5111,2026-02-16,Hyderabad,25-34,iOS,New
5112,2026-01-15,Delhi NCR,18-24,iOS,Returning
5113,2025-10-25,Mumbai,25-34,Android,Power
5114,2025-11-07,Bangalore,45+,iOS,Returning
5115,2025-05-29,Delhi NCR,25-34,Web,Power
5116,2025-08-08,Mumbai,25-34,Android,Returning
5117,2025-03-29,Mumbai,35-44,iOS,Returning
5118,2025-06-01,Delhi NCR,18-24,Android,Power
5119,2026-01-02,Hyderabad,18-24,Android,Returning
5120,2025-04-07,Kolkata,25-34,Android,Returning
5121,2025-07-25,Delhi NCR,35-44,iOS,Returning
5122,2025-11-12,Bangalore,25-34,iOS,Returning
5123,2025-05-26,Bangalore,18-24,iOS,Power
5124,2025-09-08,Bangalore,45+,Android,Power
5125,2025-04-07,Pune,25-34,Android,Returning
5126,2025-06-10,Hyderabad,35-44,iOS,Power
5127,2025-04-20,Kolkata,35-44,Android,Returning
5128,2025-11-10,Bangalore,25-34,Android,Returning
5129,2025-08-26,Hyderabad,35-44,Android,Power
5130,2025-06-05,Bangalore,35-44,Android,Returning
5131,2025-07-15,Kolkata,45+,Android,Power
5132,2025-09-26,Ahmedabad,18-24,iOS,Power
5133,2025-08-24,Hyderabad,45+,Android,Returning
5134,2025-06-02,Kolkata,18-24,iOS,Power
5135,2026-02-27,Mumbai,35-44,Android,New
5136,2025-06-28,Ahmedabad,25-34,iOS,Returning
5137,2025-08-03,Delhi NCR,18-24,Android,Returning
5138,2025-05-19,Delhi NCR,18-24,Web,Returning
5139,2025-03-07,Mumbai,25-34,Android,Returning
5140,2026-02-16,Jaipur,25-34,iOS,New
5141,2025-11-25,Kolkata,18-24,Android,Power
5142,2025-07-23,Ahmedabad,18-24,iOS,Returning
5143,2025-07-06,Kolkata,25-34,Android,Returning
5144,2025-11-27,Bangalore,25-34,Android,Power
5145,2025-03-28,Ahmedabad,25-34,Android,Power
5146,2025-06-05,Jaipur,35-44,iOS,Returning
5147,2025-09-11,Bangalore,25-34,Android,Power
5148,2025-11-27,Mumbai,18-24,iOS,Returning
5149,2025-10-03,Chennai,25-34,Web,Returning
5150,2025-11-09,Lucknow,35-44,Android,Power
5151,2026-01-05,Kolkata,18-24,Web,Returning
5152,2025-03-29,Kolkata,25-34,Android,Returning
5153,2025-11-05,Jaipur,25-34,iOS,Returning
5154,2025-10-09,Ahmedabad,45+,Web,Power
5155,2025-08-12,Pune,25-34,Web,Returning
5156,2025-09-02,Chennai,35-44,Android,Power
5157,2025-08-11,Delhi NCR,25-34,Web,Returning
5158,2025-03-02,Hyderabad,35-44,Android,Returning
5159,2026-01-07,Bangalore,25-34,Android,Returning
5160,2025-09-02,Kolkata,25-34,Android,Returning
5161,2025-04-22,Bangalore,25-34,Android,Power
5162,2025-04-27,Mumbai,45+,iOS,Returning
5163,2025-10-15,Mumbai,18-24,Android,Returning
5164,2025-08-31,Chennai,18-24,Web,Returning
5165,2026-02-28,Hyderabad,35-44,iOS,New
5166,2026-01-16,Delhi NCR,25-34,Web,Returning
5167,2025-07-17,Mumbai,18-24,iOS,Power
5168,2025-04-04,Bangalore,18-24,iOS,Returning
5169,2025-11-23,Mumbai,25-34,Android,Returning
5170,2025-08-05,Delhi NCR,25-34,Android,Returning
5171,2025-06-09,Delhi NCR,35-44,Android,Power
5172,2025-05-17,Bangalore,18-24,Android,Power
5173,2025-06-03,Bangalore,35-44,Android,Power
5174,2025-10-12,Delhi NCR,25-34,iOS,Power
5175,2025-07-07,Kolkata,18-24,Android,Power
5176,2025-12-19,Delhi NCR,25-34,Android,Returning
5177,2025-09-27,Delhi NCR,25-34,Android,Returning
5178,2025-08-23,Mumbai,18-24,Android,Returning
5179,2025-06-06,Delhi NCR,35-44,iOS,Power
5180,2025-04-14,Mumbai,35-44,iOS,Returning
5181,2025-11-14,Mumbai,18-24,Web,Power
5182,2025-07-12,Hyderabad,18-24,Android,Returning
5183,2026-01-18,Hyderabad,18-24,Android,Returning
5184,2025-08-23,Bangalore,35-44,Android,Power
5185,2025-10-13,Pune,18-24,Web,Power
5186,2025-11-18,Mumbai,35-44,Android,Power
5187,2025-09-11,Jaipur,25-34,Android,Returning
5188,2025-03-15,Mumbai,35-44,Android,Returning
5189,2025-06-01,Chennai,25-34,Android,Returning
5190,2025-07-23,Mumbai,25-34,Android,Returning
5191,2025-07-31,Kolkata,45+,iOS,Returning
5192,2025-03-25,Bangalore,35-44,iOS,Returning
5193,2026-01-04,Mumbai,25-34,Android,Returning
5194,2025-03-24,Hyderabad,25-34,Android,Returning
5195,2025-11-19,Mumbai,25-34,Android,Power
5196,2025-08-21,Pune,25-34,iOS,Power
5197,2025-04-25,Chennai,25-34,iOS,Returning
5198,2025-08-13,Delhi NCR,25-34,Web,Returning
5199,2025-07-11,Delhi NCR,45+,Android,Power
5200,2025-07-17,Mumbai,25-34,iOS,Returning
5201,2025-10-13,Chennai,18-24,Web,Power
5202,2025-03-22,Delhi NCR,25-34,iOS,Returning
5203,2025-04-30,Hyderabad,18-24,Android,Power
5204,2025-10-03,Jaipur,18-24,iOS,Power
5205,2025-11-06,Delhi NCR,25-34,iOS,Returning
5206,2025-12-28,Lucknow,25-34,Android,Returning
5207,2025-11-17,Hyderabad,45+,Android,Returning
5208,2025-03-27,Delhi NCR,45+,iOS,Returning
5209,2025-03-07,Bangalore,18-24,iOS,Returning
5210,2025-09-26,Pune,25-34,Web,Returning
5211,2025-06-01,Bangalore,35-44,Android,Returning
5212,2026-02-23,Mumbai,18-24,iOS,New
5213,2025-10-05,Mumbai,35-44,Android,Power
5214,2025-08-29,Pune,35-44,Web,Power
5215,2026-02-01,Hyderabad,25-34,Android,New
5216,2026-01-22,Hyderabad,25-34,Android,Returning
5217,2025-11-02,Mumbai,45+,Android,Returning
5218,2025-05-12,Kolkata,35-44,iOS,Returning
5219,2025-06-30,Jaipur,35-44,Android,Returning
5220,2025-12-23,Mumbai,25-34,iOS,Returning
5221,2025-07-30,Mumbai,35-44,Android,Power
5222,2025-07-26,Ahmedabad,25-34,Android,Returning
5223,2025-09-05,Kolkata,18-24,Android,Returning
5224,2025-05-06,Hyderabad,25-34,Android,Returning
5225,2025-09-18,Jaipur,45+,Android,Returning
5226,2026-01-02,Hyderabad,35-44,iOS,Returning
5227,2025-06-05,Delhi NCR,35-44,Android,Returning
5228,2025-04-27,Chennai,25-34,Android,Returning
5229,2026-01-02,Hyderabad,25-34,Android,Returning
5230,2025-05-17,Lucknow,35-44,Android,Power
5231,2025-11-16,Delhi NCR,25-34,Android,Returning
5232,2025-07-16,Hyderabad,35-44,Web,Power
5233,2025-06-27,Pune,25-34,Android,Returning
5234,2025-08-25,Delhi NCR,35-44,iOS,Power
5235,2025-12-08,Delhi NCR,35-44,iOS,Returning
5236,2025-08-27,Ahmedabad,25-34,Android,Returning
5237,2025-06-22,Bangalore,18-24,iOS,Returning
5238,2025-03-11,Hyderabad,18-24,Android,Returning
5239,2025-07-06,Ahmedabad,45+,Android,Returning
5240,2025-03-06,Delhi NCR,25-34,iOS,Power
5241,2025-08-29,Lucknow,35-44,iOS,Power
5242,2025-05-21,Chennai,25-34,Web,Returning
5243,2025-08-03,Bangalore,35-44,iOS,Returning
5244,2025-05-01,Bangalore,25-34,Android,Returning
5245,2025-05-09,Jaipur,18-24,iOS,Returning
5246,2025-11-24,Delhi NCR,45+,iOS,Power
5247,2025-08-05,Delhi NCR,25-34,iOS,Power
5248,2025-10-15,Delhi NCR,25-34,iOS,Power
5249,2025-08-29,Delhi NCR,25-34,Web,Returning
5250,2025-12-15,Bangalore,18-24,Android,Returning
5251,2025-05-18,Lucknow,25-34,Android,Returning
5252,2025-10-10,Ahmedabad,18-24,iOS,Returning
5253,2025-07-07,Delhi NCR,35-44,iOS,Returning
5254,2026-02-04,Bangalore,25-34,iOS,New
5255,2025-05-15,Chennai,25-34,Android,Returning
5256,2025-12-24,Mumbai,25-34,Android,Returning
5257,2025-06-24,Kolkata,35-44,Android,Returning
5258,2025-11-03,Kolkata,18-24,iOS,Power
5259,2025-12-18,Kolkata,45+,Android,Returning
5260,2025-05-23,Delhi NCR,25-34,iOS,Returning
5261,2025-03-06,Bangalore,18-24,Web,Returning
5262,2026-02-19,Mumbai,25-34,Android,New
5263,2025-08-02,Bangalore,25-34,Android,Returning
5264,2025-04-12,Bangalore,35-44,Android,Returning
5265,2025-09-30,Ahmedabad,25-34,Android,Returning
5266,2026-02-24,Ahmedabad,25-34,Android,New
5267,2025-08-18,Jaipur,18-24,Android,Returning
5268,2025-05-22,Ahmedabad,18-24,Android,Power
5269,2025-11-08,Mumbai,35-44,Android,Returning
5270,2025-06-03,Hyderabad,25-34,iOS,Returning
5271,2025-09-19,Mumbai,18-24,Web,Returning
5272,2025-11-16,Delhi NCR,18-24,Android,Power
5273,2025-09-01,Hyderabad,25-34,iOS,Power
5274,2026-01-16,Chennai,35-44,Android,Returning
5275,2025-05-23,Chennai,35-44,Android,Returning
5276,2025-09-07,Mumbai,18-24,iOS,Returning
5277,2025-09-20,Mumbai,25-34,Android,Returning
5278,2025-03-15,Mumbai,25-34,Android,Returning
5279,2025-03-26,Mumbai,45+,Android,Returning
5280,2025-10-12,Mumbai,25-34,Web,Power
5281,2025-10-20,Chennai,18-24,Android,Power
5282,2025-12-04,Kolkata,25-34,iOS,Returning
5283,2025-09-06,Bangalore,25-34,iOS,Returning
5284,2025-08-30,Chennai,25-34,Android,Power
5285,2025-10-23,Delhi NCR,18-24,Android,Returning
5286,2025-06-28,Lucknow,25-34,Android,Returning
5287,2025-12-02,Delhi NCR,25-34,Android,Returning
5288,2025-12-25,Kolkata,18-24,Android,Returning
5289,2025-09-24,Jaipur,25-34,Android,Returning
5290,2025-10-03,Kolkata,25-34,Android,Power
5291,2025-03-26,Mumbai,35-44,Android,Power
5292,2025-11-05,Chennai,18-24,Android,Power
5293,2025-07-30,Mumbai,45+,Android,Returning
5294,2025-05-11,Mumbai,18-24,Web,Power
5295,2025-06-21,Mumbai,18-24,Android,Returning
5296,2025-10-09,Ahmedabad,35-44,iOS,Returning
5297,2025-06-24,Ahmedabad,35-44,Web,Returning
5298,2025-05-03,Delhi NCR,18-24,Android,Returning
5299,2026-02-04,Hyderabad,45+,Android,New
5300,2025-05-28,Jaipur,18-24,Android,Returning
5301,2025-12-21,Bangalore,25-34,Web,Returning
5302,2025-11-08,Bangalore,18-24,iOS,Returning
5303,2025-03-03,Bangalore,25-34,Android,Returning
5304,2025-11-09,Pune,25-34,iOS,Power
5305,2025-03-02,Bangalore,25-34,iOS,Returning
5306,2025-05-02,Pune,25-34,Android,Power
5307,2025-11-30,Bangalore,25-34,iOS,Power
5308,2026-02-11,Delhi NCR,45+,iOS,New
5309,2025-10-03,Delhi NCR,18-24,Android,Power
5310,2025-07-17,Mumbai,18-24,Web,Power
5311,2025-07-30,Bangalore,35-44,Android,Power
5312,2025-03-06,Mumbai,18-24,iOS,Returning
5313,2025-10-01,Kolkata,25-34,Android,Returning
5314,2025-08-21,Bangalore,25-34,Web,Returning
5315,2026-01-20,Pune,25-34,iOS,Returning
5316,2025-07-02,Jaipur,45+,iOS,Power
5317,2025-10-14,Kolkata,18-24,Web,Power
5318,2025-03-21,Jaipur,18-24,Android,Power
5319,2025-09-02,Hyderabad,18-24,Android,Returning
5320,2025-08-13,Mumbai,18-24,Android,Power
5321,2025-08-10,Jaipur,25-34,Android,Returning
5322,2025-12-30,Kolkata,25-34,Android,Returning
5323,2025-08-21,Kolkata,35-44,iOS,Power
5324,2026-02-24,Chennai,35-44,iOS,New
5325,2025-07-07,Hyderabad,18-24,Android,Returning
5326,2025-09-01,Mumbai,18-24,Web,Returning
5327,2025-04-24,Pune,45+,iOS,Power
5328,2026-01-23,Mumbai,18-24,Web,Returning
5329,2026-01-04,Delhi NCR,45+,Web,Returning
5330,2025-07-07,Hyderabad,35-44,Android,Returning
5331,2025-03-08,Bangalore,45+,iOS,Returning
5332,2025-03-17,Mumbai,25-34,Android,Returning
5333,2025-08-16,Kolkata,18-24,iOS,Returning
5334,2025-12-18,Kolkata,25-34,iOS,Returning
5335,2026-01-01,Chennai,35-44,Android,Returning
5336,2025-07-04,Hyderabad,18-24,Web,Power
5337,2026-02-27,Jaipur,35-44,iOS,New
5338,2025-03-06,Mumbai,18-24,Web,Returning
5339,2025-08-25,Pune,25-34,Android,Power
5340,2025-04-28,Mumbai,35-44,Web,Returning
5341,2026-01-30,Bangalore,18-24,iOS,Returning
5342,2025-06-07,Hyderabad,18-24,iOS,Power
5343,2025-11-13,Pune,18-24,iOS,Power
5344,2025-04-03,Mumbai,18-24,iOS,Power
5345,2025-12-01,Delhi NCR,18-24,iOS,Returning
5346,2025-08-08,Hyderabad,18-24,Android,Returning
5347,2025-07-24,Hyderabad,18-24,iOS,Returning
5348,2025-11-27,Hyderabad,35-44,iOS,Returning
5349,2025-11-18,Delhi NCR,45+,iOS,Returning
5350,2025-07-21,Hyderabad,25-34,Android,Power
5351,2025-08-27,Delhi NCR,18-24,Android,Power
5352,2025-08-29,Delhi NCR,18-24,Android,Returning
5353,2025-09-20,Hyderabad,35-44,iOS,Returning
5354,2025-06-27,Chennai,25-34,Android,Returning
5355,2026-01-29,Mumbai,45+,Android,Returning
5356,2026-01-08,Mumbai,18-24,iOS,Returning
5357,2025-03-21,Hyderabad,35-44,Android,Power
5358,2025-12-15,Delhi NCR,25-34,Web,Returning
5359,2025-05-27,Bangalore,45+,Android,Power
5360,2026-01-20,Bangalore,25-34,Web,Returning
5361,2025-11-20,Mumbai,25-34,Android,Returning
5362,2025-11-10,Mumbai,25-34,Android,Returning
5363,2025-04-14,Kolkata,35-44,Android,Returning
5364,2025-06-25,Chennai,18-24,iOS,Returning
5365,2025-08-22,Chennai,18-24,Android,Returning
5366,2025-08-31,Hyderabad,25-34,Android,Returning
5367,2025-03-31,Chennai,18-24,Web,Returning
5368,2025-08-04,Jaipur,25-34,Android,Returning
5369,2026-02-07,Chennai,45+,iOS,New
5370,2025-09-16,Delhi NCR,25-34,iOS,Power
5371,2025-11-22,Hyderabad,25-34,Android,Returning
5372,2025-08-05,Bangalore,25-34,iOS,Power
5373,2026-02-21,Hyderabad,35-44,iOS,New
5374,2025-08-23,Bangalore,45+,Android,Returning
5375,2025-09-07,Kolkata,25-34,Android,Power
5376,2025-06-01,Chennai,25-34,iOS,Power
5377,2026-02-12,Delhi NCR,25-34,Android,New
5378,2025-12-01,Mumbai,25-34,Android,Returning
5379,2025-10-11,Bangalore,25-34,iOS,Returning
5380,2025-10-07,Mumbai,25-34,Android,Power
5381,2025-09-16,Delhi NCR,25-34,Web,Returning
5382,2025-03-29,Delhi NCR,25-34,Android,Returning
5383,2025-12-13,Delhi NCR,18-24,Android,Returning
5384,2025-06-12,Lucknow,45+,iOS,Power
5385,2025-09-19,Delhi NCR,25-34,Android,Returning
5386,2026-02-15,Delhi NCR,25-34,iOS,New
5387,2025-07-05,Mumbai,35-44,Web,Returning
5388,2025-12-19,Bangalore,25-34,Android,Returning
5389,2025-10-09,Mumbai,25-34,Android,Returning
5390,2025-04-25,Hyderabad,35-44,Android,Returning
5391,2025-05-22,Mumbai,18-24,iOS,Power
5392,2025-06-05,Hyderabad,25-34,Android,Power
5393,2025-07-03,Kolkata,18-24,Android,Power
5394,2025-06-29,Mumbai,25-34,iOS,Power
5395,2025-09-19,Bangalore,18-24,Android,Returning
5396,2025-12-31,Bangalore,35-44,Android,Returning
5397,2026-02-23,Pune,18-24,Web,New
5398,2025-08-16,Bangalore,35-44,Android,Returning
5399,2026-01-02,Hyderabad,35-44,Android,Returning
5400,2025-04-30,Pune,25-34,Android,Power
5401,2025-07-27,Hyderabad,25-34,Web,Power
5402,2026-02-03,Delhi NCR,35-44,Android,New
5403,2025-05-02,Mumbai,18-24,Android,Returning
5404,2026-02-24,Chennai,18-24,Android,New
5405,2026-02-09,Kolkata,18-24,Web,New
5406,2025-08-15,Lucknow,25-34,Android,Power
5407,2026-01-01,Ahmedabad,18-24,Android,Returning
5408,2025-07-02,Pune,18-24,iOS,Returning
5409,2025-10-06,Hyderabad,25-34,Android,Power
5410,2025-06-01,Pune,18-24,iOS,Power
5411,2025-06-25,Bangalore,18-24,iOS,Power
5412,2026-02-15,Hyderabad,45+,Android,New
5413,2026-02-16,Delhi NCR,25-34,iOS,New
5414,2026-01-16,Delhi NCR,25-34,Android,Returning
5415,2026-02-10,Pune,18-24,Android,New
5416,2025-12-28,Bangalore,25-34,iOS,Returning
5417,2025-07-05,Delhi NCR,18-24,Android,Power
5418,2025-03-29,Delhi NCR,45+,Android,Returning
5419,2025-11-21,Kolkata,25-34,Android,Power
5420,2025-09-19,Chennai,45+,Web,Power
5421,2025-10-30,Hyderabad,35-44,Web,Returning
5422,2026-01-16,Bangalore,25-34,Android,Returning
5423,2025-03-06,Bangalore,25-34,Android,Returning
5424,2025-04-18,Mumbai,35-44,Web,Returning
5425,2025-10-07,Bangalore,25-34,Android,Power
5426,2025-04-08,Pune,18-24,Android,Power
5427,2025-03-03,Bangalore,25-34,iOS,Returning
5428,2026-01-10,Bangalore,18-24,Android,Returning
5429,2025-12-26,Mumbai,35-44,iOS,Returning
5430,2025-03-11,Bangalore,25-34,Web,Returning
5431,2025-05-17,Mumbai,45+,Android,Returning
5432,2025-09-18,Hyderabad,25-34,iOS,Power
5433,2025-10-11,Bangalore,35-44,iOS,Power
5434,2025-04-21,Kolkata,18-24,Web,Returning
5435,2025-10-24,Hyderabad,25-34,Android,Returning
5436,2025-07-05,Delhi NCR,45+,Web,Power
5437,2025-04-11,Bangalore,35-44,Android,Returning
5438,2025-05-09,Chennai,25-34,Android,Power
5439,2025-08-26,Mumbai,18-24,Android,Returning
5440,2025-08-05,Hyderabad,25-34,Web,Returning
5441,2025-07-24,Ahmedabad,35-44,Android,Returning
5442,2025-08-23,Delhi NCR,18-24,Web,Returning
5443,2025-03-20,Hyderabad,35-44,Android,Power
5444,2025-05-21,Kolkata,25-34,iOS,Power
5445,2025-03-14,Bangalore,18-24,Android,Returning
5446,2025-07-07,Chennai,35-44,Android,Power
5447,2025-08-19,Delhi NCR,18-24,iOS,Returning
5448,2025-05-18,Delhi NCR,18-24,Android,Returning
5449,2025-06-15,Chennai,35-44,Android,Power
5450,2025-06-28,Chennai,35-44,iOS,Returning
5451,2025-10-16,Jaipur,18-24,Android,Power
5452,2025-05-25,Delhi NCR,45+,iOS,Power
5453,2025-06-03,Bangalore,18-24,Android,Returning
5454,2025-09-11,Delhi NCR,45+,Android,Returning
5455,2025-09-23,Mumbai,35-44,Web,Power
5456,2025-08-12,Bangalore,25-34,Android,Power
5457,2026-01-15,Delhi NCR,18-24,iOS,Returning
5458,2025-06-10,Delhi NCR,25-34,Android,Returning
5459,2025-12-20,Delhi NCR,18-24,Android,Returning
5460,2025-03-02,Delhi NCR,25-34,Android,Power
5461,2025-11-18,Lucknow,25-34,Android,Returning
5462,2025-10-27,Pune,18-24,Android,Returning
5463,2025-04-22,Mumbai,35-44,Android,Power
5464,2025-05-19,Kolkata,18-24,Android,Returning
5465,2025-07-14,Hyderabad,25-34,Android,Power
5466,2025-10-06,Ahmedabad,18-24,Web,Returning
5467,2025-08-16,Delhi NCR,35-44,Android,Power
5468,2025-07-23,Bangalore,25-34,iOS,Power
5469,2025-12-31,Ahmedabad,35-44,Android,Returning
5470,2025-11-23,Delhi NCR,18-24,iOS,Returning
5471,2025-09-11,Ahmedabad,18-24,Android,Returning
5472,2025-09-09,Kolkata,18-24,Android,Returning
5473,2025-10-01,Lucknow,18-24,Android,Power
5474,2025-03-16,Delhi NCR,18-24,Android,Returning
5475,2025-10-30,Delhi NCR,25-34,Web,Returning
5476,2025-11-13,Delhi NCR,25-34,Android,Returning
5477,2026-02-25,Jaipur,35-44,Web,New
5478,2025-11-28,Delhi NCR,25-34,Web,Power
5479,2026-02-23,Hyderabad,25-34,Android,New
5480,2025-05-17,Bangalore,45+,Android,Returning
5481,2025-11-15,Bangalore,25-34,Web,Power
5482,2025-10-06,Delhi NCR,25-34,Android,Power
5483,2025-06-03,Hyderabad,45+,iOS,Returning
5484,2025-11-25,Kolkata,45+,Web,Returning
5485,2025-07-15,Mumbai,25-34,iOS,Returning
5486,2025-08-11,Ahmedabad,25-34,iOS,Returning
5487,2025-08-01,Chennai,25-34,iOS,Power
5488,2026-02-23,Hyderabad,35-44,iOS,New
5489,2025-11-09,Hyderabad,45+,Android,Returning
5490,2025-04-12,Delhi NCR,25-34,Android,Returning
5491,2025-11-15,Bangalore,35-44,iOS,Returning
5492,2025-10-13,Pune,25-34,Web,Returning
5493,2025-05-06,Delhi NCR,18-24,Android,Power
5494,2025-11-25,Bangalore,35-44,Android,Returning
5495,2025-03-29,Mumbai,25-34,Android,Returning
5496,2025-05-08,Pune,18-24,Web,Returning
5497,2025-07-30,Bangalore,45+,Android,Power
5498,2025-05-14,Bangalore,25-34,iOS,Returning
5499,2026-02-07,Mumbai,25-34,Web,New
5500,2025-08-20,Lucknow,35-44,Android,Returning
5501,2025-10-02,Delhi NCR,45+,Web,Power
5502,2025-06-27,Hyderabad,35-44,Web,Returning
5503,2025-06-07,Hyderabad,25-34,Web,Power
5504,2025-06-23,Pune,25-34,Android,Returning
5505,2026-02-26,Delhi NCR,18-24,Android,New
5506,2025-04-19,Pune,25-34,iOS,Returning
5507,2025-12-15,Bangalore,45+,Android,Returning
5508,2025-12-04,Bangalore,35-44,Android,Returning
5509,2025-06-04,Chennai,18-24,Web,Returning
5510,2025-07-19,Pune,18-24,iOS,Power
5511,2026-02-11,Chennai,45+,Android,New
5512,2025-11-08,Ahmedabad,35-44,Android,Returning
5513,2025-06-23,Delhi NCR,25-34,iOS,Returning
5514,2025-07-11,Ahmedabad,25-34,Web,Power
5515,2025-04-06,Mumbai,18-24,Android,Returning
5516,2025-05-26,Chennai,35-44,Android,Returning
5517,2025-08-11,Hyderabad,25-34,iOS,Returning
5518,2025-12-08,Bangalore,25-34,Android,Returning
5519,2025-10-27,Delhi NCR,25-34,Android,Returning
5520,2025-09-07,Bangalore,25-34,Android,Returning
5521,2025-12-22,Mumbai,18-24,Android,Returning
5522,2026-01-13,Delhi NCR,45+,Android,Returning
5523,2025-06-18,Mumbai,45+,iOS,Returning
5524,2025-07-29,Hyderabad,35-44,Android,Returning
5525,2026-01-30,Mumbai,45+,Web,Returning
5526,2025-05-24,Mumbai,25-34,iOS,Returning
5527,2025-07-07,Mumbai,18-24,iOS,Returning
5528,2025-06-26,Bangalore,35-44,Android,Returning
5529,2026-02-04,Kolkata,25-34,Web,New
5530,2025-12-17,Ahmedabad,25-34,Web,Returning
5531,2025-08-07,Mumbai,18-24,Android,Returning
5532,2025-04-21,Hyderabad,25-34,Android,Returning
5533,2025-11-27,Chennai,25-34,Android,Returning
5534,2025-10-25,Hyderabad,18-24,Android,Returning
5535,2026-02-04,Chennai,18-24,Android,New
5536,2025-04-01,Delhi NCR,25-34,Android,Power
5537,2025-03-11,Bangalore,35-44,Android,Returning
5538,2025-11-05,Bangalore,25-34,Android,Returning
5539,2026-01-12,Mumbai,18-24,Web,Returning
5540,2025-07-18,Hyderabad,25-34,iOS,Power
5541,2025-06-08,Bangalore,35-44,Web,Returning
5542,2025-11-22,Delhi NCR,25-34,Android,Power
5543,2026-02-18,Bangalore,18-24,iOS,New
5544,2025-12-06,Pune,45+,iOS,Returning
5545,2025-07-30,Pune,18-24,iOS,Returning
5546,2025-09-09,Hyderabad,18-24,Android,Returning
5547,2025-08-04,Bangalore,25-34,Android,Returning
5548,2025-12-27,Hyderabad,25-34,Web,Returning
5549,2025-06-16,Bangalore,45+,Android,Returning
5550,2025-04-03,Mumbai,18-24,Android,Returning
5551,2025-10-31,Bangalore,25-34,Android,Returning
5552,2025-05-07,Hyderabad,25-34,Web,Returning
5553,2026-01-06,Hyderabad,25-34,Android,Returning
5554,2025-04-04,Jaipur,18-24,iOS,Returning
5555,2025-06-02,Pune,18-24,Android,Returning
5556,2025-07-03,Mumbai,18-24,Android,Returning
5557,2025-07-01,Mumbai,25-34,Android,Power
5558,2026-02-11,Mumbai,35-44,Android,New
5559,2025-08-26,Pune,25-34,Web,Returning
5560,2025-03-20,Chennai,25-34,iOS,Returning
5561,2025-10-08,Lucknow,25-34,Android,Returning
5562,2025-06-12,Bangalore,35-44,Android,Power
5563,2025-03-02,Kolkata,25-34,Android,Power
5564,2025-07-05,Hyderabad,18-24,Web,Power
5565,2025-05-01,Kolkata,25-34,Android,Returning
5566,2025-05-07,Chennai,25-34,Android,Returning
5567,2025-12-15,Hyderabad,25-34,Android,Returning
5568,2025-08-25,Hyderabad,18-24,Android,Returning
5569,2025-04-02,Chennai,18-24,Android,Returning
5570,2025-06-28,Bangalore,35-44,iOS,Returning
5571,2025-10-22,Mumbai,18-24,Android,Returning
5572,2025-04-20,Mumbai,25-34,Web,Returning
5573,2025-05-22,Bangalore,18-24,Web,Power
5574,2025-12-12,Hyderabad,18-24,Android,Returning
5575,2025-12-19,Mumbai,18-24,Android,Returning
5576,2025-06-11,Delhi NCR,18-24,iOS,Returning
5577,2025-08-22,Delhi NCR,18-24,iOS,Power
5578,2025-12-28,Hyderabad,25-34,Android,Returning
5579,2026-02-17,Delhi NCR,25-34,Android,New
5580,2025-10-11,Mumbai,35-44,Web,Returning
5581,2025-06-20,Mumbai,18-24,Android,Returning
5582,2026-01-17,Mumbai,35-44,iOS,Returning
5583,2026-02-12,Kolkata,45+,iOS,New
5584,2025-12-28,Delhi NCR,18-24,Android,Returning
5585,2025-06-21,Chennai,45+,iOS,Returning
5586,2025-05-13,Hyderabad,18-24,Web,Returning
5587,2026-02-21,Lucknow,25-34,Android,New
5588,2025-04-10,Delhi NCR,18-24,Web,Returning
5589,2025-12-01,Mumbai,25-34,Android,Returning
5590,2025-08-05,Mumbai,25-34,iOS,Returning
5591,2025-05-13,Delhi NCR,25-34,iOS,Returning
5592,2025-05-21,Chennai,35-44,iOS,Returning
5593,2025-11-03,Mumbai,25-34,Android,Returning
5594,2025-03-17,Delhi NCR,25-34,Android,Returning
5595,2025-09-07,Kolkata,45+,Web,Returning
5596,2025-12-15,Hyderabad,45+,Android,Returning
5597,2025-11-20,Mumbai,45+,iOS,Returning
5598,2025-10-01,Mumbai,35-44,Web,Returning
5599,2025-06-04,Mumbai,18-24,Android,Returning
5600,2025-12-20,Jaipur,25-34,Android,Returning
5601,2025-09-02,Kolkata,18-24,Web,Returning
5602,2025-10-28,Kolkata,45+,Web,Returning
5603,2025-05-12,Ahmedabad,18-24,Android,Power
5604,2025-05-20,Bangalore,25-34,iOS,Returning
5605,2025-08-18,Delhi NCR,18-24,Web,Returning
5606,2025-07-16,Bangalore,18-24,Android,Power
5607,2025-05-30,Chennai,18-24,Android,Returning
5608,2025-11-15,Kolkata,25-34,Android,Returning
5609,2026-02-08,Bangalore,18-24,Android,New
5610,2025-12-27,Hyderabad,25-34,iOS,Returning
5611,2025-09-17,Jaipur,35-44,iOS,Power
5612,2026-02-02,Mumbai,35-44,Android,New
5613,2025-04-24,Kolkata,18-24,Web,Returning
5614,2025-05-20,Mumbai,45+,Android,Power
5615,2025-10-04,Bangalore,35-44,Android,Power
5616,2025-05-24,Delhi NCR,18-24,Android,Returning
5617,2025-04-09,Hyderabad,35-44,iOS,Power
5618,2025-04-16,Hyderabad,35-44,Android,Returning
5619,2025-09-18,Bangalore,25-34,Android,Returning
5620,2025-07-20,Kolkata,18-24,Web,Returning
5621,2025-06-02,Chennai,25-34,Web,Returning
5622,2025-10-06,Chennai,35-44,Android,Power
5623,2025-03-10,Mumbai,18-24,Android,Returning
5624,2026-01-30,Ahmedabad,25-34,iOS,Returning
5625,2026-01-15,Mumbai,25-34,iOS,Returning
5626,2025-05-30,Delhi NCR,25-34,Web,Returning
5627,2026-01-26,Mumbai,25-34,Android,Returning
5628,2025-10-11,Bangalore,25-34,Android,Returning
5629,2025-04-17,Ahmedabad,35-44,iOS,Power
5630,2025-07-23,Delhi NCR,35-44,iOS,Returning
5631,2025-03-10,Delhi NCR,25-34,iOS,Returning
5632,2026-02-07,Kolkata,25-34,Web,New
5633,2025-09-02,Hyderabad,25-34,iOS,Returning
5634,2025-04-06,Pune,35-44,Android,Power
5635,2025-07-13,Delhi NCR,25-34,iOS,Returning
5636,2026-01-22,Chennai,25-34,Android,Returning
5637,2025-12-21,Delhi NCR,45+,Android,Returning
5638,2025-11-05,Lucknow,35-44,Web,Power
5639,2025-07-05,Hyderabad,18-24,iOS,Returning
5640,2025-03-31,Chennai,25-34,Android,Returning
5641,2025-10-04,Mumbai,25-34,Android,Power
5642,2026-02-20,Delhi NCR,35-44,Android,New
5643,2025-05-17,Mumbai,18-24,Android,Power
5644,2026-01-10,Bangalore,25-34,iOS,Returning
5645,2025-03-28,Delhi NCR,25-34,iOS,Returning
5646,2026-02-24,Pune,18-24,Android,New
5647,2025-03-23,Mumbai,25-34,Android,Power
5648,2025-10-26,Pune,25-34,Android,Returning
5649,2025-12-16,Mumbai,25-34,Android,Returning
5650,2025-09-17,Delhi NCR,25-34,Android,Power
5651,2025-05-27,Pune,25-34,iOS,Returning
5652,2025-04-11,Pune,25-34,iOS,Power
5653,2025-05-05,Bangalore,25-34,Web,Returning
5654,2025-05-15,Mumbai,18-24,iOS,Returning
5655,2025-12-14,Hyderabad,18-24,iOS,Returning
5656,2025-05-07,Bangalore,35-44,Android,Power
5657,2025-10-15,Delhi NCR,25-34,Android,Power
5658,2025-11-15,Hyderabad,35-44,iOS,Returning
5659,2025-11-26,Bangalore,25-34,Android,Returning
5660,2025-10-17,Mumbai,18-24,iOS,Power
5661,2025-12-23,Ahmedabad,35-44,Android,Returning
5662,2025-10-05,Pune,18-24,Web,Power
5663,2025-09-23,Mumbai,45+,Android,Power
5664,2025-09-19,Bangalore,18-24,Android,Returning
5665,2025-03-25,Mumbai,25-34,Web,Returning
5666,2025-08-24,Kolkata,18-24,Android,Returning
5667,2025-03-27,Hyderabad,35-44,Web,Returning
5668,2025-11-26,Mumbai,45+,Android,Returning
5669,2025-09-01,Mumbai,18-24,iOS,Power
5670,2025-05-17,Mumbai,18-24,Android,Returning
5671,2025-04-13,Bangalore,18-24,Android,Returning
5672,2025-08-26,Pune,35-44,iOS,Returning
5673,2025-10-14,Mumbai,25-34,Android,Returning
5674,2025-10-22,Delhi NCR,25-34,Android,Power
5675,2025-08-19,Delhi NCR,18-24,iOS,Returning
5676,2025-04-19,Delhi NCR,35-44,Web,Power
5677,2025-06-01,Bangalore,25-34,Android,Returning
5678,2025-03-14,Hyderabad,35-44,Android,Returning
5679,2025-10-08,Chennai,35-44,iOS,Returning
5680,2026-02-13,Jaipur,18-24,iOS,New
5681,2025-05-03,Jaipur,25-34,Web,Power
5682,2025-06-29,Hyderabad,25-34,Android,Returning
5683,2025-11-14,Pune,25-34,iOS,Power
5684,2025-12-03,Jaipur,18-24,Android,Returning
5685,2025-10-23,Mumbai,35-44,Android,Power
5686,2025-03-25,Mumbai,45+,Android,Returning
5687,2026-02-25,Mumbai,45+,Android,New
5688,2025-04-08,Hyderabad,35-44,Android,Returning
5689,2025-04-29,Pune,25-34,Android,Returning
5690,2025-11-26,Delhi NCR,25-34,Web,Returning
5691,2025-08-04,Hyderabad,18-24,iOS,Returning
5692,2025-07-19,Bangalore,25-34,Android,Power
5693,2025-03-18,Mumbai,18-24,Web,Power
5694,2025-04-14,Delhi NCR,18-24,Web,Returning
5695,2026-01-13,Mumbai,35-44,Android,Returning
5696,2025-09-01,Mumbai,45+,Android,Power
5697,2025-11-15,Kolkata,45+,Android,Power
5698,2025-08-14,Kolkata,18-24,Android,Power
5699,2025-11-15,Pune,45+,Android,Returning
5700,2025-05-25,Chennai,18-24,Android,Returning
5701,2025-06-14,Pune,25-34,Android,Returning
5702,2025-11-13,Chennai,25-34,Android,Returning
5703,2026-02-10,Chennai,25-34,Android,New
5704,2025-05-09,Chennai,45+,Android,Power
5705,2025-04-29,Bangalore,25-34,Android,Returning
5706,2025-09-11,Delhi NCR,25-34,Android,Returning
5707,2025-04-04,Pune,18-24,Android,Returning
5708,2025-08-18,Delhi NCR,35-44,iOS,Returning
5709,2026-02-17,Hyderabad,25-34,iOS,New
5710,2025-08-18,Bangalore,35-44,Android,Returning
5711,2025-05-22,Delhi NCR,25-34,Web,Power
5712,2025-08-31,Lucknow,25-34,iOS,Returning
5713,2025-04-30,Delhi NCR,25-34,Android,Power
5714,2025-10-08,Delhi NCR,18-24,Android,Power
5715,2025-04-19,Mumbai,25-34,Android,Power
5716,2025-08-31,Kolkata,45+,Android,Returning
5717,2026-01-30,Hyderabad,35-44,Android,Returning
5718,2025-12-07,Hyderabad,18-24,Android,Returning
5719,2025-09-16,Kolkata,18-24,Web,Power
5720,2025-05-21,Delhi NCR,25-34,Android,Returning
5721,2025-05-24,Delhi NCR,35-44,Android,Power
5722,2025-11-25,Delhi NCR,25-34,Android,Returning
5723,2025-06-08,Pune,35-44,Web,Power
5724,2025-05-07,Hyderabad,45+,Android,Returning
5725,2025-05-09,Delhi NCR,25-34,Android,Returning
5726,2025-07-19,Mumbai,18-24,Android,Power
5727,2025-04-02,Mumbai,45+,Android,Returning
5728,2025-03-05,Hyderabad,25-34,Android,Power
5729,2026-01-18,Mumbai,25-34,iOS,Returning
5730,2025-05-02,Mumbai,25-34,Android,Returning
5731,2025-06-28,Bangalore,25-34,Android,Returning
5732,2025-08-05,Chennai,25-34,Android,Power
5733,2025-07-07,Chennai,25-34,Web,Returning
5734,2026-02-07,Bangalore,25-34,Android,New
5735,2025-08-28,Chennai,35-44,iOS,Power
5736,2025-07-02,Bangalore,18-24,Android,Returning
5737,2025-03-03,Lucknow,18-24,Android,Returning
5738,2025-05-22,Mumbai,25-34,iOS,Returning
5739,2026-01-19,Hyderabad,35-44,Android,Returning
5740,2025-03-30,Bangalore,18-24,Android,Returning
5741,2025-09-20,Delhi NCR,18-24,Android,Returning
5742,2025-09-22,Pune,25-34,Android,Returning
5743,2025-12-02,Delhi NCR,25-34,Android,Returning
5744,2025-04-13,Bangalore,25-34,Android,Returning
5745,2026-02-17,Delhi NCR,18-24,Android,New
5746,2025-12-18,Delhi NCR,18-24,Android,Returning
5747,2025-12-15,Bangalore,35-44,iOS,Returning
5748,2025-03-20,Bangalore,25-34,Android,Returning
5749,2025-08-12,Pune,35-44,iOS,Returning
5750,2026-02-19,Pune,25-34,Android,New
5751,2025-03-14,Mumbai,25-34,iOS,Returning
5752,2025-07-18,Hyderabad,45+,iOS,Returning
5753,2025-09-06,Ahmedabad,18-24,iOS,Power
5754,2025-05-29,Mumbai,25-34,iOS,Power
5755,2026-01-21,Bangalore,18-24,Android,Returning
5756,2025-12-31,Pune,25-34,Android,Returning
5757,2025-12-25,Hyderabad,18-24,iOS,Returning
5758,2025-04-14,Mumbai,18-24,Android,Returning
5759,2025-10-28,Bangalore,45+,Android,Returning
5760,2025-09-18,Bangalore,25-34,Android,Power
5761,2025-09-23,Lucknow,35-44,Android,Returning
5762,2026-01-03,Mumbai,25-34,iOS,Returning
5763,2025-12-13,Lucknow,25-34,Android,Returning
5764,2025-08-19,Delhi NCR,18-24,Android,Returning
5765,2025-05-20,Delhi NCR,25-34,Web,Returning
5766,2026-02-14,Bangalore,25-34,Android,New
5767,2026-02-17,Hyderabad,18-24,Android,New
5768,2025-11-20,Delhi NCR,35-44,iOS,Returning
5769,2025-09-26,Delhi NCR,18-24,Android,Returning
5770,2025-03-26,Kolkata,25-34,Web,Power
5771,2025-10-27,Lucknow,25-34,Android,Returning
5772,2025-03-07,Delhi NCR,45+,Android,Returning
5773,2025-05-25,Mumbai,18-24,Android,Returning
5774,2025-11-11,Pune,25-34,Android,Returning
5775,2025-04-01,Hyderabad,25-34,Web,Power
5776,2025-03-09,Mumbai,18-24,iOS,Returning
5777,2025-10-06,Jaipur,25-34,iOS,Power
5778,2025-07-28,Mumbai,18-24,Android,Returning
5779,2025-09-20,Hyderabad,18-24,Web,Power
5780,2025-10-24,Bangalore,18-24,iOS,Power
5781,2025-04-21,Hyderabad,35-44,Android,Returning
5782,2025-04-03,Delhi NCR,18-24,iOS,Returning
5783,2025-10-02,Chennai,25-34,Web,Returning
5784,2026-01-24,Jaipur,18-24,iOS,Returning
5785,2025-09-09,Bangalore,18-24,Android,Returning
5786,2026-02-07,Bangalore,18-24,Web,New
5787,2025-08-07,Delhi NCR,25-34,Android,Power
5788,2025-10-25,Ahmedabad,18-24,iOS,Returning
5789,2025-03-30,Lucknow,18-24,Android,Returning
5790,2025-03-10,Pune,35-44,Web,Returning
5791,2025-07-27,Hyderabad,25-34,Android,Returning
5792,2025-11-25,Jaipur,18-24,Android,Power
5793,2025-09-18,Mumbai,25-34,Android,Returning
5794,2025-10-04,Bangalore,18-24,Android,Returning
5795,2026-02-11,Hyderabad,25-34,Web,New
5796,2025-05-11,Bangalore,25-34,Web,Power
5797,2025-08-18,Pune,18-24,Android,Returning
5798,2025-10-01,Chennai,18-24,Android,Power
5799,2025-10-29,Mumbai,25-34,Android,Returning
5800,2025-08-26,Delhi NCR,35-44,Android,Power
5801,2025-10-03,Delhi NCR,18-24,iOS,Returning
5802,2025-11-17,Hyderabad,18-24,iOS,Returning
5803,2025-07-01,Delhi NCR,25-34,Android,Power
5804,2025-07-13,Mumbai,25-34,Android,Returning
5805,2025-08-07,Chennai,18-24,iOS,Power
5806,2025-08-15,Kolkata,18-24,Android,Returning
5807,2025-03-29,Jaipur,18-24,Android,Returning
5808,2025-12-04,Lucknow,18-24,Android,Returning
5809,2025-10-10,Pune,25-34,Android,Returning
5810,2025-04-18,Mumbai,18-24,Android,Power
5811,2025-08-14,Kolkata,25-34,Web,Power
5812,2026-01-14,Bangalore,45+,Android,Returning
5813,2025-05-17,Chennai,25-34,iOS,Returning
5814,2026-02-14,Hyderabad,25-34,Android,New
5815,2026-01-16,Kolkata,25-34,iOS,Returning
5816,2025-09-13,Bangalore,25-34,Android,Returning
5817,2025-04-25,Mumbai,35-44,Android,Power
5818,2026-01-16,Hyderabad,25-34,Android,Returning
5819,2025-11-23,Mumbai,25-34,iOS,Returning
5820,2025-06-13,Jaipur,18-24,iOS,Returning
5821,2025-11-12,Bangalore,25-34,Web,Power
5822,2025-05-22,Hyderabad,25-34,Android,Returning
5823,2025-03-23,Ahmedabad,18-24,Android,Returning
5824,2025-11-17,Hyderabad,25-34,Android,Returning
5825,2025-06-18,Delhi NCR,25-34,Android,Power
5826,2025-08-07,Delhi NCR,25-34,Android,Returning
5827,2025-03-31,Bangalore,45+,iOS,Power
5828,2026-01-17,Kolkata,18-24,Android,Returning
5829,2025-03-13,Pune,18-24,Web,Power
5830,2025-06-29,Jaipur,35-44,Android,Returning
5831,2025-05-18,Mumbai,45+,Android,Power
5832,2025-03-11,Delhi NCR,25-34,iOS,Power
5833,2025-06-01,Mumbai,18-24,Android,Returning
5834,2025-12-08,Pune,25-34,Web,Returning
5835,2025-11-11,Mumbai,18-24,iOS,Returning
5836,2025-08-23,Mumbai,35-44,iOS,Returning
5837,2025-05-17,Hyderabad,35-44,Web,Returning
5838,2025-06-23,Bangalore,18-24,Android,Returning
5839,2025-08-01,Chennai,35-44,Android,Returning
5840,2025-05-14,Bangalore,25-34,Web,Power
5841,2025-10-19,Bangalore,45+,Android,Returning
5842,2025-08-12,Bangalore,45+,Android,Power
5843,2025-05-20,Kolkata,18-24,Android,Returning
5844,2025-04-09,Bangalore,18-24,Android,Returning
5845,2025-11-26,Delhi NCR,25-34,iOS,Power
5846,2025-05-27,Delhi NCR,45+,Android,Returning
5847,2025-04-10,Delhi NCR,45+,Android,Returning
5848,2025-07-25,Kolkata,25-34,Android,Returning
5849,2025-12-02,Mumbai,18-24,Android,Returning
5850,2025-12-19,Ahmedabad,18-24,Web,Returning
5851,2025-06-27,Delhi NCR,35-44,iOS,Returning
5852,2025-10-23,Ahmedabad,25-34,Android,Returning
5853,2025-08-01,Pune,25-34,Android,Returning
5854,2025-03-23,Hyderabad,25-34,Android,Returning
5855,2025-11-25,Chennai,35-44,Android,Returning
5856,2025-12-16,Delhi NCR,35-44,iOS,Returning
5857,2026-01-06,Hyderabad,25-34,Android,Returning
5858,2025-03-22,Delhi NCR,18-24,Android,Returning
5859,2026-01-06,Bangalore,25-34,iOS,Returning
5860,2025-07-26,Pune,45+,iOS,Power
5861,2026-02-13,Delhi NCR,25-34,iOS,New
5862,2025-11-22,Kolkata,18-24,iOS,Returning
5863,2026-02-09,Delhi NCR,18-24,Android,New
5864,2026-01-14,Hyderabad,18-24,Android,Returning
5865,2025-08-20,Jaipur,18-24,Android,Power
5866,2026-01-02,Chennai,25-34,Android,Returning
5867,2025-11-10,Hyderabad,18-24,Android,Returning
5868,2025-10-23,Chennai,25-34,iOS,Returning
5869,2025-03-29,Ahmedabad,18-24,iOS,Returning
5870,2025-08-19,Delhi NCR,18-24,Android,Returning
5871,2025-03-26,Hyderabad,25-34,Android,Power
5872,2025-04-09,Bangalore,25-34,iOS,Returning
5873,2026-02-21,Mumbai,18-24,Android,New
5874,2026-01-31,Mumbai,35-44,Android,New
5875,2025-11-09,Delhi NCR,18-24,iOS,Returning
5876,2025-09-21,Hyderabad,25-34,Android,Returning
5877,2025-10-21,Ahmedabad,25-34,Android,Returning
5878,2025-08-25,Pune,35-44,Android,Returning
5879,2025-09-19,Hyderabad,25-34,iOS,Returning
5880,2025-08-16,Mumbai,25-34,iOS,Returning
5881,2025-03-02,Delhi NCR,25-34,iOS,Power
5882,2025-08-09,Delhi NCR,25-34,Android,Power
5883,2025-08-01,Hyderabad,35-44,iOS,Returning
5884,2025-11-12,Mumbai,18-24,Web,Returning
5885,2025-05-29,Hyderabad,35-44,Android,Power
5886,2025-12-18,Ahmedabad,18-24,Android,Returning
5887,2025-09-15,Chennai,45+,iOS,Power
5888,2025-06-14,Pune,25-34,Web,Returning
5889,2025-07-01,Chennai,35-44,Web,Power
5890,2025-05-30,Delhi NCR,25-34,Android,Power
5891,2025-11-19,Mumbai,18-24,Web,Power
5892,2025-09-09,Kolkata,18-24,Android,Returning
5893,2025-09-11,Chennai,35-44,Android,Power
5894,2025-10-11,Hyderabad,25-34,Web,Returning
5895,2025-08-25,Delhi NCR,25-34,Web,Returning
5896,2025-12-05,Hyderabad,18-24,iOS,Returning
5897,2026-01-08,Mumbai,45+,Web,Returning
5898,2025-11-10,Mumbai,18-24,iOS,Returning
5899,2025-03-24,Delhi NCR,18-24,Android,Power
5900,2026-01-17,Bangalore,45+,Web,Returning
5901,2025-08-02,Mumbai,45+,Web,Power
5902,2025-08-13,Mumbai,18-24,Android,Power
5903,2025-05-07,Chennai,35-44,Android,Returning
5904,2025-03-20,Hyderabad,18-24,Android,Returning
5905,2025-07-04,Hyderabad,18-24,iOS,Power
5906,2025-11-06,Bangalore,35-44,iOS,Returning
5907,2026-02-03,Lucknow,35-44,Web,New
5908,2025-05-06,Mumbai,18-24,Android,Power
5909,2025-12-14,Delhi NCR,18-24,iOS,Returning
5910,2025-10-15,Hyderabad,18-24,Web,Returning
5911,2026-02-09,Mumbai,35-44,Android,New
5912,2025-08-02,Hyderabad,45+,iOS,Returning
5913,2025-07-04,Hyderabad,18-24,Android,Returning
5914,2026-01-21,Lucknow,35-44,iOS,Returning
5915,2025-06-06,Ahmedabad,18-24,iOS,Returning
5916,2025-08-06,Jaipur,25-34,iOS,Power
5917,2025-06-07,Mumbai,18-24,Android,Returning
5918,2025-09-28,Kolkata,25-34,Android,Returning
5919,2026-01-18,Mumbai,18-24,iOS,Returning
5920,2026-02-18,Hyderabad,45+,Android,New
5921,2025-05-11,Chennai,18-24,Android,Power
5922,2025-11-23,Mumbai,25-34,Android,Returning
5923,2025-05-30,Hyderabad,35-44,Android,Returning
5924,2025-07-14,Mumbai,25-34,iOS,Returning
5925,2025-07-24,Delhi NCR,18-24,iOS,Returning
5926,2025-12-26,Ahmedabad,25-34,iOS,Returning
5927,2025-03-11,Mumbai,35-44,iOS,Returning
5928,2025-07-12,Mumbai,25-34,Android,Returning
5929,2025-04-07,Bangalore,18-24,Android,Power
5930,2026-01-08,Kolkata,25-34,Web,Returning
5931,2025-06-11,Mumbai,45+,Android,Returning
5932,2025-06-07,Delhi NCR,18-24,Android,Returning
5933,2025-03-07,Ahmedabad,25-34,iOS,Power
5934,2025-04-18,Mumbai,25-34,Android,Returning
5935,2025-04-11,Delhi NCR,18-24,Android,Returning
5936,2025-09-28,Pune,25-34,Android,Returning
5937,2025-03-08,Hyderabad,45+,Web,Returning
5938,2025-10-12,Kolkata,18-24,Android,Power
5939,2026-01-09,Mumbai,35-44,Android,Returning
5940,2025-11-04,Ahmedabad,35-44,iOS,Power
5941,2026-01-14,Jaipur,18-24,Web,Returning
5942,2025-04-26,Mumbai,18-24,Android,Returning
5943,2025-12-03,Mumbai,45+,Android,Returning
5944,2025-08-05,Lucknow,35-44,Android,Returning
5945,2025-06-05,Bangalore,18-24,Android,Power
5946,2025-12-02,Hyderabad,18-24,iOS,Returning
5947,2025-11-03,Hyderabad,25-34,Android,Returning
5948,2026-01-06,Pune,25-34,Android,Returning
5949,2025-11-05,Kolkata,25-34,iOS,Returning
5950,2025-11-03,Delhi NCR,45+,iOS,Power
5951,2025-06-14,Delhi NCR,25-34,Web,Returning
5952,2025-12-16,Kolkata,35-44,iOS,Returning
5953,2025-04-30,Kolkata,25-34,Android,Returning
5954,2026-02-22,Hyderabad,18-24,iOS,New
5955,2025-10-30,Lucknow,35-44,Android,Returning
5956,2026-02-18,Pune,25-34,Android,New
5957,2025-03-18,Delhi NCR,18-24,iOS,Returning
5958,2025-07-29,Kolkata,18-24,Android,Returning
5959,2025-05-26,Bangalore,25-34,Android,Returning
5960,2026-02-01,Mumbai,25-34,Web,New
5961,2025-07-09,Delhi NCR,45+,iOS,Power
5962,2025-04-22,Pune,35-44,iOS,Returning
5963,2026-02-03,Jaipur,18-24,iOS,New
5964,2026-01-06,Delhi NCR,35-44,Android,Returning
5965,2026-01-31,Delhi NCR,18-24,iOS,New
5966,2025-03-13,Hyderabad,18-24,Web,Returning
5967,2025-09-18,Kolkata,18-24,Android,Power
5968,2025-06-04,Pune,25-34,iOS,Returning
5969,2025-04-01,Hyderabad,18-24,iOS,Power
5970,2026-01-25,Hyderabad,25-34,Android,Returning
5971,2025-05-19,Delhi NCR,18-24,Android,Returning
5972,2025-03-18,Bangalore,25-34,Android,Returning
5973,2025-06-01,Delhi NCR,45+,Android,Returning
5974,2025-08-05,Ahmedabad,45+,Android,Returning
5975,2025-07-06,Mumbai,25-34,Web,Power
5976,2025-11-28,Chennai,25-34,Android,Returning
5977,2025-09-09,Delhi NCR,35-44,Android,Returning
5978,2025-12-12,Bangalore,35-44,Android,Returning
5979,2025-11-11,Delhi NCR,35-44,Web,Power
5980,2025-07-27,Delhi NCR,18-24,Android,Returning
5981,2025-03-08,Delhi NCR,25-34,iOS,Returning
5982,2025-11-15,Pune,25-34,iOS,Returning
5983,2026-01-13,Delhi NCR,25-34,iOS,Returning
5984,2025-09-01,Chennai,25-34,Android,Returning
5985,2025-12-27,Bangalore,35-44,Android,Returning
5986,2025-06-28,Hyderabad,35-44,Android,Returning
5987,2025-06-30,Hyderabad,18-24,Android,Returning
5988,2025-04-15,Lucknow,18-24,Android,Returning
5989,2025-12-04,Delhi NCR,25-34,iOS,Returning
5990,2025-07-27,Delhi NCR,18-24,Android,Returning
5991,2026-02-22,Ahmedabad,18-24,Android,New
5992,2025-05-27,Mumbai,35-44,iOS,Returning
5993,2025-03-29,Kolkata,25-34,Android,Power
5994,2025-08-03,Mumbai,35-44,Android,Returning
5995,2025-09-13,Chennai,35-44,Web,Returning
5996,2025-04-05,Mumbai,35-44,Android,Returning
5997,2025-10-14,Ahmedabad,18-24,Android,Returning
5998,2025-04-29,Hyderabad,18-24,Android,Power
5999,2025-07-14,Delhi NCR,18-24,iOS,Returning
6000,2025-04-27,Mumbai,18-24,iOS,Returning
6001,2025-09-21,Delhi NCR,25-34,Android,Power
6002,2026-02-28,Chennai,35-44,iOS,New
6003,2025-07-08,Bangalore,45+,Android,Returning
6004,2025-08-25,Delhi NCR,35-44,Android,Power
6005,2026-02-25,Hyderabad,25-34,iOS,New
6006,2025-10-20,Bangalore,25-34,Android,Returning
6007,2025-07-26,Mumbai,18-24,Android,Returning
6008,2025-06-14,Mumbai,25-34,Android,Returning
6009,2026-02-28,Chennai,35-44,Web,New
6010,2025-12-20,Lucknow,18-24,Web,Returning
6011,2025-09-04,Delhi NCR,25-34,iOS,Returning
6012,2025-08-24,Pune,35-44,Web,Power
6013,2025-05-14,Mumbai,18-24,iOS,Returning
6014,2026-02-21,Bangalore,45+,Web,New
6015,2025-06-21,Bangalore,18-24,Android,Power
6016,2025-05-13,Delhi NCR,35-44,iOS,Returning
6017,2025-06-30,Bangalore,25-34,iOS,Power
6018,2025-10-29,Ahmedabad,18-24,Web,Returning
6019,2025-05-06,Jaipur,18-24,Android,Power
6020,2025-05-22,Mumbai,35-44,Android,Power
6021,2026-01-28,Delhi NCR,35-44,Web,Returning
6022,2025-04-01,Lucknow,25-34,iOS,Returning
6023,2025-10-06,Delhi NCR,45+,Web,Power
6024,2025-09-26,Chennai,35-44,iOS,Returning
6025,2026-02-13,Delhi NCR,18-24,iOS,New
6026,2025-03-11,Delhi NCR,25-34,Android,Power
6027,2026-01-13,Delhi NCR,25-34,Android,Returning
6028,2025-06-23,Kolkata,25-34,iOS,Returning
6029,2025-08-26,Ahmedabad,18-24,Web,Returning
6030,2026-01-29,Delhi NCR,18-24,iOS,Returning
6031,2025-06-14,Kolkata,25-34,Android,Returning
6032,2026-02-12,Delhi NCR,18-24,iOS,New
6033,2026-01-21,Mumbai,25-34,iOS,Returning
6034,2025-05-01,Pune,45+,Web,Returning
6035,2026-01-21,Hyderabad,18-24,Android,Returning
6036,2025-10-20,Delhi NCR,35-44,Android,Returning
6037,2026-01-30,Delhi NCR,25-34,Android,Returning
6038,2025-09-24,Lucknow,18-24,Android,Returning
6039,2025-05-27,Kolkata,35-44,Web,Power
6040,2025-08-10,Pune,18-24,Android,Power
6041,2025-12-25,Mumbai,18-24,Web,Returning
6042,2025-11-13,Pune,18-24,Web,Returning
6043,2025-06-06,Delhi NCR,25-34,Android,Power
6044,2025-07-22,Lucknow,25-34,Web,Returning
6045,2025-05-13,Mumbai,25-34,Android,Returning
6046,2026-02-11,Delhi NCR,18-24,iOS,New
6047,2025-12-01,Bangalore,35-44,Android,Returning
6048,2025-09-01,Kolkata,35-44,Web,Power
6049,2025-06-19,Pune,25-34,iOS,Returning
6050,2025-06-21,Delhi NCR,18-24,Web,Power
6051,2025-06-17,Hyderabad,18-24,iOS,Returning
6052,2025-03-20,Kolkata,35-44,Android,Returning
6053,2025-12-04,Mumbai,18-24,Android,Returning
6054,2025-12-01,Pune,18-24,Android,Power
6055,2025-07-07,Jaipur,25-34,Android,Returning
6056,2025-12-21,Mumbai,35-44,Web,Returning
6057,2026-01-16,Mumbai,25-34,Android,Returning
6058,2025-08-13,Delhi NCR,18-24,Web,Returning
6059,2025-09-30,Mumbai,25-34,Web,Returning
6060,2025-12-05,Bangalore,25-34,Android,Returning
6061,2026-02-10,Chennai,25-34,Android,New
6062,2025-11-20,Hyderabad,18-24,Web,Returning
6063,2025-11-26,Delhi NCR,35-44,Android,Power
6064,2025-06-20,Chennai,25-34,Android,Returning
6065,2025-03-09,Chennai,25-34,Android,Returning
6066,2026-01-30,Jaipur,25-34,Web,Returning
6067,2025-06-25,Mumbai,18-24,iOS,Power
6068,2026-01-27,Chennai,18-24,Android,Returning
6069,2025-07-15,Ahmedabad,18-24,Android,Returning
6070,2026-02-17,Bangalore,25-34,Android,New
6071,2025-11-03,Delhi NCR,25-34,Android,Returning
6072,2025-03-16,Mumbai,35-44,Web,Returning
6073,2025-09-27,Kolkata,18-24,Android,Power
6074,2025-06-28,Bangalore,45+,iOS,Returning
6075,2025-04-03,Ahmedabad,18-24,Android,Returning
6076,2025-06-27,Kolkata,25-34,Android,Power
6077,2026-01-31,Delhi NCR,18-24,Android,New
6078,2025-09-21,Hyderabad,25-34,iOS,Returning
6079,2025-07-09,Mumbai,35-44,iOS,Returning
6080,2025-08-23,Delhi NCR,45+,Android,Power
6081,2025-11-04,Chennai,25-34,Android,Returning
6082,2025-06-03,Chennai,18-24,iOS,Power
6083,2025-06-16,Delhi NCR,35-44,Android,Returning
6084,2025-09-02,Pune,35-44,Android,Returning
6085,2025-09-10,Delhi NCR,45+,Android,Power
6086,2025-05-31,Bangalore,18-24,Android,Returning
6087,2025-06-15,Bangalore,35-44,iOS,Returning
6088,2025-10-17,Delhi NCR,18-24,Android,Returning
6089,2025-09-11,Jaipur,25-34,Android,Returning
6090,2025-08-03,Chennai,18-24,Android,Power
6091,2025-07-08,Hyderabad,25-34,iOS,Power
6092,2025-08-27,Bangalore,25-34,Android,Power
6093,2025-03-02,Mumbai,18-24,Android,Power
6094,2025-11-26,Delhi NCR,25-34,Android,Returning
6095,2026-02-18,Chennai,25-34,iOS,New
6096,2025-12-23,Ahmedabad,18-24,Android,Returning
6097,2025-08-03,Kolkata,18-24,iOS,Returning
6098,2025-08-17,Delhi NCR,25-34,iOS,Returning
6099,2025-11-23,Bangalore,35-44,Web,Returning
6100,2025-11-28,Mumbai,25-34,iOS,Power
6101,2026-02-07,Mumbai,25-34,iOS,New
6102,2025-09-10,Bangalore,45+,iOS,Returning
6103,2025-10-18,Hyderabad,18-24,iOS,Power
6104,2026-02-04,Delhi NCR,35-44,iOS,New
6105,2025-08-28,Hyderabad,25-34,Android,Power
6106,2025-12-06,Chennai,45+,Android,Returning
6107,2026-01-05,Delhi NCR,25-34,iOS,Returning
6108,2025-06-23,Pune,35-44,iOS,Returning
6109,2025-10-08,Delhi NCR,18-24,iOS,Returning
6110,2025-03-15,Hyderabad,45+,iOS,Returning
6111,2025-09-15,Pune,25-34,Web,Power
6112,2025-07-20,Hyderabad,25-34,Android,Returning
6113,2025-07-24,Ahmedabad,18-24,Android,Power
6114,2025-09-03,Mumbai,45+,Android,Returning
6115,2025-11-02,Hyderabad,25-34,Web,Returning
6116,2025-06-09,Hyderabad,18-24,Android,Power
6117,2025-10-02,Chennai,18-24,iOS,Power
6118,2025-07-29,Kolkata,25-34,Android,Power
6119,2025-08-16,Chennai,18-24,Android,Power
6120,2026-01-18,Pune,25-34,iOS,Returning
6121,2026-01-07,Delhi NCR,45+,Android,Returning
6122,2025-04-05,Bangalore,25-34,Android,Power
6123,2025-06-23,Hyderabad,45+,Android,Returning
6124,2025-05-10,Hyderabad,25-34,Android,Power
6125,2025-06-03,Jaipur,35-44,Android,Returning
6126,2025-10-29,Delhi NCR,25-34,Android,Returning
6127,2025-03-27,Delhi NCR,25-34,iOS,Returning
6128,2025-06-08,Hyderabad,25-34,Android,Returning
6129,2025-03-18,Kolkata,25-34,Android,Returning
6130,2026-01-31,Ahmedabad,45+,Android,New
6131,2026-01-25,Delhi NCR,25-34,Android,Returning
6132,2026-02-23,Mumbai,35-44,Android,New
6133,2025-11-10,Bangalore,25-34,iOS,Power
6134,2025-05-11,Bangalore,25-34,iOS,Power
6135,2025-12-14,Lucknow,25-34,Web,Returning
6136,2025-03-17,Bangalore,25-34,Web,Returning
6137,2025-10-05,Delhi NCR,18-24,iOS,Power
6138,2025-12-24,Delhi NCR,35-44,iOS,Returning
6139,2026-02-21,Bangalore,45+,iOS,New
6140,2025-10-30,Kolkata,18-24,iOS,Returning
6141,2025-03-26,Mumbai,45+,iOS,Returning
6142,2025-09-07,Delhi NCR,18-24,Android,Returning
6143,2025-09-03,Jaipur,25-34,Android,Power
6144,2025-12-06,Mumbai,25-34,iOS,Returning
6145,2026-01-15,Pune,18-24,iOS,Returning
6146,2025-10-16,Delhi NCR,18-24,Android,Power
6147,2025-03-23,Hyderabad,25-34,Android,Power
6148,2026-02-13,Mumbai,18-24,Android,New
6149,2025-04-02,Delhi NCR,18-24,Web,Returning
6150,2025-08-18,Bangalore,18-24,Android,Returning
6151,2026-02-20,Delhi NCR,18-24,iOS,New
6152,2025-04-19,Hyderabad,18-24,Web,Returning
6153,2025-04-01,Delhi NCR,25-34,Android,Power
6154,2025-04-02,Chennai,35-44,Web,Power
6155,2025-04-08,Ahmedabad,18-24,Web,Returning
6156,2026-02-14,Mumbai,18-24,Android,New
6157,2025-04-08,Delhi NCR,35-44,Android,Power
6158,2025-11-19,Kolkata,18-24,Android,Returning
6159,2025-07-18,Hyderabad,35-44,Android,Power
6160,2025-05-27,Mumbai,18-24,Web,Power
6161,2025-11-08,Bangalore,18-24,Android,Returning
6162,2026-02-28,Delhi NCR,18-24,Web,New
6163,2025-06-08,Delhi NCR,18-24,Android,Power
6164,2025-08-05,Jaipur,35-44,Web,Returning
6165,2025-11-11,Pune,18-24,Android,Power
6166,2025-08-13,Chennai,45+,iOS,Returning
6167,2025-04-29,Delhi NCR,25-34,Android,Returning
6168,2026-02-17,Mumbai,45+,Android,New
6169,2025-03-21,Kolkata,18-24,Android,Power
6170,2025-08-25,Mumbai,18-24,Android,Power
6171,2025-09-28,Bangalore,25-34,Android,Power
6172,2025-04-01,Delhi NCR,18-24,iOS,Returning
6173,2025-05-26,Hyderabad,35-44,Android,Returning
6174,2025-09-11,Delhi NCR,25-34,iOS,Returning
6175,2025-10-18,Delhi NCR,25-34,iOS,Power
6176,2026-02-04,Kolkata,18-24,iOS,New
6177,2026-02-11,Hyderabad,25-34,Web,New
6178,2025-08-23,Mumbai,25-34,iOS,Returning
6179,2025-10-11,Chennai,35-44,Android,Power
6180,2026-01-17,Delhi NCR,18-24,Android,Returning
6181,2025-04-01,Bangalore,45+,Android,Power
6182,2025-05-21,Hyderabad,45+,Android,Returning
6183,2025-10-06,Delhi NCR,35-44,Android,Returning
6184,2025-04-20,Bangalore,25-34,Android,Power
6185,2025-04-16,Pune,25-34,Android,Power
6186,2025-11-29,Jaipur,18-24,Android,Returning
6187,2025-09-03,Bangalore,45+,iOS,Returning
6188,2026-01-04,Mumbai,45+,Android,Returning
6189,2025-09-27,Delhi NCR,18-24,Android,Returning
6190,2025-09-22,Bangalore,25-34,Android,Power
6191,2025-11-10,Delhi NCR,35-44,Android,Returning
6192,2025-10-15,Bangalore,18-24,Android,Power
6193,2025-07-12,Hyderabad,18-24,Android,Returning
6194,2025-07-24,Mumbai,45+,Android,Power
6195,2025-12-23,Delhi NCR,35-44,Android,Returning
6196,2025-05-03,Bangalore,45+,Android,Power
6197,2025-06-25,Delhi NCR,18-24,Android,Returning
6198,2025-04-12,Lucknow,18-24,Android,Returning
6199,2026-02-23,Bangalore,25-34,iOS,New
6200,2025-05-25,Kolkata,25-34,Android,Power
6201,2025-11-27,Ahmedabad,18-24,iOS,Returning
6202,2025-06-05,Kolkata,35-44,iOS,Returning
6203,2025-08-16,Mumbai,45+,Android,Power
6204,2026-02-04,Jaipur,18-24,Web,New
6205,2025-10-04,Mumbai,18-24,Android,Returning
6206,2025-11-03,Mumbai,18-24,Android,Returning
6207,2025-03-28,Bangalore,25-34,Android,Power
6208,2025-03-28,Delhi NCR,18-24,Web,Returning
6209,2025-12-25,Delhi NCR,25-34,Web,Returning
6210,2025-05-04,Delhi NCR,25-34,iOS,Returning
6211,2025-09-07,Delhi NCR,35-44,Android,Returning
6212,2025-04-16,Chennai,18-24,Web,Returning
6213,2025-12-15,Delhi NCR,25-34,Android,Returning
6214,2025-11-07,Hyderabad,35-44,iOS,Returning
6215,2025-11-10,Lucknow,25-34,Web,Power
6216,2025-06-25,Bangalore,45+,iOS,Returning
6217,2025-08-10,Hyderabad,25-34,Android,Returning
6218,2025-10-05,Jaipur,45+,iOS,Power
6219,2026-01-25,Mumbai,18-24,Android,Returning
6220,2025-04-26,Bangalore,25-34,Android,Returning
6221,2026-02-03,Kolkata,25-34,iOS,New
6222,2025-07-06,Jaipur,45+,Android,Power
6223,2026-02-15,Hyderabad,18-24,Android,New
6224,2026-01-15,Mumbai,18-24,iOS,Returning
6225,2025-07-28,Ahmedabad,25-34,iOS,Returning
6226,2025-07-11,Mumbai,18-24,Android,Returning
6227,2025-08-20,Delhi NCR,25-34,Android,Returning
6228,2026-01-09,Delhi NCR,45+,Web,Returning
6229,2025-07-30,Bangalore,45+,Android,Power
6230,2025-10-01,Pune,18-24,iOS,Returning
6231,2025-05-30,Pune,18-24,Web,Returning
6232,2025-03-28,Chennai,25-34,Android,Returning
6233,2025-12-15,Mumbai,25-34,Android,Returning
6234,2025-07-24,Hyderabad,25-34,Android,Power
6235,2025-03-18,Pune,35-44,iOS,Returning
6236,2025-08-26,Bangalore,25-34,iOS,Power
6237,2025-05-16,Jaipur,18-24,iOS,Returning
6238,2026-02-01,Kolkata,35-44,Android,New
6239,2025-09-02,Hyderabad,18-24,Android,Returning
6240,2025-06-21,Mumbai,18-24,Android,Returning
6241,2025-10-26,Chennai,35-44,iOS,Returning
6242,2025-09-05,Ahmedabad,25-34,iOS,Returning
6243,2026-01-23,Delhi NCR,25-34,Android,Returning
6244,2025-11-22,Kolkata,25-34,iOS,Returning
6245,2025-11-23,Delhi NCR,18-24,iOS,Returning
6246,2025-10-25,Hyderabad,25-34,Web,Power
6247,2025-09-14,Hyderabad,25-34,Android,Returning
6248,2025-12-11,Chennai,18-24,Android,Returning
6249,2025-05-11,Ahmedabad,25-34,Android,Returning
6250,2025-04-02,Delhi NCR,35-44,iOS,Returning
6251,2025-10-26,Delhi NCR,25-34,iOS,Power
6252,2025-03-23,Chennai,35-44,iOS,Power
6253,2025-04-25,Mumbai,35-44,Android,Returning
6254,2025-10-02,Bangalore,35-44,iOS,Returning
6255,2026-02-13,Mumbai,25-34,Android,New
6256,2026-02-01,Mumbai,25-34,iOS,New
6257,2025-09-09,Chennai,25-34,Android,Returning
6258,2026-01-14,Pune,35-44,Android,Returning
6259,2025-04-07,Mumbai,18-24,Android,Power
6260,2025-07-08,Delhi NCR,35-44,Android,Returning
6261,2025-07-30,Mumbai,25-34,Android,Returning
6262,2025-12-06,Bangalore,18-24,Android,Returning
6263,2025-05-23,Mumbai,25-34,Android,Returning
6264,2025-07-12,Bangalore,18-24,Android,Returning
6265,2025-12-06,Pune,18-24,iOS,Returning
6266,2025-12-26,Chennai,35-44,Android,Returning
6267,2025-10-18,Delhi NCR,25-34,Web,Power
6268,2025-10-01,Chennai,25-34,Web,Returning
6269,2025-11-06,Ahmedabad,18-24,Android,Returning
6270,2025-12-27,Delhi NCR,25-34,Android,Returning
6271,2025-03-23,Delhi NCR,18-24,Android,Power
6272,2025-03-03,Hyderabad,35-44,iOS,Power
6273,2025-03-14,Delhi NCR,35-44,iOS,Returning
6274,2025-09-24,Chennai,35-44,Android,Returning
6275,2025-12-14,Kolkata,18-24,Android,Returning
6276,2025-10-06,Bangalore,25-34,Android,Returning
6277,2025-03-23,Chennai,35-44,Android,Returning
6278,2025-07-19,Chennai,18-24,Web,Power
6279,2025-04-22,Mumbai,18-24,Android,Power
6280,2025-11-18,Delhi NCR,35-44,Android,Power
6281,2025-03-19,Ahmedabad,35-44,Android,Power
6282,2025-05-04,Jaipur,25-34,iOS,Returning
6283,2025-12-03,Pune,18-24,Android,Returning
6284,2025-05-02,Ahmedabad,25-34,Android,Returning
6285,2025-09-14,Delhi NCR,25-34,Android,Returning
6286,2025-09-12,Delhi NCR,25-34,Android,Power
6287,2025-10-17,Bangalore,25-34,iOS,Power
6288,2026-01-10,Mumbai,25-34,Android,Returning
6289,2025-03-26,Pune,35-44,iOS,Returning
6290,2025-03-19,Lucknow,35-44,Android,Returning
6291,2025-10-18,Kolkata,25-34,Android,Returning
6292,2025-03-19,Hyderabad,18-24,iOS,Power
6293,2025-10-15,Delhi NCR,25-34,Android,Returning
6294,2025-06-29,Delhi NCR,18-24,iOS,Returning
6295,2025-11-12,Delhi NCR,25-34,Android,Returning
6296,2025-04-22,Chennai,45+,Web,Power
6297,2025-05-18,Bangalore,25-34,Android,Returning
6298,2026-02-08,Jaipur,18-24,Android,New
6299,2025-12-01,Kolkata,18-24,Android,Power
6300,2025-05-09,Mumbai,18-24,Android,Returning
6301,2025-11-09,Mumbai,18-24,iOS,Returning
6302,2025-05-04,Chennai,25-34,Android,Returning
6303,2025-12-14,Delhi NCR,25-34,Web,Returning
6304,2025-09-05,Pune,18-24,Android,Returning
6305,2025-03-23,Hyderabad,18-24,Android,Returning
6306,2025-10-04,Delhi NCR,25-34,iOS,Power
6307,2025-11-20,Bangalore,25-34,Web,Returning
6308,2025-06-28,Bangalore,35-44,Android,Returning
6309,2025-11-04,Kolkata,18-24,Web,Power
6310,2025-11-29,Mumbai,35-44,Web,Returning
6311,2026-02-01,Ahmedabad,25-34,Web,New
6312,2026-02-04,Chennai,18-24,Web,New
6313,2026-01-02,Pune,18-24,Web,Returning
6314,2025-05-08,Mumbai,25-34,iOS,Power
6315,2025-10-18,Hyderabad,25-34,iOS,Returning
6316,2025-04-04,Hyderabad,18-24,Android,Power
6317,2025-06-25,Hyderabad,35-44,Android,Returning
6318,2026-01-22,Pune,18-24,iOS,Returning
6319,2025-12-16,Hyderabad,25-34,Web,Returning
6320,2025-10-10,Kolkata,25-34,Android,Returning
6321,2025-04-13,Delhi NCR,25-34,iOS,Power
6322,2025-09-14,Pune,35-44,Android,Returning
6323,2025-06-15,Mumbai,45+,Android,Returning
6324,2025-03-11,Kolkata,18-24,Android,Returning
6325,2025-07-19,Jaipur,25-34,Android,Power
6326,2025-09-30,Delhi NCR,35-44,Web,Returning
6327,2026-02-10,Bangalore,25-34,Android,New
6328,2025-10-06,Chennai,25-34,iOS,Power
6329,2025-07-03,Mumbai,45+,Android,Power
6330,2025-03-22,Bangalore,25-34,Web,Returning
6331,2025-07-07,Delhi NCR,18-24,iOS,Returning
6332,2026-01-25,Kolkata,35-44,Android,Returning
6333,2025-08-23,Kolkata,45+,Android,Power
6334,2026-02-28,Chennai,35-44,Android,New
6335,2025-09-29,Chennai,25-34,Android,Power
6336,2025-10-26,Pune,45+,Android,Power
6337,2025-03-21,Delhi NCR,45+,Web,Returning
6338,2025-07-18,Bangalore,45+,iOS,Returning
6339,2025-07-23,Hyderabad,25-34,Android,Returning
6340,2025-08-02,Jaipur,35-44,Web,Returning
6341,2026-02-04,Chennai,25-34,Android,New
6342,2026-02-13,Hyderabad,18-24,Android,New
6343,2025-08-31,Pune,25-34,iOS,Returning
6344,2025-04-06,Delhi NCR,35-44,Android,Returning
6345,2025-10-23,Pune,35-44,Android,Returning
6346,2026-01-18,Bangalore,35-44,Android,Returning
6347,2025-03-30,Delhi NCR,18-24,iOS,Returning
6348,2025-07-08,Hyderabad,25-34,Web,Power
6349,2025-03-06,Chennai,25-34,iOS,Power
6350,2026-01-26,Bangalore,35-44,iOS,Returning
6351,2025-03-21,Hyderabad,18-24,Android,Returning
6352,2026-01-15,Chennai,35-44,Android,Returning
6353,2025-10-18,Pune,25-34,iOS,Power
6354,2026-02-08,Ahmedabad,45+,Android,New
6355,2025-10-30,Delhi NCR,25-34,Android,Power
6356,2025-12-21,Jaipur,25-34,Android,Returning
6357,2025-03-14,Hyderabad,45+,Web,Power
6358,2025-03-05,Pune,35-44,Android,Returning
6359,2026-01-12,Chennai,18-24,Web,Returning
6360,2026-01-21,Delhi NCR,18-24,Android,Returning
6361,2025-05-18,Mumbai,35-44,iOS,Returning
6362,2026-02-19,Chennai,25-34,Android,New
6363,2026-01-30,Bangalore,35-44,Web,Returning
6364,2025-06-30,Chennai,25-34,Android,Power
6365,2025-05-31,Bangalore,45+,Android,Returning
6366,2025-12-03,Delhi NCR,25-34,Android,Returning
6367,2025-06-30,Delhi NCR,35-44,Android,Returning
6368,2025-04-06,Pune,18-24,Web,Returning
6369,2026-02-14,Delhi NCR,25-34,iOS,New
6370,2026-02-25,Chennai,18-24,iOS,New
6371,2025-08-22,Bangalore,35-44,Android,Returning
6372,2025-09-14,Pune,35-44,iOS,Power
6373,2026-02-20,Mumbai,18-24,Web,New
6374,2025-11-12,Delhi NCR,25-34,iOS,Power
6375,2025-10-15,Chennai,35-44,Android,Returning
6376,2025-09-28,Hyderabad,35-44,iOS,Returning
6377,2025-08-04,Delhi NCR,25-34,iOS,Returning
6378,2025-06-02,Ahmedabad,45+,Android,Returning
6379,2025-10-09,Delhi NCR,35-44,Android,Returning
6380,2025-11-22,Bangalore,25-34,Android,Returning
6381,2025-04-27,Delhi NCR,25-34,Web,Power
6382,2025-12-22,Bangalore,25-34,Android,Returning
6383,2025-06-27,Bangalore,35-44,Android,Power
6384,2025-06-13,Delhi NCR,25-34,iOS,Returning
6385,2025-05-29,Pune,35-44,iOS,Returning
6386,2025-12-12,Bangalore,18-24,Web,Returning
6387,2025-10-06,Chennai,45+,Android,Returning
6388,2025-11-10,Delhi NCR,35-44,iOS,Returning
6389,2025-06-16,Delhi NCR,25-34,Android,Returning
6390,2025-11-28,Mumbai,25-34,Android,Power
6391,2026-02-16,Pune,18-24,Android,New
6392,2025-06-14,Hyderabad,35-44,iOS,Power
6393,2025-11-12,Kolkata,35-44,iOS,Returning
6394,2025-04-05,Bangalore,25-34,Android,Returning
6395,2025-08-24,Pune,18-24,Android,Power
6396,2025-11-26,Hyderabad,18-24,iOS,Returning
6397,2025-11-16,Mumbai,25-34,Android,Returning
6398,2026-02-21,Delhi NCR,18-24,Android,New
6399,2025-12-24,Bangalore,25-34,Android,Returning
6400,2025-08-22,Hyderabad,18-24,Android,Returning
6401,2025-06-18,Mumbai,25-34,Android,Returning
6402,2026-02-20,Chennai,25-34,iOS,New
6403,2025-11-04,Hyderabad,35-44,Android,Returning
6404,2025-06-07,Bangalore,25-34,Web,Returning
6405,2025-11-22,Delhi NCR,25-34,iOS,Returning
6406,2025-05-07,Hyderabad,18-24,Android,Returning
6407,2025-09-18,Mumbai,25-34,iOS,Power
6408,2025-10-11,Mumbai,45+,Android,Returning
6409,2025-06-06,Pune,18-24,iOS,Returning
6410,2026-01-23,Delhi NCR,18-24,iOS,Returning
6411,2025-12-17,Delhi NCR,18-24,Web,Returning
6412,2025-12-18,Delhi NCR,25-34,Web,Returning
6413,2025-04-27,Bangalore,25-34,Android,Power
6414,2025-08-14,Mumbai,18-24,iOS,Power
6415,2025-10-22,Delhi NCR,18-24,Android,Power
6416,2025-06-28,Bangalore,35-44,Web,Power
6417,2025-04-23,Bangalore,25-34,Android,Returning
6418,2025-12-31,Lucknow,25-34,iOS,Returning
6419,2025-05-26,Bangalore,45+,Android,Returning
6420,2025-11-18,Bangalore,25-34,Android,Power
6421,2025-05-09,Bangalore,35-44,Android,Returning
6422,2025-04-15,Delhi NCR,45+,Android,Returning
6423,2025-03-25,Kolkata,18-24,Android,Power
6424,2025-10-01,Hyderabad,25-34,Android,Returning
6425,2025-09-25,Delhi NCR,25-34,Android,Returning
6426,2025-08-07,Pune,35-44,Android,Returning
6427,2025-09-03,Mumbai,25-34,Android,Power
6428,2025-08-16,Lucknow,35-44,Android,Returning
6429,2025-07-21,Kolkata,45+,Web,Returning
6430,2025-12-02,Hyderabad,35-44,iOS,Returning
6431,2025-05-18,Mumbai,45+,Android,Returning
6432,2025-05-29,Delhi NCR,35-44,Android,Returning
6433,2025-07-08,Delhi NCR,45+,Android,Returning
6434,2025-08-30,Delhi NCR,18-24,Web,Returning
6435,2025-08-04,Bangalore,35-44,Android,Returning
6436,2025-10-22,Jaipur,35-44,iOS,Returning
6437,2025-09-29,Bangalore,25-34,Android,Returning
6438,2026-02-16,Chennai,18-24,Android,New
6439,2025-10-30,Chennai,25-34,iOS,Returning
6440,2025-03-07,Kolkata,18-24,Android,Power
6441,2025-07-24,Mumbai,25-34,Android,Returning
6442,2025-11-15,Bangalore,25-34,Web,Returning
6443,2025-12-21,Pune,45+,Android,Returning
6444,2025-08-18,Kolkata,18-24,Android,Returning
6445,2025-08-27,Ahmedabad,35-44,Android,Power
6446,2025-11-22,Chennai,18-24,Web,Returning
6447,2025-12-09,Delhi NCR,25-34,iOS,Returning
6448,2025-12-16,Bangalore,25-34,Android,Returning
6449,2025-03-26,Mumbai,25-34,Web,Returning
6450,2025-08-21,Hyderabad,35-44,Android,Returning
6451,2025-04-10,Hyderabad,35-44,Android,Returning
6452,2025-07-30,Chennai,35-44,Android,Returning
6453,2025-04-20,Jaipur,25-34,iOS,Returning
6454,2025-04-17,Chennai,35-44,iOS,Returning
6455,2025-10-08,Delhi NCR,25-34,Android,Returning
6456,2025-07-28,Delhi NCR,18-24,Android,Power
6457,2025-03-05,Kolkata,35-44,Web,Returning
6458,2025-04-11,Delhi NCR,35-44,iOS,Power
6459,2026-02-14,Mumbai,25-34,iOS,New
6460,2025-07-27,Delhi NCR,45+,Android,Power
6461,2026-01-25,Bangalore,35-44,iOS,Returning
6462,2025-08-30,Mumbai,25-34,iOS,Returning
6463,2025-06-04,Jaipur,25-34,Web,Power
6464,2025-03-08,Jaipur,45+,Android,Returning
6465,2025-11-21,Lucknow,35-44,iOS,Returning
6466,2026-02-22,Mumbai,25-34,Web,New
6467,2026-01-30,Jaipur,25-34,Android,Returning
6468,2025-04-30,Lucknow,25-34,iOS,Returning
6469,2025-10-08,Jaipur,25-34,Web,Power
6470,2025-11-10,Chennai,25-34,Android,Power
6471,2025-07-12,Chennai,25-34,iOS,Returning
6472,2025-09-03,Mumbai,25-34,Android,Returning
6473,2025-12-19,Kolkata,45+,Android,Returning
6474,2025-08-03,Mumbai,45+,Android,Power
6475,2025-07-24,Delhi NCR,35-44,Android,Returning
6476,2025-12-11,Lucknow,45+,iOS,Returning
6477,2025-12-08,Bangalore,35-44,Android,Returning
6478,2026-01-18,Mumbai,18-24,Web,Returning
6479,2025-06-01,Jaipur,45+,Android,Power
6480,2025-08-22,Lucknow,18-24,iOS,Returning
6481,2025-09-09,Delhi NCR,25-34,Android,Returning
6482,2026-02-22,Kolkata,25-34,Android,New
6483,2025-09-27,Bangalore,25-34,Android,Power
6484,2026-02-19,Bangalore,25-34,Android,New
6485,2026-01-26,Delhi NCR,35-44,Web,Returning
6486,2026-01-24,Mumbai,18-24,iOS,Returning
6487,2026-02-23,Delhi NCR,45+,Web,New
6488,2025-07-29,Mumbai,25-34,iOS,Returning
6489,2025-10-18,Ahmedabad,45+,iOS,Returning
6490,2025-05-20,Chennai,25-34,Android,Returning
6491,2025-10-26,Ahmedabad,25-34,Android,Power
6492,2025-03-29,Chennai,25-34,iOS,Power
6493,2025-09-08,Mumbai,25-34,Android,Returning
6494,2025-09-30,Jaipur,18-24,Android,Returning
6495,2025-04-04,Ahmedabad,25-34,Android,Returning
6496,2026-02-03,Delhi NCR,18-24,Android,New
6497,2025-11-06,Mumbai,25-34,Android,Power
6498,2025-05-21,Chennai,45+,Android,Returning
6499,2025-12-16,Chennai,18-24,Android,Returning
6500,2025-09-16,Ahmedabad,25-34,Android,Returning
6501,2025-08-24,Mumbai,35-44,Android,Power
6502,2025-12-13,Mumbai,18-24,Android,Returning
6503,2025-12-01,Hyderabad,18-24,Android,Power
6504,2025-09-06,Hyderabad,18-24,Web,Returning
6505,2026-02-08,Mumbai,18-24,iOS,New
6506,2026-01-06,Bangalore,18-24,Web,Returning
6507,2025-08-29,Hyderabad,25-34,Android,Returning
6508,2025-03-07,Pune,25-34,Android,Power
6509,2025-07-22,Delhi NCR,35-44,iOS,Returning
6510,2025-04-20,Bangalore,35-44,Android,Returning
6511,2025-04-07,Kolkata,35-44,Android,Returning
6512,2025-09-03,Jaipur,25-34,iOS,Power
6513,2025-05-29,Delhi NCR,25-34,iOS,Returning
6514,2025-11-09,Delhi NCR,25-34,Android,Power
6515,2025-07-20,Jaipur,25-34,Android,Power
6516,2025-07-30,Bangalore,25-34,iOS,Power
6517,2026-01-01,Chennai,45+,Android,Returning
6518,2025-04-08,Hyderabad,18-24,Web,Power
6519,2025-11-12,Delhi NCR,25-34,Web,Power
6520,2025-09-25,Chennai,25-34,Web,Returning
6521,2025-08-22,Chennai,35-44,Android,Returning
6522,2025-08-13,Hyderabad,18-24,Android,Power
6523,2025-04-23,Mumbai,18-24,Web,Returning
6524,2025-08-17,Lucknow,35-44,Android,Returning
6525,2026-01-25,Bangalore,18-24,Android,Returning
6526,2025-06-28,Hyderabad,25-34,Android,Power
6527,2025-07-07,Ahmedabad,35-44,Android,Power
6528,2025-11-17,Bangalore,45+,iOS,Returning
6529,2026-02-22,Pune,18-24,Web,New
6530,2025-05-22,Lucknow,25-34,iOS,Returning
6531,2026-02-28,Delhi NCR,18-24,iOS,New
6532,2025-07-25,Bangalore,25-34,Android,Returning
6533,2025-07-14,Ahmedabad,25-34,Android,Returning
6534,2025-09-10,Mumbai,45+,Android,Power
6535,2025-12-04,Mumbai,25-34,Android,Returning
6536,2026-01-19,Ahmedabad,25-34,Android,Returning
6537,2025-10-29,Kolkata,25-34,iOS,Returning
6538,2025-04-04,Lucknow,18-24,Android,Power
6539,2025-05-07,Mumbai,25-34,Web,Power
6540,2025-09-04,Mumbai,18-24,Web,Returning
6541,2025-12-28,Mumbai,35-44,Android,Returning
6542,2025-09-17,Chennai,25-34,Android,Returning
6543,2025-08-26,Hyderabad,18-24,iOS,Power
6544,2025-08-04,Delhi NCR,25-34,Web,Power
6545,2025-07-17,Mumbai,18-24,Web,Returning
6546,2026-01-12,Hyderabad,18-24,Android,Returning
6547,2025-07-20,Hyderabad,35-44,Android,Returning
6548,2026-02-26,Mumbai,45+,Android,New
6549,2025-09-07,Ahmedabad,18-24,Android,Returning
6550,2025-11-22,Delhi NCR,35-44,Android,Power
6551,2025-11-05,Pune,25-34,iOS,Power
6552,2025-06-04,Ahmedabad,25-34,Android,Returning
6553,2025-06-21,Hyderabad,25-34,Web,Returning
6554,2025-04-18,Delhi NCR,18-24,Android,Power
6555,2025-11-26,Delhi NCR,18-24,Android,Returning
6556,2025-06-01,Ahmedabad,18-24,Android,Power
6557,2026-02-05,Delhi NCR,18-24,Android,New
6558,2025-11-05,Pune,18-24,iOS,Returning
6559,2025-10-01,Lucknow,25-34,Android,Power
6560,2025-03-28,Lucknow,25-34,Web,Returning
6561,2026-01-10,Hyderabad,35-44,Web,Returning
6562,2025-08-07,Kolkata,25-34,Web,Returning
6563,2025-03-31,Lucknow,18-24,Android,Returning
6564,2025-12-12,Delhi NCR,18-24,Android,Returning
6565,2025-12-21,Delhi NCR,35-44,Android,Returning
6566,2026-02-02,Mumbai,18-24,iOS,New
6567,2025-06-03,Mumbai,35-44,Web,Returning
6568,2026-01-10,Kolkata,25-34,Android,Returning
6569,2025-05-13,Hyderabad,45+,iOS,Returning
6570,2025-06-27,Kolkata,25-34,Web,Returning
6571,2025-06-10,Pune,18-24,Web,Power
6572,2025-12-12,Chennai,25-34,Android,Returning
6573,2025-08-23,Hyderabad,25-34,Android,Returning
6574,2026-01-13,Mumbai,25-34,Android,Returning
6575,2025-03-05,Kolkata,25-34,iOS,Power
6576,2025-03-12,Bangalore,18-24,Android,Returning
6577,2025-03-14,Hyderabad,25-34,Android,Returning
6578,2025-08-24,Mumbai,45+,Android,Power
6579,2025-06-18,Jaipur,45+,Android,Returning
6580,2025-07-22,Ahmedabad,25-34,Android,Returning
6581,2025-07-03,Hyderabad,18-24,iOS,Power
6582,2025-06-05,Hyderabad,18-24,Web,Power
6583,2026-02-28,Chennai,35-44,Android,New
6584,2026-01-26,Delhi NCR,35-44,iOS,Returning
6585,2025-12-12,Delhi NCR,45+,iOS,Returning
6586,2025-07-08,Chennai,25-34,Android,Power
6587,2025-04-01,Mumbai,35-44,iOS,Returning
6588,2025-03-17,Bangalore,35-44,Android,Returning
6589,2025-11-23,Bangalore,25-34,iOS,Returning
6590,2025-12-09,Bangalore,35-44,iOS,Returning
6591,2025-08-21,Delhi NCR,18-24,iOS,Power
6592,2025-06-21,Delhi NCR,25-34,Android,Returning
6593,2026-01-22,Delhi NCR,45+,iOS,Returning
6594,2026-02-15,Bangalore,18-24,iOS,New
6595,2025-03-19,Chennai,35-44,iOS,Returning
6596,2025-04-25,Jaipur,25-34,iOS,Returning
6597,2025-08-04,Mumbai,35-44,iOS,Returning
6598,2025-03-09,Kolkata,25-34,Android,Power
6599,2025-12-02,Delhi NCR,45+,Android,Returning
6600,2026-01-04,Hyderabad,35-44,iOS,Returning
6601,2025-11-27,Hyderabad,25-34,iOS,Power
6602,2025-11-28,Hyderabad,18-24,Android,Returning
6603,2025-03-26,Chennai,35-44,Android,Power
6604,2025-12-06,Bangalore,25-34,Android,Returning
6605,2025-06-29,Delhi NCR,25-34,Android,Returning
6606,2026-02-07,Kolkata,18-24,Android,New
6607,2025-05-14,Delhi NCR,35-44,Android,Power
6608,2025-06-02,Delhi NCR,25-34,Android,Returning
6609,2025-04-29,Mumbai,45+,Android,Returning
6610,2025-10-30,Delhi NCR,35-44,iOS,Power
6611,2025-10-24,Bangalore,18-24,Android,Power
6612,2025-11-08,Hyderabad,25-34,Android,Power
6613,2025-06-01,Delhi NCR,45+,iOS,Returning
6614,2025-03-30,Mumbai,35-44,Web,Returning
6615,2025-10-22,Pune,25-34,Android,Returning
6616,2025-10-20,Pune,45+,Web,Power
6617,2025-12-06,Lucknow,18-24,Android,Returning
6618,2025-03-16,Ahmedabad,25-34,Android,Power
6619,2025-12-10,Ahmedabad,35-44,Android,Returning
6620,2025-04-10,Pune,18-24,iOS,Power
6621,2025-12-22,Hyderabad,25-34,Android,Returning
6622,2025-10-04,Mumbai,35-44,iOS,Power
6623,2026-02-13,Hyderabad,25-34,Android,New
6624,2025-04-28,Mumbai,18-24,Android,Returning
6625,2025-11-16,Ahmedabad,25-34,Android,Returning
6626,2025-09-17,Bangalore,25-34,Android,Power
6627,2025-08-12,Chennai,25-34,Android,Power
6628,2025-08-16,Mumbai,35-44,iOS,Returning
6629,2025-08-28,Hyderabad,18-24,Android,Returning
6630,2025-04-13,Delhi NCR,35-44,iOS,Returning
6631,2025-06-09,Delhi NCR,35-44,Android,Returning
6632,2025-03-03,Bangalore,35-44,Web,Returning
6633,2025-11-21,Mumbai,25-34,iOS,Returning
6634,2025-03-24,Bangalore,25-34,iOS,Power
6635,2025-04-15,Bangalore,25-34,iOS,Returning
6636,2025-07-30,Kolkata,35-44,Android,Returning
6637,2025-05-27,Bangalore,25-34,Android,Returning
6638,2025-09-20,Delhi NCR,25-34,iOS,Returning
6639,2025-09-25,Lucknow,25-34,Android,Power
6640,2025-06-23,Hyderabad,35-44,Android,Power
6641,2025-11-24,Bangalore,18-24,iOS,Power
6642,2026-02-11,Bangalore,45+,Android,New
6643,2025-04-08,Pune,18-24,Web,Returning
6644,2025-11-24,Delhi NCR,25-34,iOS,Returning
6645,2026-02-28,Bangalore,25-34,iOS,New
6646,2025-07-28,Pune,18-24,Android,Returning
6647,2025-10-20,Mumbai,45+,iOS,Returning
6648,2025-06-14,Kolkata,25-34,Android,Returning
6649,2025-10-27,Bangalore,18-24,Android,Power
6650,2025-12-09,Hyderabad,35-44,Web,Returning
6651,2025-05-22,Pune,25-34,Android,Power
6652,2025-09-11,Delhi NCR,45+,iOS,Returning
6653,2026-01-01,Ahmedabad,25-34,iOS,Returning
6654,2026-01-28,Lucknow,18-24,Web,Returning
6655,2025-09-21,Bangalore,18-24,Android,Power
6656,2025-05-21,Jaipur,35-44,Android,Returning
6657,2025-11-15,Mumbai,25-34,Web,Returning
6658,2025-11-16,Ahmedabad,45+,iOS,Returning
6659,2025-07-16,Delhi NCR,35-44,iOS,Returning
6660,2025-08-25,Delhi NCR,45+,iOS,Power
6661,2025-12-21,Delhi NCR,45+,Android,Returning
6662,2025-04-17,Delhi NCR,25-34,Android,Returning
6663,2025-05-15,Delhi NCR,18-24,Android,Returning
6664,2025-12-04,Ahmedabad,18-24,iOS,Returning
6665,2025-03-04,Ahmedabad,25-34,Android,Returning
6666,2026-01-04,Mumbai,25-34,iOS,Returning
6667,2025-11-08,Mumbai,18-24,iOS,Returning
6668,2026-02-16,Kolkata,25-34,Android,New
6669,2026-02-11,Bangalore,25-34,Android,New
6670,2025-08-31,Mumbai,18-24,iOS,Power
6671,2025-11-08,Bangalore,25-34,Web,Power
6672,2025-07-15,Bangalore,18-24,iOS,Returning
6673,2025-09-11,Delhi NCR,25-34,Android,Power
6674,2025-05-10,Chennai,18-24,Android,Returning
6675,2025-08-24,Hyderabad,35-44,iOS,Returning
6676,2025-12-12,Mumbai,18-24,iOS,Returning
6677,2025-10-06,Ahmedabad,35-44,Android,Returning
6678,2025-08-31,Hyderabad,25-34,Android,Returning
6679,2025-05-19,Delhi NCR,25-34,Android,Returning
6680,2025-06-24,Delhi NCR,25-34,Android,Returning
6681,2025-03-12,Mumbai,25-34,Android,Returning
6682,2025-04-21,Bangalore,18-24,iOS,Returning
6683,2025-08-17,Mumbai,35-44,Android,Returning
6684,2025-04-12,Bangalore,45+,iOS,Power
6685,2025-12-20,Mumbai,45+,Android,Returning
6686,2025-06-26,Chennai,25-34,Android,Power
6687,2025-10-06,Pune,25-34,iOS,Returning
6688,2025-11-15,Hyderabad,25-34,Web,Power
6689,2025-06-11,Chennai,25-34,Android,Returning
6690,2025-05-09,Jaipur,35-44,Android,Returning
6691,2025-12-21,Hyderabad,25-34,Android,Returning
6692,2025-08-20,Delhi NCR,45+,iOS,Returning
6693,2025-12-23,Bangalore,25-34,Web,Returning
6694,2025-04-30,Kolkata,25-34,Android,Returning
6695,2026-01-08,Mumbai,45+,iOS,Returning
6696,2025-03-03,Delhi NCR,45+,Android,Returning
6697,2025-05-20,Hyderabad,25-34,Android,Power
6698,2025-04-01,Chennai,25-34,Web,Power
6699,2026-02-20,Pune,18-24,Android,New
6700,2025-06-23,Delhi NCR,18-24,Android,Power
6701,2025-04-03,Mumbai,35-44,Web,Power
6702,2025-05-07,Jaipur,25-34,Android,Power
6703,2025-08-29,Mumbai,25-34,Android,Returning
6704,2025-09-03,Mumbai,25-34,Android,Power
6705,2025-08-15,Bangalore,25-34,Android,Returning
6706,2025-10-24,Kolkata,25-34,Android,Returning
6707,2026-02-09,Pune,45+,Android,New
6708,2025-04-07,Jaipur,18-24,iOS,Returning
6709,2025-12-26,Mumbai,35-44,Web,Returning
6710,2025-08-31,Delhi NCR,25-34,Android,Returning
6711,2025-07-03,Delhi NCR,35-44,iOS,Power
6712,2026-02-05,Kolkata,45+,iOS,New
6713,2025-12-08,Bangalore,25-34,Android,Returning
6714,2025-04-16,Mumbai,18-24,Android,Power
6715,2025-08-28,Chennai,18-24,iOS,Power
6716,2025-04-19,Bangalore,18-24,iOS,Returning
6717,2025-11-22,Hyderabad,35-44,Android,Returning
6718,2025-12-29,Ahmedabad,18-24,Android,Returning
6719,2025-05-19,Delhi NCR,18-24,Android,Returning
6720,2026-02-07,Delhi NCR,25-34,Android,New
6721,2025-08-01,Delhi NCR,25-34,iOS,Power
6722,2025-10-26,Delhi NCR,25-34,iOS,Returning
6723,2026-01-18,Mumbai,25-34,iOS,Returning
6724,2025-11-23,Chennai,35-44,Web,Power
6725,2026-01-29,Delhi NCR,18-24,Web,Returning
6726,2025-09-24,Ahmedabad,25-34,iOS,Returning
6727,2025-11-09,Delhi NCR,35-44,Android,Returning
6728,2025-06-27,Delhi NCR,25-34,Android,Returning
6729,2025-10-30,Delhi NCR,35-44,Android,Returning
6730,2025-06-01,Pune,35-44,iOS,Power
6731,2025-05-11,Bangalore,35-44,Web,Returning
6732,2025-08-06,Kolkata,25-34,Android,Returning
6733,2025-11-11,Pune,35-44,iOS,Returning
6734,2025-05-27,Ahmedabad,35-44,Web,Returning
6735,2026-01-04,Pune,35-44,iOS,Returning
6736,2026-01-03,Mumbai,25-34,iOS,Returning
6737,2025-05-14,Kolkata,18-24,Android,Power
6738,2025-11-07,Jaipur,25-34,Android,Power
6739,2025-04-27,Lucknow,18-24,Android,Returning
6740,2025-03-25,Mumbai,25-34,iOS,Returning
6741,2025-08-15,Hyderabad,25-34,Android,Power
6742,2025-04-14,Delhi NCR,45+,Android,Power
6743,2025-09-03,Delhi NCR,45+,iOS,Returning
6744,2025-07-25,Pune,35-44,iOS,Returning
6745,2025-05-28,Lucknow,45+,Android,Power
6746,2026-02-13,Hyderabad,45+,Web,New
6747,2025-12-30,Kolkata,35-44,Android,Returning
6748,2026-01-06,Mumbai,18-24,Android,Returning
6749,2025-09-14,Mumbai,25-34,Android,Returning
6750,2026-02-03,Hyderabad,25-34,Android,New
6751,2025-03-30,Bangalore,18-24,Android,Power
6752,2025-12-26,Ahmedabad,35-44,iOS,Returning
6753,2025-11-21,Delhi NCR,18-24,iOS,Returning
6754,2025-12-17,Bangalore,25-34,Android,Returning
6755,2025-08-21,Bangalore,18-24,iOS,Power
6756,2025-09-11,Delhi NCR,25-34,Web,Returning
6757,2025-06-01,Ahmedabad,25-34,Android,Returning
6758,2025-08-26,Bangalore,35-44,Android,Returning
6759,2026-02-06,Bangalore,25-34,Android,New
6760,2025-09-01,Kolkata,25-34,Android,Returning
6761,2025-04-08,Delhi NCR,35-44,Android,Returning
6762,2025-11-13,Kolkata,35-44,Android,Power
6763,2025-03-31,Mumbai,25-34,Web,Returning
6764,2025-09-20,Delhi NCR,18-24,Android,Returning
6765,2025-05-03,Jaipur,18-24,Web,Returning
6766,2025-08-07,Kolkata,35-44,Android,Returning
6767,2025-12-13,Bangalore,25-34,Android,Returning
6768,2026-02-13,Hyderabad,18-24,Android,New
6769,2025-04-08,Jaipur,18-24,Web,Power
6770,2025-11-25,Delhi NCR,35-44,iOS,Returning
6771,2025-10-05,Mumbai,25-34,iOS,Returning
6772,2026-02-27,Hyderabad,25-34,Android,New
6773,2026-02-19,Mumbai,25-34,Android,New
6774,2025-10-27,Delhi NCR,18-24,iOS,Power
6775,2025-12-10,Ahmedabad,25-34,iOS,Returning
6776,2025-10-12,Mumbai,25-34,Android,Returning
6777,2025-04-09,Kolkata,25-34,Android,Returning
6778,2025-10-02,Bangalore,35-44,Android,Power
6779,2025-05-17,Hyderabad,25-34,Android,Returning
6780,2025-03-05,Chennai,35-44,iOS,Power
6781,2025-03-26,Bangalore,18-24,Android,Returning
6782,2025-10-23,Mumbai,18-24,iOS,Returning
6783,2025-07-05,Mumbai,18-24,iOS,Returning
6784,2026-01-02,Pune,25-34,iOS,Returning
6785,2025-08-15,Delhi NCR,25-34,iOS,Returning
6786,2025-08-02,Mumbai,25-34,iOS,Power
6787,2026-01-15,Lucknow,35-44,iOS,Returning
6788,2025-11-24,Lucknow,45+,iOS,Power
6789,2025-05-26,Delhi NCR,18-24,iOS,Returning
6790,2026-02-06,Mumbai,18-24,Android,New
6791,2025-03-31,Chennai,18-24,Android,Returning
6792,2026-01-16,Kolkata,35-44,Android,Returning
6793,2026-02-02,Mumbai,18-24,Android,New
6794,2025-05-23,Mumbai,25-34,iOS,Returning
6795,2025-11-24,Kolkata,25-34,iOS,Returning
6796,2026-01-24,Ahmedabad,18-24,iOS,Returning
6797,2025-11-12,Pune,18-24,Android,Returning
6798,2026-01-05,Delhi NCR,25-34,Android,Returning
6799,2025-08-21,Bangalore,18-24,Android,Returning
6800,2025-07-25,Hyderabad,18-24,Android,Returning
6801,2025-08-28,Mumbai,25-34,iOS,Returning
6802,2025-12-22,Delhi NCR,25-34,Android,Returning
6803,2025-04-18,Delhi NCR,18-24,Android,Returning
6804,2025-10-22,Bangalore,25-34,Android,Returning
6805,2026-01-05,Bangalore,18-24,Android,Returning
6806,2025-11-24,Kolkata,25-34,Android,Returning
6807,2025-03-30,Pune,35-44,Android,Returning
6808,2025-12-04,Ahmedabad,35-44,Android,Returning
6809,2025-05-11,Kolkata,25-34,Android,Power
6810,2025-11-02,Delhi NCR,25-34,iOS,Returning
6811,2025-08-05,Delhi NCR,35-44,Android,Returning
6812,2025-04-01,Bangalore,18-24,iOS,Returning
6813,2025-09-28,Mumbai,25-34,Android,Returning
6814,2026-01-25,Ahmedabad,35-44,Web,Returning
6815,2025-12-12,Mumbai,25-34,iOS,Returning
6816,2025-12-24,Delhi NCR,25-34,Android,Returning
6817,2025-03-23,Hyderabad,25-34,Android,Power
6818,2026-01-26,Bangalore,18-24,Android,Returning
6819,2025-11-24,Chennai,25-34,iOS,Returning
6820,2025-09-13,Bangalore,18-24,Android,Returning
6821,2025-09-13,Delhi NCR,18-24,Android,Returning
6822,2025-10-01,Delhi NCR,18-24,Web,Returning
6823,2025-12-20,Ahmedabad,25-34,Android,Returning
6824,2026-02-26,Delhi NCR,18-24,Android,New
6825,2025-04-21,Delhi NCR,25-34,Web,Returning
6826,2026-01-28,Bangalore,25-34,iOS,Returning
6827,2025-05-18,Mumbai,18-24,iOS,Returning
6828,2025-12-09,Bangalore,18-24,Web,Returning
6829,2026-01-17,Chennai,18-24,Web,Returning
6830,2025-11-16,Pune,25-34,Web,Power
6831,2026-02-28,Chennai,18-24,Android,New
6832,2025-12-30,Mumbai,25-34,Android,Returning
6833,2025-06-04,Bangalore,25-34,Android,Returning
6834,2025-09-02,Mumbai,25-34,iOS,Returning
6835,2025-07-20,Mumbai,35-44,Android,Power
6836,2026-02-23,Bangalore,25-34,Android,New
6837,2025-11-18,Delhi NCR,25-34,Android,Power
6838,2026-02-19,Chennai,35-44,iOS,New
6839,2025-12-20,Chennai,18-24,iOS,Returning
6840,2025-12-01,Ahmedabad,45+,Android,Returning
6841,2025-07-18,Pune,45+,iOS,Returning
6842,2025-09-24,Mumbai,18-24,Android,Power
6843,2025-07-16,Delhi NCR,35-44,Android,Returning
6844,2025-10-26,Delhi NCR,35-44,Web,Power
6845,2025-08-04,Bangalore,45+,iOS,Returning
6846,2025-11-24,Mumbai,25-34,Android,Returning
6847,2025-12-17,Mumbai,25-34,Web,Returning
6848,2025-11-06,Bangalore,18-24,Android,Power
6849,2025-08-22,Chennai,25-34,iOS,Returning
6850,2025-09-12,Chennai,18-24,iOS,Returning
6851,2025-04-28,Bangalore,25-34,Android,Returning
6852,2025-08-09,Bangalore,45+,Android,Returning
6853,2026-01-04,Bangalore,18-24,Android,Returning
6854,2025-08-05,Chennai,35-44,Android,Returning
6855,2026-01-19,Mumbai,18-24,Android,Returning
6856,2026-01-28,Chennai,18-24,Android,Returning
6857,2026-02-14,Hyderabad,25-34,iOS,New
6858,2025-12-29,Delhi NCR,18-24,iOS,Returning
6859,2025-09-27,Mumbai,45+,iOS,Returning
6860,2025-05-21,Mumbai,18-24,Android,Returning
6861,2025-08-04,Bangalore,18-24,Android,Power
6862,2025-04-15,Pune,18-24,Android,Returning
6863,2025-08-26,Delhi NCR,25-34,Web,Returning
6864,2025-10-22,Delhi NCR,18-24,iOS,Power
6865,2025-10-25,Jaipur,25-34,Web,Returning
6866,2025-05-13,Delhi NCR,25-34,Android,Returning
6867,2025-11-07,Mumbai,18-24,iOS,Returning
6868,2025-08-14,Delhi NCR,18-24,iOS,Power
6869,2026-02-16,Pune,35-44,iOS,New
6870,2025-06-03,Hyderabad,25-34,iOS,Power
6871,2025-12-02,Bangalore,25-34,Android,Returning
6872,2025-07-29,Jaipur,25-34,iOS,Power
6873,2025-05-27,Pune,35-44,iOS,Returning
6874,2025-08-10,Mumbai,35-44,Android,Returning
6875,2025-12-17,Pune,35-44,Web,Returning
6876,2026-02-04,Mumbai,18-24,Android,New
6877,2025-11-20,Chennai,18-24,iOS,Power
6878,2025-09-06,Delhi NCR,25-34,iOS,Power
6879,2025-11-04,Chennai,35-44,iOS,Returning
6880,2025-09-16,Delhi NCR,18-24,Android,Returning
6881,2026-01-19,Kolkata,25-34,iOS,Returning
6882,2025-03-22,Delhi NCR,35-44,Android,Returning
6883,2025-11-01,Hyderabad,25-34,Web,Returning
6884,2025-11-24,Delhi NCR,18-24,Android,Returning
6885,2025-10-07,Ahmedabad,25-34,Android,Returning
6886,2025-07-28,Pune,18-24,Web,Returning
6887,2025-07-15,Delhi NCR,18-24,Android,Returning
6888,2025-04-22,Jaipur,18-24,Android,Returning
6889,2025-10-22,Delhi NCR,35-44,iOS,Returning
6890,2025-03-14,Chennai,35-44,Android,Returning
6891,2025-04-17,Pune,25-34,Android,Power
6892,2025-10-15,Mumbai,25-34,Android,Returning
6893,2025-04-11,Jaipur,25-34,Web,Power
6894,2025-03-29,Delhi NCR,18-24,Android,Power
6895,2025-06-01,Delhi NCR,18-24,iOS,Returning
6896,2025-11-04,Kolkata,25-34,Android,Returning
6897,2025-04-29,Chennai,35-44,Android,Power
6898,2025-11-27,Mumbai,45+,Android,Power
6899,2025-09-14,Mumbai,25-34,Web,Returning
6900,2025-08-10,Chennai,25-34,Android,Power
6901,2025-03-25,Mumbai,25-34,Android,Returning
6902,2025-10-03,Ahmedabad,25-34,Android,Returning
6903,2025-08-30,Pune,25-34,Android,Returning
6904,2025-09-30,Delhi NCR,35-44,Android,Returning
6905,2025-12-17,Delhi NCR,35-44,Android,Returning
6906,2025-05-31,Bangalore,25-34,Android,Returning
6907,2026-01-18,Delhi NCR,25-34,iOS,Returning
6908,2025-08-01,Pune,45+,Android,Returning
6909,2025-11-20,Lucknow,35-44,Android,Power
6910,2026-01-15,Hyderabad,25-34,Android,Returning
6911,2025-12-09,Bangalore,25-34,Android,Returning
6912,2026-02-12,Delhi NCR,35-44,Android,New
6913,2025-12-18,Chennai,25-34,Android,Returning
6914,2026-02-15,Chennai,25-34,iOS,New
6915,2025-09-25,Chennai,18-24,Android,Returning
6916,2025-07-21,Mumbai,35-44,Android,Returning
6917,2025-10-20,Ahmedabad,25-34,iOS,Returning
6918,2025-03-28,Delhi NCR,25-34,iOS,Returning
6919,2026-01-13,Pune,35-44,Android,Returning
6920,2025-11-14,Pune,45+,Android,Returning
6921,2025-11-13,Chennai,35-44,Android,Returning
6922,2025-06-09,Bangalore,18-24,Web,Power
6923,2025-08-08,Hyderabad,25-34,iOS,Returning
6924,2025-12-12,Mumbai,25-34,Android,Returning
6925,2025-09-27,Pune,18-24,Android,Power
6926,2025-06-03,Mumbai,45+,iOS,Returning
6927,2025-06-27,Bangalore,35-44,Android,Returning
6928,2026-02-10,Mumbai,25-34,iOS,New
6929,2025-03-20,Kolkata,18-24,Web,Returning
6930,2026-02-03,Hyderabad,18-24,Android,New
6931,2025-07-27,Chennai,25-34,Android,Power
6932,2025-09-28,Chennai,18-24,Android,Returning
6933,2025-09-28,Kolkata,25-34,Android,Returning
6934,2025-09-08,Mumbai,25-34,iOS,Power
6935,2025-11-29,Chennai,35-44,Android,Power
6936,2025-03-28,Hyderabad,18-24,Android,Power
6937,2025-09-01,Mumbai,25-34,Android,Returning
6938,2025-10-21,Delhi NCR,35-44,Web,Returning
6939,2025-05-07,Delhi NCR,25-34,Android,Returning
6940,2025-05-30,Mumbai,18-24,Android,Returning
6941,2025-06-01,Delhi NCR,18-24,Android,Returning
6942,2025-12-15,Mumbai,35-44,iOS,Returning
6943,2025-09-05,Hyderabad,35-44,Android,Returning
6944,2025-08-29,Delhi NCR,35-44,Android,Returning
6945,2025-04-16,Delhi NCR,18-24,Web,Power
6946,2025-10-21,Ahmedabad,35-44,Android,Returning
6947,2025-03-03,Bangalore,25-34,Android,Power
6948,2026-01-11,Delhi NCR,18-24,iOS,Returning
6949,2026-01-05,Hyderabad,45+,Android,Returning
6950,2025-09-28,Delhi NCR,25-34,Android,Power
6951,2025-03-11,Mumbai,45+,Android,Returning
6952,2025-08-13,Mumbai,35-44,iOS,Returning
6953,2025-04-27,Jaipur,25-34,Web,Returning
6954,2025-03-10,Chennai,25-34,iOS,Returning
6955,2025-11-03,Pune,25-34,Android,Power
6956,2025-06-11,Lucknow,35-44,Android,Returning
6957,2026-01-14,Jaipur,25-34,Android,Returning
6958,2025-05-03,Pune,35-44,iOS,Returning
6959,2025-03-10,Chennai,18-24,iOS,Returning
6960,2025-08-24,Delhi NCR,25-34,iOS,Returning
6961,2025-04-25,Mumbai,25-34,Web,Returning
6962,2025-04-17,Hyderabad,18-24,Android,Returning
6963,2025-10-23,Hyderabad,35-44,Android,Returning
6964,2026-01-11,Jaipur,18-24,Web,Returning
6965,2026-02-04,Bangalore,18-24,Android,New
6966,2025-06-08,Chennai,18-24,Android,Power
6967,2025-11-03,Hyderabad,25-34,Android,Returning
6968,2025-10-08,Mumbai,25-34,Android,Power
6969,2025-08-13,Hyderabad,35-44,Android,Power
6970,2025-09-25,Hyderabad,25-34,Web,Returning
6971,2025-03-18,Bangalore,25-34,Android,Returning
6972,2025-10-18,Bangalore,25-34,Android,Returning
6973,2025-10-04,Mumbai,18-24,Android,Returning
6974,2025-03-30,Bangalore,25-34,iOS,Returning
6975,2025-12-20,Hyderabad,25-34,Android,Returning
6976,2025-07-11,Bangalore,18-24,iOS,Power
6977,2025-04-01,Bangalore,18-24,Android,Returning
6978,2025-05-06,Mumbai,25-34,Android,Returning
6979,2025-09-28,Delhi NCR,35-44,iOS,Power
6980,2025-12-01,Delhi NCR,18-24,Android,Returning
6981,2025-04-01,Bangalore,18-24,Android,Power
6982,2025-08-14,Hyderabad,18-24,iOS,Returning
6983,2025-09-21,Kolkata,45+,Android,Returning
6984,2026-02-03,Mumbai,35-44,Web,New
6985,2025-10-31,Mumbai,18-24,Android,Returning
6986,2025-05-04,Bangalore,18-24,iOS,Returning
6987,2025-08-01,Bangalore,35-44,iOS,Power
6988,2025-12-28,Hyderabad,18-24,Android,Returning
6989,2025-12-23,Kolkata,45+,Android,Returning
6990,2025-06-21,Pune,18-24,Android,Returning
6991,2026-02-27,Mumbai,18-24,Web,New
6992,2025-11-13,Jaipur,25-34,iOS,Power
6993,2025-05-19,Mumbai,25-34,Android,Returning
6994,2026-01-11,Hyderabad,45+,Android,Returning
6995,2025-10-12,Chennai,35-44,Android,Returning
6996,2025-07-26,Chennai,25-34,iOS,Power
6997,2026-01-16,Delhi NCR,25-34,Web,Returning
6998,2025-06-05,Delhi NCR,35-44,Android,Returning
6999,2025-12-13,Hyderabad,25-34,iOS,Returning
7000,2025-07-28,Delhi NCR,18-24,Android,Returning
7001,2025-11-23,Mumbai,18-24,iOS,Returning
7002,2025-07-08,Hyderabad,18-24,Android,Returning
7003,2025-05-23,Bangalore,35-44,iOS,Returning
7004,2025-10-03,Chennai,25-34,Web,Returning
7005,2025-05-01,Mumbai,18-24,iOS,Returning
7006,2025-12-25,Kolkata,35-44,Web,Returning
7007,2025-07-10,Mumbai,18-24,Android,Returning
7008,2025-12-04,Ahmedabad,25-34,Web,Returning
7009,2025-12-12,Bangalore,35-44,Web,Returning
7010,2025-08-08,Hyderabad,25-34,Android,Returning
7011,2025-05-26,Ahmedabad,18-24,Android,Returning
7012,2025-03-29,Delhi NCR,25-34,Web,Power
7013,2025-06-20,Delhi NCR,35-44,Android,Power
7014,2025-05-01,Bangalore,25-34,Android,Returning
7015,2025-10-22,Delhi NCR,18-24,iOS,Power
7016,2025-12-07,Bangalore,18-24,Android,Returning
7017,2025-05-29,Delhi NCR,35-44,iOS,Power
7018,2025-08-26,Kolkata,25-34,Android,Power
7019,2026-01-14,Hyderabad,35-44,Android,Returning
7020,2025-08-30,Mumbai,25-34,iOS,Returning
7021,2025-06-06,Pune,25-34,Android,Power
7022,2025-05-09,Delhi NCR,45+,Web,Power
7023,2025-04-13,Delhi NCR,18-24,iOS,Returning
7024,2025-11-21,Bangalore,18-24,Android,Returning
7025,2025-12-13,Hyderabad,25-34,iOS,Returning
7026,2025-06-02,Bangalore,18-24,iOS,Returning
7027,2025-03-27,Hyderabad,25-34,Web,Returning
7028,2025-09-20,Mumbai,45+,iOS,Returning
7029,2026-01-16,Lucknow,35-44,Android,Returning
7030,2025-07-06,Chennai,25-34,Android,Returning
7031,2025-10-18,Delhi NCR,35-44,Web,Power
7032,2025-08-21,Chennai,18-24,iOS,Returning
7033,2025-03-10,Hyderabad,25-34,Android,Returning
7034,2025-05-27,Mumbai,25-34,iOS,Power
7035,2026-02-11,Mumbai,25-34,Android,New
7036,2026-02-17,Mumbai,18-24,Android,New
7037,2025-09-02,Pune,35-44,iOS,Returning
7038,2025-10-29,Hyderabad,35-44,Android,Returning
7039,2025-06-28,Delhi NCR,25-34,iOS,Returning
7040,2025-07-22,Mumbai,18-24,Android,Returning
7041,2026-01-09,Bangalore,25-34,Android,Returning
7042,2025-12-20,Bangalore,45+,Android,Returning
7043,2026-01-12,Chennai,25-34,Android,Returning
7044,2026-02-10,Jaipur,25-34,Android,New
7045,2025-06-12,Bangalore,45+,Web,Power
7046,2025-12-07,Bangalore,25-34,Android,Returning
7047,2025-09-27,Delhi NCR,25-34,iOS,Returning
7048,2026-01-07,Kolkata,25-34,Android,Returning
7049,2025-11-14,Mumbai,25-34,Web,Returning
7050,2025-03-09,Delhi NCR,25-34,Android,Returning
7051,2025-05-01,Chennai,25-34,Android,Returning
7052,2025-10-17,Mumbai,25-34,iOS,Power
7053,2025-12-22,Delhi NCR,18-24,iOS,Returning
7054,2026-02-18,Hyderabad,18-24,Android,New
7055,2025-10-09,Delhi NCR,25-34,Android,Returning
7056,2025-08-21,Delhi NCR,18-24,Android,Power
7057,2025-12-22,Bangalore,35-44,Android,Returning
7058,2026-02-06,Bangalore,25-34,Android,New
7059,2025-09-01,Mumbai,25-34,Android,Returning
7060,2025-05-12,Jaipur,18-24,iOS,Returning
7061,2026-02-20,Mumbai,18-24,Web,New
7062,2025-06-03,Pune,25-34,Android,Power
7063,2025-11-28,Mumbai,45+,iOS,Power
7064,2026-02-12,Bangalore,25-34,Android,New
7065,2025-09-28,Mumbai,35-44,Android,Returning
7066,2025-04-07,Mumbai,18-24,iOS,Returning
7067,2025-10-03,Mumbai,18-24,iOS,Power
7068,2025-06-07,Bangalore,35-44,Web,Returning
7069,2025-04-07,Bangalore,25-34,iOS,Returning
7070,2025-11-15,Mumbai,25-34,Android,Returning
7071,2026-01-25,Lucknow,18-24,Android,Returning
7072,2025-11-02,Delhi NCR,18-24,iOS,Power
7073,2026-02-15,Bangalore,25-34,Android,New
7074,2026-02-15,Delhi NCR,35-44,Android,New
7075,2025-06-08,Bangalore,18-24,Android,Returning
7076,2025-10-12,Pune,45+,Web,Returning
7077,2025-05-11,Bangalore,18-24,iOS,Power
7078,2025-03-02,Delhi NCR,25-34,Android,Returning
7079,2025-11-02,Delhi NCR,18-24,Web,Returning
7080,2025-07-06,Pune,25-34,iOS,Returning
7081,2026-01-26,Mumbai,18-24,Android,Returning
7082,2025-09-13,Delhi NCR,18-24,Android,Returning
7083,2026-02-19,Mumbai,45+,iOS,New
7084,2025-10-30,Delhi NCR,35-44,Android,Returning
7085,2025-10-07,Mumbai,35-44,iOS,Returning
7086,2025-07-21,Ahmedabad,18-24,Web,Returning
7087,2025-06-17,Pune,45+,Android,Power
7088,2025-06-06,Hyderabad,25-34,iOS,Power
7089,2025-03-07,Delhi NCR,35-44,Android,Power
7090,2026-02-25,Bangalore,18-24,Android,New
7091,2025-03-12,Bangalore,18-24,iOS,Returning
7092,2025-11-15,Hyderabad,45+,iOS,Power
7093,2025-12-06,Mumbai,25-34,iOS,Returning
7094,2025-07-30,Lucknow,35-44,Android,Power
7095,2025-10-31,Bangalore,25-34,iOS,Power
7096,2025-10-20,Ahmedabad,25-34,Android,Returning
7097,2025-03-28,Mumbai,35-44,Android,Returning
7098,2025-08-16,Delhi NCR,25-34,Android,Returning
7099,2026-02-10,Mumbai,35-44,iOS,New
7100,2025-10-22,Pune,18-24,Android,Returning
7101,2026-02-17,Delhi NCR,18-24,Android,New
7102,2025-12-10,Kolkata,18-24,Android,Returning
7103,2025-04-05,Kolkata,25-34,iOS,Power
7104,2025-03-12,Chennai,35-44,Android,Returning
7105,2025-06-12,Chennai,25-34,iOS,Power
7106,2025-10-27,Chennai,25-34,Android,Returning
7107,2025-04-28,Chennai,35-44,iOS,Returning
7108,2025-06-07,Bangalore,18-24,iOS,Returning
7109,2025-10-12,Chennai,35-44,Android,Power
7110,2025-04-06,Ahmedabad,45+,Android,Power
7111,2026-02-27,Delhi NCR,18-24,Android,New
7112,2026-02-21,Jaipur,18-24,iOS,New
7113,2025-06-24,Mumbai,18-24,Android,Power
7114,2025-10-13,Delhi NCR,35-44,Android,Returning
7115,2025-10-28,Mumbai,18-24,Android,Power
7116,2025-04-26,Mumbai,35-44,Android,Returning
7117,2025-07-16,Kolkata,25-34,iOS,Power
7118,2026-02-19,Ahmedabad,35-44,Android,New
7119,2025-08-01,Pune,35-44,iOS,Returning
7120,2025-11-09,Lucknow,45+,Web,Returning
7121,2026-02-21,Delhi NCR,18-24,Android,New
7122,2025-05-13,Mumbai,18-24,iOS,Power
7123,2025-03-04,Bangalore,18-24,Android,Returning
7124,2025-06-21,Kolkata,25-34,iOS,Returning
7125,2026-02-15,Mumbai,25-34,Android,New
7126,2025-07-04,Lucknow,45+,Web,Returning
7127,2025-07-02,Hyderabad,35-44,Android,Returning
7128,2025-03-24,Lucknow,18-24,iOS,Returning
7129,2025-10-03,Delhi NCR,35-44,iOS,Returning
7130,2025-07-08,Bangalore,18-24,Android,Returning
7131,2025-04-29,Pune,18-24,Android,Returning
7132,2025-09-15,Pune,35-44,iOS,Power
7133,2026-02-09,Delhi NCR,45+,Android,New
7134,2025-07-28,Ahmedabad,18-24,Web,Returning
7135,2025-03-23,Kolkata,35-44,Web,Returning
7136,2025-10-17,Mumbai,35-44,iOS,Returning
7137,2025-10-23,Mumbai,18-24,Android,Power
7138,2025-05-11,Bangalore,18-24,Android,Power
7139,2025-06-28,Bangalore,35-44,Web,Returning
7140,2025-08-24,Chennai,35-44,Android,Returning
7141,2026-01-16,Mumbai,25-34,Android,Returning
7142,2025-12-05,Hyderabad,18-24,Android,Returning
7143,2026-01-16,Hyderabad,25-34,Web,Returning
7144,2025-04-05,Delhi NCR,35-44,Android,Power
7145,2025-10-07,Hyderabad,25-34,Web,Power
7146,2026-01-09,Delhi NCR,18-24,Android,Returning
7147,2025-07-02,Mumbai,35-44,Android,Returning
7148,2025-05-11,Hyderabad,25-34,iOS,Power
7149,2026-01-09,Lucknow,35-44,Android,Returning
7150,2025-06-08,Delhi NCR,45+,Android,Returning
7151,2025-11-01,Delhi NCR,35-44,iOS,Power
7152,2025-08-13,Delhi NCR,45+,Android,Power
7153,2025-06-26,Delhi NCR,45+,Android,Power
7154,2025-12-21,Bangalore,25-34,Android,Returning
7155,2025-03-25,Chennai,35-44,iOS,Power
7156,2026-01-03,Mumbai,25-34,iOS,Returning
7157,2026-01-21,Jaipur,25-34,Android,Returning
7158,2025-05-16,Mumbai,18-24,Android,Returning
7159,2026-02-11,Ahmedabad,25-34,Android,New
7160,2025-07-24,Ahmedabad,18-24,Android,Power
7161,2025-04-22,Bangalore,25-34,Android,Power
7162,2025-06-30,Mumbai,18-24,Android,Returning
7163,2025-03-14,Hyderabad,45+,iOS,Power
7164,2025-05-01,Hyderabad,25-34,Web,Power
7165,2025-05-07,Kolkata,18-24,iOS,Power
7166,2025-05-22,Hyderabad,25-34,Android,Returning
7167,2025-12-17,Bangalore,18-24,Android,Returning
7168,2025-11-11,Kolkata,35-44,iOS,Returning
7169,2025-09-02,Lucknow,25-34,Android,Returning
7170,2026-01-28,Hyderabad,25-34,Web,Returning
7171,2025-07-10,Kolkata,35-44,Web,Returning
7172,2025-05-23,Hyderabad,25-34,Android,Returning
7173,2026-02-04,Chennai,35-44,Android,New
7174,2025-04-04,Chennai,25-34,Android,Returning
7175,2025-05-26,Chennai,25-34,Android,Returning
7176,2025-07-18,Delhi NCR,25-34,iOS,Power
7177,2026-01-03,Hyderabad,18-24,Web,Returning
7178,2025-09-02,Hyderabad,18-24,Web,Returning
7179,2025-07-12,Delhi NCR,18-24,Android,Returning
7180,2025-03-23,Delhi NCR,35-44,Web,Power
7181,2025-05-18,Pune,35-44,iOS,Power
7182,2025-12-27,Hyderabad,18-24,Web,Returning
7183,2025-07-12,Mumbai,18-24,Web,Returning
7184,2025-05-16,Kolkata,45+,Android,Power
7185,2025-07-31,Ahmedabad,18-24,Android,Returning
7186,2025-06-16,Bangalore,25-34,Android,Power
7187,2026-02-11,Delhi NCR,25-34,Android,New
7188,2025-09-07,Jaipur,35-44,iOS,Returning
7189,2025-07-15,Ahmedabad,18-24,Android,Power
7190,2025-07-18,Delhi NCR,45+,Android,Returning
7191,2025-12-07,Mumbai,25-34,Android,Returning
7192,2025-05-14,Bangalore,18-24,Web,Returning
7193,2025-06-28,Chennai,25-34,Android,Returning
7194,2025-11-11,Mumbai,25-34,Android,Returning
7195,2025-06-20,Bangalore,18-24,Android,Returning
7196,2025-12-03,Bangalore,45+,Android,Returning
7197,2025-12-19,Ahmedabad,18-24,iOS,Returning
7198,2026-01-30,Bangalore,35-44,Android,Returning
7199,2025-09-10,Hyderabad,25-34,Android,Returning
7200,2025-04-26,Jaipur,18-24,iOS,Power
7201,2025-03-23,Delhi NCR,18-24,Android,Power
7202,2025-09-05,Delhi NCR,25-34,Web,Returning
7203,2025-10-13,Pune,25-34,Web,Power
7204,2025-08-19,Delhi NCR,35-44,iOS,Returning
7205,2025-08-27,Kolkata,25-34,Android,Returning
7206,2025-07-26,Mumbai,25-34,Android,Returning
7207,2025-09-18,Mumbai,18-24,Android,Returning
7208,2025-09-21,Ahmedabad,45+,Android,Returning
7209,2026-02-16,Hyderabad,45+,Android,New
7210,2025-05-09,Chennai,25-34,Android,Power
7211,2025-12-02,Delhi NCR,18-24,Android,Returning
7212,2025-04-11,Mumbai,35-44,Android,Returning
7213,2026-01-18,Kolkata,35-44,Web,Returning
7214,2025-08-03,Delhi NCR,25-34,iOS,Power
7215,2025-07-15,Bangalore,25-34,Android,Returning
7216,2025-03-16,Mumbai,35-44,iOS,Returning
7217,2025-05-30,Bangalore,18-24,Web,Returning
7218,2025-05-26,Pune,25-34,Android,Returning
7219,2025-06-23,Kolkata,18-24,Android,Power
7220,2025-04-25,Chennai,18-24,Android,Returning
7221,2025-08-05,Chennai,45+,iOS,Returning
7222,2025-04-14,Bangalore,25-34,Android,Power
7223,2025-10-12,Hyderabad,35-44,iOS,Power
7224,2025-05-25,Pune,25-34,iOS,Power
7225,2026-01-26,Delhi NCR,35-44,iOS,Returning
7226,2025-04-26,Delhi NCR,25-34,Android,Returning
7227,2026-02-11,Jaipur,18-24,Android,New
7228,2026-01-03,Mumbai,35-44,Android,Returning
7229,2025-11-09,Mumbai,18-24,Android,Returning
7230,2026-02-24,Hyderabad,25-34,iOS,New
7231,2025-08-31,Pune,25-34,Web,Power
7232,2026-02-16,Hyderabad,18-24,iOS,New
7233,2025-03-27,Delhi NCR,18-24,Android,Returning
7234,2025-05-20,Lucknow,35-44,Android,Returning
7235,2025-06-15,Chennai,25-34,iOS,Power
7236,2025-12-01,Kolkata,25-34,Web,Power
7237,2025-11-17,Mumbai,25-34,Android,Returning
7238,2025-08-27,Delhi NCR,25-34,iOS,Returning
7239,2025-06-24,Delhi NCR,35-44,Android,Returning
7240,2025-06-19,Delhi NCR,35-44,Android,Returning
7241,2025-12-15,Mumbai,18-24,iOS,Returning
7242,2025-11-13,Delhi NCR,25-34,iOS,Power
7243,2025-09-26,Hyderabad,25-34,Android,Power
7244,2025-12-09,Chennai,25-34,iOS,Returning
7245,2025-12-14,Pune,25-34,iOS,Returning
7246,2025-06-16,Mumbai,25-34,Android,Power
7247,2025-10-25,Bangalore,18-24,iOS,Power
7248,2025-05-23,Mumbai,25-34,Android,Returning
7249,2025-12-03,Bangalore,18-24,Android,Returning
7250,2025-08-09,Bangalore,18-24,iOS,Returning
7251,2026-02-13,Bangalore,45+,Android,New
7252,2025-10-01,Ahmedabad,25-34,Android,Power
7253,2025-06-20,Pune,25-34,Android,Returning
7254,2025-08-25,Hyderabad,18-24,iOS,Power
7255,2025-04-06,Ahmedabad,35-44,Android,Returning
7256,2026-01-28,Chennai,18-24,Android,Returning
7257,2025-06-03,Kolkata,25-34,iOS,Returning
7258,2026-02-24,Hyderabad,25-34,Android,New
7259,2025-04-05,Bangalore,35-44,Android,Returning
7260,2025-04-27,Chennai,35-44,Android,Returning
7261,2025-04-02,Mumbai,18-24,Android,Returning
7262,2025-09-13,Chennai,35-44,iOS,Returning
7263,2025-09-01,Jaipur,35-44,Android,Returning
7264,2025-09-04,Chennai,45+,Android,Returning
7265,2025-10-09,Mumbai,45+,Android,Returning
7266,2025-03-04,Delhi NCR,25-34,iOS,Returning
7267,2025-06-26,Pune,35-44,Android,Returning
7268,2025-10-25,Jaipur,25-34,Android,Returning
7269,2025-06-11,Delhi NCR,25-34,iOS,Returning
7270,2026-01-20,Kolkata,18-24,Android,Returning
7271,2025-03-11,Kolkata,18-24,Android,Power
7272,2025-06-19,Mumbai,18-24,Web,Returning
7273,2025-10-09,Kolkata,45+,iOS,Returning
7274,2025-07-04,Delhi NCR,18-24,Android,Returning
7275,2025-07-16,Hyderabad,18-24,iOS,Returning
7276,2025-03-25,Hyderabad,25-34,iOS,Power
7277,2025-08-15,Chennai,25-34,Web,Returning
7278,2025-12-26,Pune,45+,Android,Returning
7279,2026-02-18,Bangalore,25-34,iOS,New
7280,2025-11-13,Ahmedabad,18-24,Web,Power
7281,2026-02-03,Pune,45+,Android,New
7282,2025-10-01,Pune,18-24,iOS,Returning
7283,2025-07-23,Bangalore,45+,Android,Returning
7284,2025-03-25,Mumbai,18-24,Web,Returning
7285,2025-07-07,Bangalore,35-44,Web,Power
7286,2025-07-07,Ahmedabad,18-24,Android,Returning
7287,2025-07-25,Delhi NCR,45+,Android,Power
7288,2025-10-01,Lucknow,18-24,Android,Returning
7289,2025-10-29,Pune,18-24,Android,Power
7290,2025-10-08,Chennai,35-44,Android,Returning
7291,2025-08-24,Chennai,18-24,Android,Returning
7292,2025-06-19,Hyderabad,35-44,iOS,Power
7293,2025-12-23,Chennai,35-44,iOS,Returning
7294,2025-11-17,Bangalore,25-34,Android,Power
7295,2025-03-30,Kolkata,25-34,iOS,Returning
7296,2025-09-23,Chennai,45+,Web,Power
7297,2025-04-26,Pune,35-44,Android,Power
7298,2025-03-04,Pune,25-34,Android,Returning
7299,2025-05-05,Mumbai,18-24,Android,Returning
7300,2025-12-01,Mumbai,18-24,Android,Power
7301,2025-03-09,Pune,18-24,iOS,Returning
7302,2025-06-18,Delhi NCR,25-34,Android,Returning
7303,2025-03-13,Hyderabad,35-44,iOS,Returning
7304,2025-07-24,Bangalore,35-44,iOS,Returning
7305,2026-02-20,Mumbai,35-44,Android,New
7306,2026-02-17,Mumbai,25-34,Android,New
7307,2025-04-10,Kolkata,25-34,iOS,Returning
7308,2025-06-30,Hyderabad,35-44,iOS,Returning
7309,2025-08-31,Bangalore,35-44,Android,Returning
7310,2025-05-21,Jaipur,25-34,Web,Power
7311,2025-04-23,Mumbai,18-24,iOS,Power
7312,2025-11-22,Delhi NCR,25-34,Android,Returning
7313,2025-08-16,Pune,25-34,Android,Returning
7314,2025-07-18,Pune,18-24,Android,Returning
7315,2025-04-02,Bangalore,25-34,Android,Returning
7316,2025-11-18,Jaipur,18-24,iOS,Returning
7317,2025-11-15,Jaipur,45+,Android,Power
7318,2026-01-02,Mumbai,18-24,Android,Returning
7319,2025-12-13,Mumbai,25-34,Android,Returning
7320,2025-12-16,Kolkata,35-44,Android,Returning
7321,2026-01-18,Delhi NCR,25-34,Android,Returning
7322,2025-04-11,Mumbai,35-44,iOS,Power
7323,2025-09-01,Pune,35-44,Android,Returning
7324,2026-01-27,Bangalore,45+,Android,Returning
7325,2025-12-20,Bangalore,25-34,Android,Returning
7326,2026-01-04,Delhi NCR,18-24,Android,Returning
7327,2025-11-16,Chennai,25-34,Android,Returning
7328,2025-08-13,Hyderabad,35-44,Web,Power
7329,2025-11-20,Delhi NCR,25-34,iOS,Returning
7330,2025-06-18,Delhi NCR,18-24,Web,Returning
7331,2025-04-28,Hyderabad,18-24,Android,Returning
7332,2025-12-17,Ahmedabad,25-34,iOS,Returning
7333,2025-09-11,Ahmedabad,35-44,iOS,Power
7334,2025-10-09,Delhi NCR,18-24,iOS,Returning
7335,2025-09-16,Pune,25-34,Android,Returning
7336,2025-06-13,Pune,18-24,Android,Power
7337,2025-07-23,Pune,35-44,iOS,Returning
7338,2025-12-08,Hyderabad,35-44,iOS,Returning
7339,2025-08-31,Mumbai,25-34,iOS,Power
7340,2025-04-28,Pune,18-24,Android,Returning
7341,2026-02-19,Mumbai,18-24,Android,New
7342,2026-02-25,Mumbai,25-34,Web,New
7343,2025-03-15,Hyderabad,25-34,Android,Returning
7344,2025-03-30,Lucknow,25-34,iOS,Returning
7345,2025-05-13,Delhi NCR,45+,Android,Returning
7346,2025-05-24,Hyderabad,45+,iOS,Power
7347,2025-07-29,Delhi NCR,18-24,Android,Returning
7348,2025-11-23,Ahmedabad,18-24,Android,Returning
7349,2025-11-20,Hyderabad,25-34,Android,Returning
7350,2026-02-20,Delhi NCR,25-34,iOS,New
7351,2025-12-30,Delhi NCR,25-34,Android,Returning
7352,2025-04-26,Bangalore,35-44,iOS,Power
7353,2025-10-06,Mumbai,18-24,Android,Power
7354,2025-12-28,Mumbai,35-44,Web,Returning
7355,2025-10-31,Chennai,25-34,Android,Returning
7356,2025-07-18,Bangalore,45+,Android,Returning
7357,2025-11-16,Chennai,25-34,Web,Power
7358,2025-06-14,Mumbai,35-44,iOS,Returning
7359,2025-03-17,Hyderabad,18-24,iOS,Power
7360,2025-06-19,Bangalore,35-44,Android,Returning
7361,2025-08-06,Mumbai,18-24,Web,Returning
7362,2026-02-01,Hyderabad,25-34,iOS,New
7363,2025-09-12,Mumbai,18-24,iOS,Returning
7364,2025-03-30,Kolkata,18-24,Web,Power
7365,2025-12-15,Hyderabad,18-24,iOS,Returning
7366,2025-11-05,Hyderabad,18-24,Android,Returning
7367,2025-12-22,Mumbai,25-34,Android,Returning
7368,2025-03-12,Delhi NCR,45+,iOS,Power
7369,2025-07-10,Bangalore,25-34,iOS,Power
7370,2026-02-28,Hyderabad,35-44,iOS,New
7371,2025-09-15,Delhi NCR,18-24,Android,Returning
7372,2025-03-14,Mumbai,25-34,iOS,Power
7373,2025-07-26,Delhi NCR,18-24,iOS,Returning
7374,2025-06-01,Bangalore,18-24,Android,Power
7375,2025-06-23,Delhi NCR,18-24,Android,Power
7376,2025-03-19,Bangalore,25-34,Web,Power
7377,2025-03-22,Delhi NCR,18-24,Android,Returning
7378,2025-09-08,Bangalore,45+,Android,Power
7379,2025-09-12,Delhi NCR,25-34,Android,Returning
7380,2025-06-28,Hyderabad,35-44,Android,Returning
7381,2025-12-01,Mumbai,45+,Android,Returning
7382,2026-01-11,Mumbai,25-34,Web,Returning
7383,2025-05-11,Bangalore,45+,Android,Returning
7384,2025-10-02,Delhi NCR,18-24,Web,Returning
7385,2025-10-20,Bangalore,35-44,Android,Returning
7386,2026-01-01,Pune,18-24,Web,Returning
7387,2025-04-11,Ahmedabad,25-34,Android,Power
7388,2025-08-14,Delhi NCR,25-34,iOS,Returning
7389,2025-07-29,Kolkata,45+,Android,Returning
7390,2026-01-11,Bangalore,45+,Android,Returning
7391,2025-07-12,Delhi NCR,18-24,Android,Power
7392,2025-06-27,Lucknow,25-34,iOS,Power
7393,2025-07-05,Kolkata,35-44,Android,Returning
7394,2025-09-14,Lucknow,35-44,Web,Power
7395,2026-01-12,Mumbai,18-24,Android,Returning
7396,2026-01-09,Mumbai,25-34,Android,Returning
7397,2025-05-06,Bangalore,35-44,Android,Returning
7398,2025-11-23,Hyderabad,35-44,iOS,Power
7399,2025-07-28,Mumbai,25-34,Android,Returning
7400,2025-09-05,Kolkata,35-44,Android,Power
7401,2025-12-11,Hyderabad,25-34,iOS,Returning
7402,2025-08-28,Bangalore,45+,Android,Returning
7403,2026-02-02,Hyderabad,25-34,iOS,New
7404,2025-08-18,Hyderabad,25-34,Android,Power
7405,2025-07-30,Mumbai,35-44,iOS,Returning
7406,2025-03-24,Lucknow,18-24,Web,Returning
7407,2025-11-07,Delhi NCR,45+,Android,Returning
7408,2025-07-02,Mumbai,25-34,Android,Power
7409,2025-10-28,Kolkata,45+,Web,Returning
7410,2025-04-30,Lucknow,18-24,iOS,Returning
7411,2025-12-15,Kolkata,25-34,Android,Returning
7412,2025-04-24,Kolkata,35-44,iOS,Returning
7413,2025-04-23,Hyderabad,35-44,Android,Returning
7414,2025-08-17,Ahmedabad,18-24,Web,Power
7415,2025-03-15,Mumbai,18-24,iOS,Power
7416,2026-01-16,Pune,25-34,iOS,Returning
7417,2025-08-27,Chennai,25-34,Web,Returning
7418,2025-03-23,Mumbai,35-44,iOS,Power
7419,2025-06-28,Hyderabad,25-34,Android,Returning
7420,2025-12-07,Bangalore,35-44,Web,Returning
7421,2025-08-06,Chennai,25-34,Android,Returning
7422,2025-10-01,Mumbai,18-24,Android,Returning
7423,2025-09-26,Pune,18-24,Android,Power
7424,2026-02-13,Mumbai,25-34,Web,New
7425,2025-09-17,Bangalore,25-34,iOS,Returning
7426,2025-10-07,Ahmedabad,25-34,Android,Returning
7427,2026-01-23,Hyderabad,35-44,Android,Returning
7428,2025-04-02,Delhi NCR,25-34,Android,Returning
7429,2026-01-15,Mumbai,45+,Android,Returning
7430,2025-08-07,Chennai,45+,Web,Power
7431,2025-12-29,Lucknow,18-24,iOS,Returning
7432,2025-03-10,Ahmedabad,35-44,Web,Returning
7433,2025-04-27,Chennai,25-34,Android,Power
7434,2026-02-10,Mumbai,25-34,iOS,New
7435,2025-05-05,Delhi NCR,25-34,Android,Power
7436,2026-02-22,Delhi NCR,35-44,Web,New
7437,2025-06-25,Delhi NCR,45+,Web,Returning
7438,2025-11-04,Delhi NCR,25-34,Web,Returning
7439,2025-12-23,Delhi NCR,18-24,iOS,Returning
7440,2026-01-26,Hyderabad,25-34,Android,Returning
7441,2025-08-19,Delhi NCR,18-24,iOS,Returning
7442,2025-04-10,Chennai,25-34,Android,Returning
7443,2026-01-05,Jaipur,35-44,Android,Returning
7444,2025-06-08,Hyderabad,25-34,Android,Power
7445,2026-01-18,Pune,18-24,Android,Returning
7446,2025-05-08,Pune,25-34,iOS,Returning
7447,2025-07-13,Delhi NCR,25-34,Android,Returning
7448,2026-02-19,Mumbai,18-24,Android,New
7449,2025-03-08,Mumbai,25-34,Android,Returning
7450,2025-10-24,Delhi NCR,45+,iOS,Power
7451,2025-09-03,Chennai,35-44,iOS,Returning
7452,2025-08-20,Ahmedabad,25-34,Android,Returning
7453,2025-11-29,Jaipur,25-34,iOS,Returning
7454,2025-07-13,Mumbai,18-24,iOS,Returning
7455,2025-12-13,Lucknow,35-44,Android,Returning
7456,2025-12-06,Delhi NCR,25-34,iOS,Returning
7457,2026-01-30,Kolkata,45+,Android,Returning
7458,2025-07-31,Delhi NCR,45+,Android,Power
7459,2026-01-11,Mumbai,25-34,iOS,Returning
7460,2025-06-09,Delhi NCR,45+,Android,Power
7461,2025-10-07,Kolkata,45+,Android,Returning
7462,2025-12-22,Delhi NCR,25-34,iOS,Returning
7463,2026-01-02,Mumbai,25-34,iOS,Returning
7464,2025-08-28,Ahmedabad,35-44,Android,Returning
7465,2025-12-29,Jaipur,18-24,iOS,Returning
7466,2025-04-27,Mumbai,25-34,Android,Returning
7467,2025-05-09,Chennai,18-24,Android,Power
7468,2025-09-16,Delhi NCR,25-34,iOS,Returning
7469,2025-09-11,Delhi NCR,45+,iOS,Returning
7470,2025-12-28,Bangalore,18-24,Android,Returning
7471,2025-10-05,Bangalore,35-44,Web,Returning
7472,2025-04-29,Bangalore,18-24,Web,Returning
7473,2025-09-21,Hyderabad,35-44,iOS,Returning
7474,2025-10-11,Bangalore,25-34,Android,Power
7475,2025-04-01,Chennai,18-24,iOS,Returning
7476,2025-11-24,Chennai,25-34,iOS,Power
7477,2025-07-23,Bangalore,35-44,Web,Returning
7478,2026-01-17,Mumbai,25-34,Web,Returning
7479,2025-05-13,Hyderabad,35-44,Android,Returning
7480,2025-11-13,Pune,25-34,Android,Returning
7481,2025-06-08,Hyderabad,18-24,Android,Power
7482,2025-11-26,Hyderabad,45+,Android,Power
7483,2025-06-12,Delhi NCR,25-34,iOS,Returning
7484,2025-04-22,Hyderabad,25-34,iOS,Returning
7485,2025-12-20,Delhi NCR,18-24,iOS,Returning
7486,2025-07-25,Ahmedabad,25-34,Android,Returning
7487,2026-02-08,Chennai,35-44,Android,New
7488,2025-11-29,Delhi NCR,25-34,Android,Returning
7489,2025-10-25,Bangalore,35-44,iOS,Returning
7490,2025-12-11,Kolkata,35-44,iOS,Returning
7491,2025-04-23,Delhi NCR,25-34,Web,Returning
7492,2025-07-06,Bangalore,25-34,Android,Returning
7493,2025-08-31,Chennai,45+,Web,Power
7494,2026-02-04,Pune,45+,Android,New
7495,2025-09-26,Mumbai,25-34,Android,Returning
7496,2026-02-24,Hyderabad,25-34,Android,New
7497,2025-11-01,Ahmedabad,18-24,Android,Power
7498,2025-05-28,Jaipur,18-24,Web,Returning
7499,2026-02-11,Chennai,35-44,iOS,New
7500,2025-08-15,Lucknow,25-34,Android,Returning
7501,2026-01-03,Hyderabad,18-24,Android,Returning
7502,2025-11-28,Bangalore,35-44,Android,Returning
7503,2026-02-10,Hyderabad,45+,Android,New
7504,2025-03-13,Mumbai,45+,iOS,Returning
7505,2025-08-20,Bangalore,25-34,iOS,Power
7506,2025-07-07,Bangalore,25-34,Android,Returning
7507,2025-05-28,Kolkata,18-24,Android,Returning
7508,2025-07-17,Pune,35-44,Android,Returning
7509,2025-07-11,Hyderabad,45+,Android,Power
7510,2026-01-20,Delhi NCR,35-44,iOS,Returning
7511,2025-04-12,Delhi NCR,35-44,Web,Power
7512,2025-09-29,Delhi NCR,18-24,Android,Power
7513,2025-10-25,Chennai,25-34,Android,Power
7514,2025-07-07,Delhi NCR,25-34,Android,Power
7515,2026-01-05,Bangalore,35-44,Android,Returning
7516,2025-09-10,Bangalore,18-24,Android,Power
7517,2025-11-12,Pune,25-34,Web,Returning
7518,2025-03-12,Ahmedabad,18-24,iOS,Returning
7519,2025-08-29,Chennai,25-34,Android,Returning
7520,2025-08-15,Delhi NCR,35-44,Android,Power
7521,2025-12-04,Bangalore,25-34,Android,Returning
7522,2025-08-12,Mumbai,35-44,Android,Returning
7523,2025-03-29,Mumbai,25-34,iOS,Returning
7524,2025-04-13,Mumbai,18-24,iOS,Returning
7525,2025-05-30,Mumbai,25-34,Android,Returning
7526,2025-08-02,Mumbai,45+,Web,Power
7527,2025-11-03,Delhi NCR,18-24,iOS,Returning
7528,2025-08-22,Mumbai,18-24,Android,Returning
7529,2026-01-18,Hyderabad,25-34,Android,Returning
7530,2026-01-18,Lucknow,25-34,Android,Returning
7531,2025-04-20,Kolkata,25-34,iOS,Returning
7532,2025-05-29,Mumbai,25-34,iOS,Returning
7533,2025-04-06,Bangalore,45+,Web,Returning
7534,2026-02-12,Kolkata,35-44,Web,New
7535,2025-05-22,Mumbai,18-24,iOS,Returning
7536,2025-06-16,Kolkata,35-44,Android,Returning
7537,2025-12-28,Hyderabad,35-44,iOS,Returning
7538,2025-12-29,Jaipur,35-44,iOS,Returning
7539,2025-11-21,Kolkata,25-34,Android,Returning
7540,2026-02-10,Chennai,25-34,Android,New
7541,2026-02-12,Chennai,35-44,Android,New
7542,2025-04-10,Delhi NCR,35-44,Android,Returning
7543,2025-06-28,Mumbai,25-34,iOS,Returning
7544,2025-06-23,Bangalore,18-24,Android,Returning
7545,2025-12-10,Delhi NCR,25-34,iOS,Returning
7546,2026-01-21,Mumbai,18-24,Android,Returning
7547,2026-01-24,Delhi NCR,18-24,Web,Returning
7548,2025-08-16,Kolkata,25-34,iOS,Power
7549,2025-09-24,Mumbai,25-34,Web,Returning
7550,2025-08-09,Delhi NCR,25-34,Android,Power
7551,2025-08-17,Bangalore,25-34,Web,Power
7552,2025-07-28,Bangalore,18-24,Android,Power
7553,2025-05-20,Delhi NCR,18-24,iOS,Power
7554,2025-08-17,Jaipur,18-24,Android,Power
7555,2025-04-28,Hyderabad,25-34,iOS,Power
7556,2025-09-30,Bangalore,18-24,Web,Returning
7557,2026-02-15,Mumbai,18-24,iOS,New
7558,2025-04-10,Bangalore,25-34,iOS,Power
7559,2025-10-06,Kolkata,18-24,Android,Power
7560,2026-01-03,Delhi NCR,18-24,Android,Returning
7561,2025-08-02,Delhi NCR,35-44,Android,Returning
7562,2025-06-06,Mumbai,25-34,Android,Returning
7563,2025-08-03,Lucknow,35-44,iOS,Power
7564,2026-02-12,Mumbai,25-34,Web,New
7565,2025-05-19,Ahmedabad,45+,Web,Returning
7566,2025-03-22,Delhi NCR,18-24,Android,Returning
7567,2025-08-10,Hyderabad,25-34,Android,Power
7568,2025-11-22,Chennai,25-34,iOS,Returning
7569,2025-05-26,Mumbai,45+,iOS,Returning
7570,2025-08-04,Bangalore,25-34,Android,Returning
7571,2025-10-23,Delhi NCR,35-44,iOS,Power
7572,2025-03-31,Mumbai,25-34,Android,Power
7573,2025-05-17,Kolkata,35-44,Android,Power
7574,2025-06-22,Mumbai,35-44,iOS,Power
7575,2025-06-09,Chennai,45+,Web,Power
7576,2025-06-03,Delhi NCR,35-44,iOS,Returning
7577,2025-08-25,Delhi NCR,25-34,Android,Returning
7578,2025-07-30,Chennai,18-24,Android,Returning
7579,2025-05-22,Hyderabad,25-34,Android,Power
7580,2025-08-02,Delhi NCR,18-24,Web,Power
7581,2025-12-15,Bangalore,18-24,Android,Returning
7582,2025-10-04,Delhi NCR,25-34,Web,Returning
7583,2025-04-14,Kolkata,35-44,Web,Returning
7584,2025-07-31,Delhi NCR,18-24,iOS,Returning
7585,2025-11-12,Delhi NCR,25-34,Android,Returning
7586,2025-10-23,Pune,25-34,Android,Power
7587,2026-02-19,Mumbai,35-44,iOS,New
7588,2026-01-13,Delhi NCR,18-24,iOS,Returning
7589,2025-04-20,Delhi NCR,25-34,Web,Power
7590,2025-11-25,Ahmedabad,45+,Android,Returning
7591,2025-11-18,Jaipur,25-34,iOS,Returning
7592,2025-03-24,Chennai,35-44,Android,Power
7593,2025-10-06,Bangalore,35-44,Android,Power
7594,2026-02-02,Hyderabad,18-24,iOS,New
7595,2025-07-24,Bangalore,45+,Android,Returning
7596,2026-02-11,Delhi NCR,35-44,Android,New
7597,2025-09-15,Jaipur,18-24,Android,Power
7598,2025-12-09,Mumbai,25-34,Android,Returning
7599,2025-12-19,Delhi NCR,25-34,Android,Returning
7600,2025-04-25,Ahmedabad,35-44,Android,Returning
7601,2025-06-20,Chennai,18-24,Android,Power
7602,2025-09-20,Mumbai,35-44,Web,Returning
7603,2025-04-08,Mumbai,18-24,Web,Returning
7604,2026-01-22,Bangalore,35-44,iOS,Returning
7605,2025-08-12,Bangalore,25-34,Android,Returning
7606,2025-08-13,Bangalore,25-34,Android,Returning
7607,2025-06-19,Delhi NCR,25-34,iOS,Returning
7608,2025-09-03,Lucknow,35-44,Android,Returning
7609,2026-01-25,Delhi NCR,25-34,Android,Returning
7610,2025-12-09,Bangalore,35-44,Android,Returning
7611,2025-07-24,Bangalore,18-24,Android,Power
7612,2025-09-24,Mumbai,35-44,Web,Power
7613,2026-02-25,Delhi NCR,35-44,Web,New
7614,2025-09-15,Ahmedabad,25-34,Web,Returning
7615,2025-08-09,Kolkata,35-44,Web,Power
7616,2025-08-19,Delhi NCR,25-34,iOS,Power
7617,2025-07-09,Kolkata,45+,Android,Returning
7618,2025-08-07,Delhi NCR,18-24,Android,Returning
7619,2025-10-02,Hyderabad,18-24,iOS,Returning
7620,2025-09-23,Mumbai,35-44,Android,Returning
7621,2025-05-26,Ahmedabad,35-44,Web,Power
7622,2025-05-01,Mumbai,25-34,Android,Power
7623,2025-09-16,Hyderabad,45+,iOS,Returning
7624,2025-04-24,Pune,25-34,iOS,Returning
7625,2025-12-23,Mumbai,45+,Android,Returning
7626,2025-12-03,Bangalore,25-34,iOS,Returning
7627,2025-07-27,Mumbai,18-24,iOS,Returning
7628,2026-02-28,Chennai,25-34,iOS,New
7629,2025-10-17,Delhi NCR,45+,iOS,Returning
7630,2025-08-28,Hyderabad,25-34,Android,Returning
7631,2025-03-15,Jaipur,45+,Web,Returning
7632,2025-10-12,Delhi NCR,35-44,Android,Returning
7633,2025-11-15,Mumbai,25-34,Web,Power
7634,2025-10-19,Chennai,25-34,Web,Returning
7635,2025-11-13,Pune,25-34,Android,Returning
7636,2025-09-04,Jaipur,25-34,Web,Returning
7637,2025-05-07,Mumbai,18-24,Web,Returning
7638,2025-03-08,Bangalore,45+,iOS,Returning
7639,2025-03-07,Kolkata,25-34,iOS,Power
7640,2025-10-06,Pune,45+,Web,Power
7641,2025-12-17,Hyderabad,25-34,Android,Returning
7642,2025-11-13,Delhi NCR,25-34,Web,Returning
7643,2025-10-30,Delhi NCR,25-34,iOS,Power
7644,2026-02-12,Mumbai,35-44,iOS,New
7645,2025-08-17,Ahmedabad,25-34,Android,Power
7646,2025-04-08,Mumbai,45+,Android,Returning
7647,2025-04-17,Hyderabad,25-34,Web,Returning
7648,2025-05-08,Hyderabad,45+,Android,Returning
7649,2025-06-22,Delhi NCR,35-44,Android,Power
7650,2025-11-02,Delhi NCR,35-44,iOS,Power
7651,2025-09-20,Chennai,25-34,Android,Power
7652,2025-08-15,Bangalore,25-34,Android,Returning
7653,2026-01-15,Delhi NCR,35-44,Android,Returning
7654,2025-04-21,Bangalore,25-34,Android,Returning
7655,2025-09-03,Pune,35-44,Android,Power
7656,2026-01-16,Jaipur,35-44,Android,Returning
7657,2025-06-03,Hyderabad,25-34,iOS,Power
7658,2025-12-13,Pune,25-34,iOS,Returning
7659,2025-04-09,Hyderabad,18-24,Android,Power
7660,2025-09-04,Hyderabad,18-24,Android,Returning
7661,2025-03-09,Lucknow,45+,iOS,Power
7662,2026-02-26,Bangalore,35-44,Android,New
7663,2025-07-30,Mumbai,18-24,Android,Power
7664,2025-03-24,Jaipur,35-44,Android,Power
7665,2025-12-17,Pune,18-24,Android,Returning
7666,2026-01-09,Bangalore,25-34,iOS,Returning
7667,2025-12-24,Lucknow,18-24,iOS,Returning
7668,2025-04-03,Delhi NCR,45+,Android,Returning
7669,2025-11-28,Delhi NCR,45+,Android,Power
7670,2025-09-06,Hyderabad,25-34,Web,Power
7671,2025-10-07,Delhi NCR,25-34,Android,Power
7672,2026-02-22,Chennai,25-34,Android,New
7673,2025-06-05,Mumbai,35-44,Web,Returning
7674,2025-04-13,Mumbai,18-24,Android,Returning
7675,2026-02-25,Hyderabad,25-34,iOS,New
7676,2025-10-14,Hyderabad,35-44,Android,Returning
7677,2025-07-13,Mumbai,25-34,Android,Returning
7678,2025-12-03,Jaipur,18-24,iOS,Returning
7679,2026-02-12,Hyderabad,25-34,Android,New
7680,2026-01-08,Mumbai,35-44,Android,Returning
7681,2025-10-18,Delhi NCR,45+,Web,Returning
7682,2025-08-02,Pune,18-24,Android,Returning
7683,2025-04-10,Bangalore,25-34,iOS,Power
7684,2025-07-25,Delhi NCR,25-34,Android,Power
7685,2025-08-08,Mumbai,18-24,Web,Returning
7686,2025-08-02,Bangalore,25-34,Web,Returning
7687,2025-05-28,Delhi NCR,18-24,Android,Returning
7688,2026-02-05,Chennai,18-24,iOS,New
7689,2026-02-25,Ahmedabad,35-44,iOS,New
7690,2025-09-30,Delhi NCR,25-34,Android,Returning
7691,2025-06-15,Kolkata,45+,iOS,Returning
7692,2025-04-11,Ahmedabad,25-34,Web,Power
7693,2025-03-09,Ahmedabad,25-34,Android,Power
7694,2025-09-14,Jaipur,25-34,iOS,Returning
7695,2025-09-06,Kolkata,18-24,Android,Returning
7696,2025-04-25,Hyderabad,45+,iOS,Returning
7697,2025-05-14,Bangalore,35-44,Android,Returning
7698,2026-01-04,Bangalore,25-34,Android,Returning
7699,2025-11-13,Kolkata,35-44,Android,Returning
7700,2025-05-09,Delhi NCR,45+,Android,Returning
7701,2025-04-11,Mumbai,18-24,iOS,Power
7702,2025-05-03,Mumbai,18-24,Android,Returning
7703,2025-04-01,Kolkata,18-24,Android,Power
7704,2025-10-11,Pune,35-44,Android,Returning
7705,2025-09-27,Bangalore,18-24,Android,Power
7706,2025-06-12,Delhi NCR,25-34,iOS,Returning
7707,2025-06-01,Chennai,25-34,Android,Returning
7708,2025-07-12,Mumbai,25-34,iOS,Returning
7709,2025-07-03,Hyderabad,35-44,Android,Power
7710,2025-03-11,Bangalore,25-34,iOS,Power
7711,2025-03-29,Lucknow,25-34,Android,Power
7712,2025-06-16,Bangalore,45+,iOS,Returning
7713,2025-06-25,Hyderabad,18-24,Android,Returning
7714,2025-12-14,Chennai,18-24,Android,Returning
7715,2025-09-02,Bangalore,35-44,iOS,Returning
7716,2025-12-25,Delhi NCR,35-44,iOS,Returning
7717,2025-04-27,Hyderabad,25-34,Android,Power
7718,2025-03-18,Jaipur,18-24,Web,Returning
7719,2025-09-11,Bangalore,35-44,iOS,Returning
7720,2026-02-07,Chennai,25-34,Android,New
7721,2025-11-14,Lucknow,35-44,Android,Power
7722,2025-04-12,Kolkata,35-44,Android,Power
7723,2025-07-17,Chennai,18-24,Android,Power
7724,2025-07-28,Pune,35-44,Android,Power
7725,2025-12-22,Jaipur,18-24,Android,Returning
7726,2025-12-07,Jaipur,35-44,Android,Returning
7727,2025-11-18,Jaipur,35-44,Android,Returning
7728,2026-01-21,Hyderabad,25-34,Android,Returning
7729,2026-02-16,Bangalore,25-34,Android,New
7730,2025-05-08,Mumbai,18-24,Android,Power
7731,2025-04-22,Bangalore,18-24,iOS,Power
7732,2025-09-01,Jaipur,25-34,Android,Returning
7733,2025-06-06,Ahmedabad,35-44,iOS,Returning
7734,2026-02-16,Bangalore,25-34,Web,New
7735,2025-11-01,Hyderabad,18-24,Android,Power
7736,2025-03-13,Delhi NCR,35-44,Android,Returning
7737,2026-01-03,Bangalore,18-24,iOS,Returning
7738,2026-01-20,Chennai,35-44,Android,Returning
7739,2025-03-30,Bangalore,25-34,Android,Power
7740,2025-10-24,Delhi NCR,25-34,Android,Returning
7741,2025-09-09,Hyderabad,18-24,Android,Returning
7742,2026-01-25,Delhi NCR,45+,Android,Returning
7743,2025-06-15,Lucknow,18-24,Web,Returning
7744,2026-02-24,Bangalore,18-24,Android,New
7745,2025-07-26,Ahmedabad,25-34,iOS,Returning
7746,2026-02-18,Delhi NCR,35-44,Android,New
7747,2025-04-08,Delhi NCR,18-24,Android,Returning
7748,2025-11-04,Hyderabad,35-44,Android,Returning
7749,2025-08-29,Pune,35-44,Web,Returning
7750,2025-03-04,Hyderabad,25-34,Android,Returning
7751,2025-11-05,Delhi NCR,25-34,Android,Returning
7752,2025-09-20,Mumbai,25-34,Android,Returning
7753,2025-12-24,Hyderabad,25-34,Android,Returning
7754,2025-08-13,Mumbai,25-34,Android,Power
7755,2026-01-29,Delhi NCR,18-24,iOS,Returning
7756,2025-12-16,Chennai,25-34,Android,Returning
7757,2025-07-07,Mumbai,18-24,Android,Returning
7758,2025-04-08,Mumbai,25-34,iOS,Returning
7759,2025-12-25,Mumbai,25-34,iOS,Returning
7760,2025-12-21,Lucknow,35-44,Android,Returning
7761,2025-05-08,Bangalore,25-34,iOS,Returning
7762,2026-02-09,Ahmedabad,18-24,Android,New
7763,2025-07-18,Delhi NCR,18-24,iOS,Returning
7764,2025-08-14,Pune,25-34,Android,Returning
7765,2026-01-21,Delhi NCR,25-34,iOS,Returning
7766,2025-10-07,Bangalore,25-34,iOS,Returning
7767,2026-01-15,Kolkata,25-34,Android,Returning
7768,2025-04-09,Kolkata,35-44,Android,Returning
7769,2025-11-30,Pune,45+,Android,Returning
7770,2025-07-06,Kolkata,18-24,Android,Returning
7771,2025-12-21,Delhi NCR,35-44,iOS,Returning
7772,2025-09-16,Bangalore,18-24,Android,Returning
7773,2025-10-22,Bangalore,25-34,Android,Returning
7774,2025-07-30,Ahmedabad,25-34,iOS,Power
7775,2025-03-26,Delhi NCR,25-34,Web,Power
7776,2025-12-02,Jaipur,25-34,Android,Returning
7777,2025-03-31,Bangalore,35-44,iOS,Power
7778,2025-06-22,Chennai,25-34,Android,Returning
7779,2025-03-17,Delhi NCR,25-34,iOS,Returning
7780,2025-12-19,Bangalore,18-24,Web,Returning
7781,2025-09-17,Chennai,25-34,iOS,Returning
7782,2026-01-11,Bangalore,18-24,Web,Returning
7783,2026-01-08,Jaipur,25-34,Android,Returning
7784,2025-05-16,Pune,18-24,Android,Returning
7785,2025-05-27,Hyderabad,18-24,Android,Power
7786,2025-11-07,Ahmedabad,18-24,iOS,Power
7787,2025-07-05,Chennai,18-24,iOS,Power
7788,2025-10-19,Hyderabad,25-34,Android,Returning
7789,2025-05-31,Delhi NCR,25-34,Android,Returning
7790,2025-09-16,Bangalore,18-24,iOS,Returning
7791,2025-05-12,Chennai,25-34,Android,Returning
7792,2025-07-01,Ahmedabad,25-34,iOS,Returning
7793,2025-04-15,Delhi NCR,25-34,iOS,Power
7794,2025-10-14,Delhi NCR,35-44,Android,Returning
7795,2025-12-12,Hyderabad,25-34,Android,Returning
7796,2025-09-12,Mumbai,45+,Web,Returning
7797,2025-10-29,Chennai,25-34,Android,Returning
7798,2025-09-06,Chennai,35-44,Android,Returning
7799,2025-05-05,Delhi NCR,35-44,Android,Power
7800,2025-12-09,Ahmedabad,35-44,Android,Returning
7801,2025-12-04,Bangalore,45+,Android,Returning
7802,2025-07-19,Hyderabad,18-24,iOS,Returning
7803,2026-02-13,Delhi NCR,18-24,Web,New
7804,2025-04-25,Bangalore,25-34,Android,Power
7805,2025-03-08,Kolkata,25-34,iOS,Returning
7806,2025-09-19,Delhi NCR,35-44,Android,Returning
7807,2025-11-23,Bangalore,18-24,Android,Power
7808,2025-09-26,Delhi NCR,35-44,Android,Power
7809,2026-02-27,Mumbai,18-24,Web,New
7810,2025-03-16,Delhi NCR,18-24,Web,Returning
7811,2025-09-13,Delhi NCR,45+,Android,Returning
7812,2025-04-20,Ahmedabad,18-24,Android,Returning
7813,2025-04-10,Pune,25-34,Web,Returning
7814,2025-11-29,Delhi NCR,18-24,Android,Returning
7815,2025-09-01,Pune,35-44,iOS,Power
7816,2025-07-13,Mumbai,35-44,Android,Power
7817,2025-05-04,Bangalore,35-44,iOS,Returning
7818,2025-10-04,Delhi NCR,25-34,Android,Returning
7819,2025-05-25,Mumbai,25-34,Android,Returning
7820,2025-08-24,Ahmedabad,18-24,iOS,Power
7821,2025-03-19,Delhi NCR,18-24,Android,Returning
7822,2025-03-16,Kolkata,25-34,Android,Returning
7823,2025-04-21,Bangalore,25-34,Android,Returning
7824,2025-10-24,Mumbai,18-24,Android,Returning
7825,2026-02-22,Pune,18-24,Android,New
7826,2026-01-13,Hyderabad,18-24,Android,Returning
7827,2026-01-07,Delhi NCR,25-34,Android,Returning
7828,2025-08-26,Delhi NCR,18-24,Web,Returning
7829,2026-01-22,Mumbai,18-24,Android,Returning
7830,2025-07-18,Jaipur,18-24,Android,Power
7831,2026-01-07,Bangalore,35-44,iOS,Returning
7832,2025-07-20,Mumbai,18-24,iOS,Returning
7833,2025-09-28,Kolkata,35-44,Android,Power
7834,2026-01-12,Delhi NCR,25-34,Android,Returning
7835,2025-03-15,Delhi NCR,25-34,Android,Returning
7836,2025-10-05,Delhi NCR,18-24,Android,Returning
7837,2025-12-27,Hyderabad,25-34,Web,Returning
7838,2025-03-17,Mumbai,18-24,iOS,Returning
7839,2025-08-31,Bangalore,18-24,iOS,Returning
7840,2025-10-27,Ahmedabad,45+,Android,Returning
7841,2025-09-03,Delhi NCR,25-34,iOS,Returning
7842,2026-01-21,Delhi NCR,18-24,Android,Returning
7843,2025-06-14,Bangalore,25-34,Android,Returning
7844,2026-02-26,Hyderabad,25-34,Android,New
7845,2025-12-27,Ahmedabad,35-44,Web,Returning
7846,2026-01-31,Bangalore,25-34,iOS,New
7847,2026-02-18,Mumbai,18-24,Android,New
7848,2025-11-24,Delhi NCR,18-24,Android,Power
7849,2025-03-08,Delhi NCR,25-34,Android,Power
7850,2025-08-10,Chennai,25-34,iOS,Returning
7851,2026-02-08,Mumbai,25-34,iOS,New
7852,2026-01-21,Delhi NCR,35-44,Android,Returning
7853,2025-07-21,Hyderabad,25-34,Web,Power
7854,2025-11-19,Delhi NCR,25-34,Web,Power
7855,2026-01-14,Hyderabad,35-44,Web,Returning
7856,2025-12-25,Mumbai,18-24,Android,Returning
7857,2025-11-30,Jaipur,25-34,Android,Returning
7858,2025-09-18,Delhi NCR,45+,Android,Returning
7859,2025-11-10,Ahmedabad,25-34,Android,Returning
7860,2025-03-28,Delhi NCR,25-34,Web,Returning
7861,2025-10-29,Pune,18-24,Android,Power
7862,2025-08-20,Delhi NCR,35-44,iOS,Returning
7863,2025-11-22,Chennai,25-34,Android,Returning
7864,2025-05-14,Delhi NCR,35-44,Android,Power
7865,2025-09-23,Bangalore,18-24,Android,Returning
7866,2025-11-18,Chennai,18-24,Android,Returning
7867,2025-05-24,Hyderabad,25-34,Android,Returning
7868,2026-01-17,Hyderabad,18-24,iOS,Returning
7869,2025-12-07,Mumbai,35-44,iOS,Returning
7870,2025-08-22,Delhi NCR,35-44,Android,Returning
7871,2026-01-09,Hyderabad,25-34,Web,Returning
7872,2025-08-03,Mumbai,18-24,Android,Returning
7873,2025-10-26,Delhi NCR,18-24,Android,Returning
7874,2025-12-22,Delhi NCR,25-34,Android,Returning
7875,2025-06-09,Delhi NCR,18-24,Android,Power
7876,2025-06-16,Hyderabad,35-44,Android,Returning
7877,2025-08-25,Hyderabad,18-24,iOS,Power
7878,2025-07-14,Ahmedabad,25-34,Web,Returning
7879,2025-08-24,Bangalore,35-44,Web,Returning
7880,2026-02-19,Ahmedabad,25-34,iOS,New
7881,2025-11-07,Chennai,35-44,iOS,Returning
7882,2025-12-15,Ahmedabad,35-44,Android,Returning
7883,2025-09-18,Kolkata,25-34,Android,Returning
7884,2025-12-06,Chennai,25-34,iOS,Returning
7885,2026-01-11,Delhi NCR,18-24,Web,Returning
7886,2025-04-09,Delhi NCR,35-44,Android,Power
7887,2025-09-05,Delhi NCR,25-34,Android,Returning
7888,2025-07-26,Jaipur,35-44,Android,Power
7889,2025-08-24,Jaipur,25-34,Android,Power
7890,2025-03-20,Chennai,18-24,iOS,Returning
7891,2025-07-14,Ahmedabad,45+,Android,Returning
7892,2025-06-19,Ahmedabad,18-24,Android,Returning
7893,2025-07-08,Bangalore,45+,Android,Power
7894,2026-02-03,Hyderabad,18-24,iOS,New
7895,2025-12-19,Bangalore,25-34,Android,Returning
7896,2025-06-13,Bangalore,25-34,Web,Returning
7897,2025-06-20,Mumbai,45+,Android,Power
7898,2025-06-03,Bangalore,35-44,Android,Power
7899,2025-10-29,Chennai,35-44,Android,Returning
7900,2025-10-08,Bangalore,25-34,Android,Power
7901,2025-06-17,Kolkata,18-24,Android,Power
7902,2025-10-08,Delhi NCR,25-34,Android,Returning
7903,2025-06-15,Mumbai,25-34,iOS,Power
7904,2026-01-13,Kolkata,35-44,Android,Returning
7905,2025-03-15,Chennai,35-44,Web,Power
7906,2026-02-16,Delhi NCR,25-34,Android,New
7907,2025-08-05,Hyderabad,35-44,Android,Returning
7908,2025-04-24,Bangalore,35-44,Android,Returning
7909,2025-07-09,Jaipur,45+,Web,Returning
7910,2025-10-03,Hyderabad,25-34,Android,Power
7911,2025-04-13,Mumbai,35-44,Android,Returning
7912,2025-09-27,Bangalore,25-34,Android,Returning
7913,2025-09-16,Kolkata,18-24,iOS,Power
7914,2025-12-01,Chennai,18-24,iOS,Returning
7915,2025-08-27,Kolkata,18-24,Android,Returning
7916,2025-04-17,Delhi NCR,18-24,iOS,Returning
7917,2025-03-08,Ahmedabad,18-24,Android,Returning
7918,2025-09-08,Pune,35-44,Android,Returning
7919,2025-07-27,Chennai,25-34,iOS,Returning
7920,2025-06-10,Delhi NCR,25-34,Web,Power
7921,2025-11-24,Ahmedabad,25-34,iOS,Power
7922,2025-11-04,Hyderabad,25-34,Android,Returning
7923,2025-08-14,Kolkata,18-24,Android,Returning
7924,2025-04-15,Delhi NCR,18-24,Web,Returning
7925,2026-02-08,Mumbai,35-44,Android,New
7926,2025-08-13,Delhi NCR,35-44,iOS,Power
7927,2025-03-25,Bangalore,25-34,iOS,Returning
7928,2025-06-26,Hyderabad,25-34,iOS,Power
7929,2025-05-29,Bangalore,18-24,Android,Returning
7930,2025-06-10,Hyderabad,25-34,Android,Returning
7931,2026-01-02,Kolkata,25-34,Android,Returning
7932,2025-05-03,Mumbai,35-44,Web,Returning
7933,2026-01-29,Delhi NCR,18-24,Android,Returning
7934,2025-06-25,Ahmedabad,35-44,Android,Power
7935,2025-11-28,Hyderabad,25-34,iOS,Power
7936,2025-06-09,Hyderabad,25-34,Android,Returning
7937,2025-06-03,Bangalore,25-34,Android,Returning
7938,2025-11-27,Hyderabad,25-34,iOS,Power
7939,2025-09-28,Delhi NCR,25-34,iOS,Returning
7940,2025-05-20,Hyderabad,18-24,Android,Returning
7941,2025-12-11,Lucknow,25-34,Web,Returning
7942,2025-05-13,Hyderabad,18-24,Android,Power
7943,2025-12-07,Mumbai,18-24,iOS,Returning
7944,2026-01-23,Pune,18-24,Android,Returning
7945,2025-03-24,Bangalore,25-34,Android,Returning
7946,2025-04-08,Mumbai,18-24,Android,Returning
7947,2025-07-12,Kolkata,18-24,Android,Power
7948,2025-11-28,Delhi NCR,25-34,Android,Power
7949,2025-03-30,Ahmedabad,45+,Web,Returning
7950,2025-11-19,Bangalore,35-44,iOS,Returning
7951,2025-09-16,Pune,45+,iOS,Returning
7952,2025-09-23,Hyderabad,25-34,Android,Power
7953,2026-02-15,Delhi NCR,25-34,Web,New
7954,2025-07-19,Chennai,35-44,Web,Returning
7955,2025-12-18,Jaipur,18-24,Android,Returning
7956,2025-06-25,Pune,18-24,Android,Returning
7957,2025-11-30,Hyderabad,25-34,Android,Power
7958,2025-07-28,Lucknow,18-24,Android,Returning
7959,2025-12-01,Delhi NCR,25-34,Web,Returning
7960,2026-01-31,Mumbai,25-34,Android,New
7961,2025-04-30,Mumbai,18-24,Android,Power
7962,2025-07-24,Chennai,45+,iOS,Power
7963,2025-04-07,Kolkata,25-34,Android,Returning
7964,2025-07-29,Hyderabad,25-34,Android,Power
7965,2025-07-23,Ahmedabad,45+,Android,Returning
7966,2026-01-18,Chennai,18-24,Android,Returning
7967,2025-10-17,Delhi NCR,35-44,Android,Returning
7968,2026-01-18,Delhi NCR,25-34,iOS,Returning
7969,2025-09-18,Ahmedabad,25-34,Android,Returning
7970,2025-03-05,Mumbai,45+,Android,Power
7971,2025-05-22,Hyderabad,25-34,Android,Returning
7972,2026-01-02,Delhi NCR,18-24,Android,Returning
7973,2025-05-03,Delhi NCR,18-24,iOS,Returning
7974,2025-04-13,Hyderabad,25-34,Android,Power
7975,2026-02-04,Delhi NCR,35-44,iOS,New
7976,2025-12-18,Ahmedabad,18-24,Android,Returning
7977,2025-10-23,Bangalore,25-34,iOS,Returning
7978,2025-12-04,Chennai,35-44,iOS,Returning
7979,2025-04-05,Chennai,18-24,Android,Returning
7980,2025-09-29,Chennai,35-44,Web,Power
7981,2025-08-31,Ahmedabad,18-24,Android,Power
7982,2025-10-27,Delhi NCR,18-24,Web,Power
7983,2025-12-24,Mumbai,18-24,Android,Returning
7984,2026-02-23,Mumbai,45+,Android,New
7985,2025-10-27,Kolkata,25-34,Android,Returning
7986,2025-04-21,Lucknow,18-24,iOS,Returning
7987,2025-04-09,Delhi NCR,25-34,iOS,Power
7988,2026-01-07,Chennai,25-34,Android,Returning
7989,2025-12-25,Mumbai,25-34,iOS,Returning
7990,2025-04-21,Delhi NCR,35-44,Web,Returning
7991,2025-12-09,Chennai,18-24,iOS,Returning
7992,2025-12-04,Mumbai,18-24,Android,Returning
7993,2026-02-27,Bangalore,25-34,Android,New
7994,2025-08-09,Chennai,18-24,Android,Power
7995,2025-10-02,Pune,45+,Android,Returning
7996,2025-05-12,Bangalore,18-24,Android,Power
7997,2025-11-18,Hyderabad,35-44,Android,Power
7998,2026-02-05,Hyderabad,18-24,Web,New
7999,2025-08-01,Mumbai,35-44,iOS,Returning
8000,2025-12-26,Pune,18-24,Web,Returning
8001,2025-08-04,Mumbai,45+,Web,Returning
8002,2025-06-23,Mumbai,18-24,iOS,Returning
8003,2025-11-04,Bangalore,35-44,Android,Returning
8004,2025-11-05,Kolkata,25-34,iOS,Returning
8005,2025-07-07,Mumbai,25-34,Android,Returning
8006,2025-11-16,Mumbai,18-24,Android,Power
8007,2025-06-15,Mumbai,35-44,Android,Returning
8008,2026-01-14,Delhi NCR,18-24,Android,Returning
8009,2025-04-24,Hyderabad,35-44,iOS,Power
8010,2025-04-04,Delhi NCR,25-34,Web,Power
8011,2025-07-28,Pune,45+,Android,Returning
8012,2025-05-04,Pune,25-34,Android,Returning
8013,2025-04-02,Chennai,18-24,Android,Returning
8014,2026-02-05,Bangalore,25-34,iOS,New
8015,2026-01-25,Delhi NCR,18-24,Android,Returning
8016,2026-02-05,Delhi NCR,18-24,Web,New
8017,2026-02-01,Bangalore,25-34,Android,New
8018,2026-02-13,Mumbai,35-44,Web,New
8019,2026-01-01,Chennai,35-44,Android,Returning
8020,2025-07-01,Delhi NCR,18-24,Android,Returning
8021,2025-08-06,Delhi NCR,25-34,Android,Returning
8022,2025-06-03,Delhi NCR,18-24,iOS,Returning
8023,2025-06-25,Delhi NCR,25-34,Android,Returning
8024,2025-06-07,Ahmedabad,18-24,Web,Returning
8025,2025-08-20,Mumbai,35-44,Android,Returning
8026,2025-03-31,Ahmedabad,45+,iOS,Returning
8027,2025-07-26,Hyderabad,18-24,Android,Returning
8028,2025-11-06,Kolkata,25-34,Android,Power
8029,2025-12-23,Bangalore,18-24,Android,Returning
8030,2025-05-06,Ahmedabad,45+,Web,Returning
8031,2025-04-10,Delhi NCR,18-24,Android,Returning
8032,2025-12-16,Hyderabad,25-34,Android,Returning
8033,2025-11-18,Mumbai,35-44,Android,Returning
8034,2025-05-08,Bangalore,18-24,iOS,Power
8035,2025-09-04,Hyderabad,25-34,Android,Returning
8036,2025-07-29,Hyderabad,18-24,iOS,Returning
8037,2025-04-20,Delhi NCR,35-44,Android,Returning
8038,2026-01-21,Mumbai,18-24,Android,Returning
8039,2025-06-15,Chennai,45+,Android,Returning
8040,2025-08-09,Bangalore,45+,Android,Returning
8041,2026-02-22,Mumbai,35-44,Android,New
8042,2026-01-11,Jaipur,25-34,Android,Returning
8043,2026-02-03,Jaipur,35-44,Android,New
8044,2025-09-21,Kolkata,18-24,iOS,Returning
8045,2025-03-09,Kolkata,25-34,Android,Power
8046,2025-09-06,Mumbai,18-24,Android,Power
8047,2025-12-12,Lucknow,25-34,iOS,Returning
8048,2026-02-27,Bangalore,35-44,Android,New
8049,2025-10-20,Mumbai,45+,Android,Returning
8050,2025-05-29,Kolkata,25-34,iOS,Power
8051,2025-11-04,Delhi NCR,35-44,Android,Returning
8052,2025-09-18,Bangalore,35-44,Android,Power
8053,2025-05-17,Mumbai,45+,Android,Power
8054,2026-02-01,Bangalore,25-34,Android,New
8055,2025-04-02,Hyderabad,18-24,Web,Power
8056,2026-02-28,Bangalore,25-34,Android,New
8057,2025-08-25,Mumbai,25-34,iOS,Returning
8058,2026-01-04,Bangalore,25-34,iOS,Returning
8059,2026-01-25,Bangalore,45+,iOS,Returning
8060,2025-11-09,Delhi NCR,45+,iOS,Returning
8061,2025-05-19,Ahmedabad,25-34,Android,Returning
8062,2025-04-25,Bangalore,18-24,Android,Returning
8063,2026-01-24,Kolkata,18-24,Web,Returning
8064,2025-07-27,Mumbai,18-24,Android,Returning
8065,2025-12-11,Delhi NCR,25-34,Android,Returning
8066,2025-04-21,Mumbai,35-44,Android,Power
8067,2025-12-08,Bangalore,25-34,Android,Returning
8068,2025-12-26,Mumbai,25-34,Web,Returning
8069,2025-04-10,Bangalore,18-24,iOS,Power
8070,2025-10-24,Delhi NCR,25-34,iOS,Returning
8071,2025-04-28,Delhi NCR,35-44,Android,Returning
8072,2026-02-07,Hyderabad,35-44,Android,New
8073,2025-07-28,Jaipur,18-24,Android,Returning
8074,2025-11-14,Delhi NCR,35-44,Android,Returning
8075,2025-11-12,Chennai,18-24,Android,Returning
8076,2025-03-09,Pune,25-34,Android,Power
8077,2025-09-01,Bangalore,18-24,Android,Returning
8078,2025-03-10,Ahmedabad,25-34,iOS,Returning
8079,2025-09-18,Jaipur,18-24,Android,Power
8080,2025-12-23,Delhi NCR,25-34,Android,Returning
8081,2025-05-13,Chennai,25-34,iOS,Power
8082,2025-09-02,Chennai,18-24,Android,Returning
8083,2025-09-01,Bangalore,45+,Android,Power
8084,2025-09-13,Delhi NCR,18-24,Web,Power
8085,2026-02-07,Jaipur,35-44,iOS,New
8086,2025-12-25,Pune,25-34,iOS,Returning
8087,2026-02-08,Mumbai,35-44,Android,New
8088,2025-11-21,Mumbai,25-34,Web,Returning
8089,2025-05-05,Ahmedabad,18-24,Android,Power
8090,2025-11-18,Mumbai,25-34,Web,Returning
8091,2026-01-13,Chennai,25-34,Web,Returning
8092,2026-01-21,Delhi NCR,35-44,iOS,Returning
8093,2025-05-20,Mumbai,45+,iOS,Power
8094,2025-04-25,Mumbai,18-24,iOS,Returning
8095,2025-12-01,Delhi NCR,25-34,Android,Returning
8096,2025-12-06,Mumbai,25-34,Android,Returning
8097,2025-06-01,Hyderabad,25-34,Web,Power
8098,2025-03-30,Hyderabad,45+,Android,Returning
8099,2025-08-25,Delhi NCR,18-24,Web,Returning
8100,2025-09-23,Pune,25-34,iOS,Returning
8101,2025-07-01,Bangalore,25-34,iOS,Returning
8102,2025-12-18,Bangalore,18-24,Android,Returning
8103,2026-01-11,Bangalore,35-44,Android,Returning
8104,2025-11-20,Bangalore,18-24,Web,Returning
8105,2026-02-27,Jaipur,25-34,Android,New
8106,2025-06-30,Chennai,25-34,iOS,Returning
8107,2025-09-06,Delhi NCR,18-24,iOS,Power
8108,2025-07-06,Pune,18-24,Android,Returning
8109,2026-01-01,Delhi NCR,45+,iOS,Returning
8110,2025-03-13,Mumbai,45+,Android,Returning
8111,2025-11-22,Bangalore,45+,Android,Returning
8112,2025-03-07,Pune,45+,Android,Power
8113,2026-02-27,Delhi NCR,18-24,iOS,New
8114,2025-07-01,Kolkata,18-24,Web,Power
8115,2025-05-08,Bangalore,18-24,Android,Returning
8116,2025-08-02,Delhi NCR,35-44,Android,Returning
8117,2025-10-29,Lucknow,35-44,Android,Returning
8118,2025-07-15,Bangalore,25-34,Android,Returning
8119,2025-12-09,Pune,45+,Android,Returning
8120,2025-10-08,Pune,25-34,Web,Power
8121,2025-10-12,Ahmedabad,18-24,Web,Returning
8122,2026-01-31,Mumbai,18-24,Android,New
8123,2025-06-04,Delhi NCR,18-24,iOS,Returning
8124,2025-06-27,Pune,25-34,iOS,Returning
8125,2026-02-17,Hyderabad,25-34,Web,New
8126,2025-03-11,Hyderabad,35-44,Android,Power
8127,2025-03-29,Mumbai,18-24,iOS,Returning
8128,2025-11-15,Delhi NCR,35-44,Web,Power
8129,2026-01-28,Bangalore,25-34,Web,Returning
8130,2025-12-17,Delhi NCR,45+,iOS,Returning
8131,2025-09-11,Delhi NCR,35-44,Android,Returning
8132,2025-03-29,Mumbai,45+,iOS,Returning
8133,2025-12-22,Mumbai,25-34,Android,Returning
8134,2025-05-04,Pune,18-24,Android,Returning
8135,2025-03-04,Chennai,25-34,Android,Returning
8136,2025-10-15,Mumbai,18-24,Android,Returning
8137,2025-11-21,Delhi NCR,25-34,Android,Returning
8138,2025-10-06,Hyderabad,18-24,Android,Power
8139,2026-02-20,Delhi NCR,25-34,Android,New
8140,2025-12-29,Kolkata,45+,Android,Returning
8141,2025-08-28,Pune,18-24,Android,Returning
8142,2026-01-31,Ahmedabad,45+,iOS,New
8143,2025-11-07,Hyderabad,18-24,Android,Returning
8144,2025-10-09,Delhi NCR,18-24,iOS,Power
8145,2025-11-01,Hyderabad,25-34,Android,Returning
8146,2025-09-12,Mumbai,35-44,iOS,Power
8147,2025-09-25,Mumbai,35-44,Web,Power
8148,2025-03-31,Mumbai,35-44,Android,Power
8149,2025-03-17,Bangalore,18-24,Android,Returning
8150,2025-06-14,Delhi NCR,18-24,iOS,Returning
8151,2025-12-09,Mumbai,18-24,iOS,Returning
8152,2025-07-02,Hyderabad,25-34,Android,Returning
8153,2025-09-10,Lucknow,45+,Web,Power
8154,2025-07-13,Mumbai,45+,Android,Power
8155,2025-08-05,Hyderabad,18-24,iOS,Returning
8156,2025-12-16,Mumbai,35-44,Android,Returning
8157,2025-06-04,Jaipur,25-34,Android,Power
8158,2025-11-07,Delhi NCR,18-24,Android,Returning
8159,2025-12-29,Kolkata,25-34,Android,Returning
8160,2025-03-04,Delhi NCR,25-34,Web,Returning
8161,2025-04-15,Pune,25-34,iOS,Returning
8162,2025-11-19,Delhi NCR,18-24,iOS,Returning
8163,2025-03-04,Delhi NCR,45+,Web,Power
8164,2025-08-03,Delhi NCR,25-34,Android,Returning
8165,2025-06-19,Delhi NCR,18-24,Android,Power
8166,2026-02-09,Kolkata,25-34,Web,New
8167,2026-01-02,Hyderabad,35-44,iOS,Returning
8168,2025-11-09,Bangalore,25-34,iOS,Returning
8169,2025-04-22,Lucknow,35-44,Android,Returning
8170,2025-08-17,Bangalore,18-24,iOS,Returning
8171,2025-03-13,Jaipur,25-34,Android,Power
8172,2025-11-29,Delhi NCR,25-34,iOS,Returning
8173,2026-01-08,Ahmedabad,18-24,Web,Returning
8174,2025-05-12,Mumbai,25-34,iOS,Returning
8175,2026-02-21,Hyderabad,25-34,Android,New
8176,2025-05-05,Bangalore,25-34,Android,Returning
8177,2025-11-23,Bangalore,18-24,Android,Returning
8178,2025-07-08,Hyderabad,25-34,iOS,Returning
8179,2025-12-22,Bangalore,35-44,Android,Returning
8180,2026-01-15,Lucknow,35-44,Web,Returning
8181,2025-10-15,Lucknow,35-44,iOS,Returning
8182,2025-07-10,Jaipur,25-34,Web,Returning
8183,2026-01-28,Lucknow,18-24,Android,Returning
8184,2025-05-16,Pune,35-44,Web,Returning
8185,2025-10-26,Lucknow,18-24,iOS,Returning
8186,2025-12-24,Ahmedabad,35-44,iOS,Returning
8187,2026-01-30,Bangalore,35-44,Android,Returning
8188,2025-11-07,Pune,25-34,Android,Returning
8189,2025-08-09,Ahmedabad,18-24,iOS,Returning
8190,2026-01-31,Chennai,45+,Android,New
8191,2025-10-21,Bangalore,35-44,Android,Returning
8192,2025-08-28,Mumbai,35-44,Web,Returning
8193,2025-06-21,Pune,18-24,Android,Power
8194,2025-05-19,Jaipur,25-34,Android,Power
8195,2025-12-29,Delhi NCR,18-24,Android,Returning
8196,2026-02-26,Mumbai,25-34,Web,New
8197,2025-12-23,Delhi NCR,25-34,iOS,Returning
8198,2026-02-04,Hyderabad,35-44,Android,New
8199,2025-09-03,Delhi NCR,18-24,Android,Returning
8200,2025-10-11,Hyderabad,25-34,iOS,Returning
8201,2025-07-13,Jaipur,18-24,Android,Power
8202,2025-05-05,Chennai,25-34,Android,Returning
8203,2025-09-19,Delhi NCR,45+,Android,Returning
8204,2025-04-24,Jaipur,35-44,Android,Power
8205,2025-10-22,Hyderabad,25-34,iOS,Power
8206,2025-06-28,Mumbai,18-24,iOS,Returning
8207,2025-05-08,Bangalore,25-34,iOS,Power
8208,2025-09-10,Chennai,18-24,Android,Power
8209,2025-12-27,Kolkata,25-34,Android,Returning
8210,2026-01-29,Jaipur,18-24,Android,Returning
8211,2026-01-13,Delhi NCR,35-44,Android,Returning
8212,2025-10-22,Mumbai,18-24,Android,Power
8213,2025-03-14,Mumbai,18-24,iOS,Power
8214,2025-04-02,Pune,25-34,Android,Power
8215,2025-11-11,Pune,45+,iOS,Returning
8216,2025-12-22,Bangalore,45+,Android,Returning
8217,2026-01-02,Bangalore,35-44,Android,Returning
8218,2025-11-15,Jaipur,18-24,Android,Returning
8219,2025-05-05,Ahmedabad,18-24,iOS,Returning
8220,2025-04-05,Delhi NCR,35-44,Web,Power
8221,2025-06-18,Pune,35-44,iOS,Returning
8222,2025-04-23,Hyderabad,25-34,Android,Power
8223,2025-09-11,Mumbai,25-34,iOS,Returning
8224,2025-09-20,Delhi NCR,18-24,Android,Power
8225,2025-05-19,Mumbai,35-44,iOS,Returning
8226,2025-12-20,Delhi NCR,18-24,Web,Returning
8227,2025-06-19,Hyderabad,25-34,iOS,Returning
8228,2026-01-05,Delhi NCR,45+,Android,Returning
8229,2025-04-12,Bangalore,35-44,iOS,Returning
8230,2026-02-26,Hyderabad,18-24,Web,New
8231,2026-02-03,Mumbai,18-24,Android,New
8232,2025-04-22,Pune,18-24,Android,Returning
8233,2025-10-26,Bangalore,25-34,Android,Returning
8234,2026-01-07,Bangalore,25-34,Android,Returning
8235,2025-08-15,Lucknow,18-24,Android,Returning
8236,2025-05-06,Delhi NCR,18-24,Android,Returning
8237,2025-08-25,Hyderabad,18-24,Android,Returning
8238,2025-08-27,Bangalore,45+,Android,Returning
8239,2025-04-30,Ahmedabad,35-44,iOS,Power
8240,2025-05-07,Kolkata,25-34,Android,Returning
8241,2025-08-09,Delhi NCR,45+,Web,Returning
8242,2026-02-18,Chennai,25-34,Android,New
8243,2025-03-07,Mumbai,35-44,iOS,Returning
8244,2025-03-12,Jaipur,25-34,Android,Returning
8245,2025-10-06,Delhi NCR,35-44,Android,Returning
8246,2025-12-06,Kolkata,18-24,Android,Returning
8247,2025-11-21,Delhi NCR,25-34,iOS,Power
8248,2025-11-17,Hyderabad,35-44,iOS,Power
8249,2026-01-14,Lucknow,18-24,iOS,Returning
8250,2026-01-16,Kolkata,18-24,Android,Returning
8251,2025-05-27,Mumbai,18-24,Android,Power
8252,2025-09-01,Hyderabad,18-24,iOS,Returning
8253,2025-08-26,Delhi NCR,18-24,Android,Returning
8254,2025-11-07,Bangalore,25-34,Android,Returning
8255,2025-06-19,Delhi NCR,18-24,Android,Returning
8256,2026-01-30,Delhi NCR,18-24,Android,Returning
8257,2025-06-10,Hyderabad,45+,Android,Power
8258,2025-11-23,Delhi NCR,25-34,Android,Power
8259,2025-04-22,Hyderabad,18-24,iOS,Returning
8260,2025-04-06,Delhi NCR,25-34,Android,Returning
8261,2025-11-06,Delhi NCR,35-44,Web,Power
8262,2025-05-29,Pune,35-44,Android,Power
8263,2025-05-24,Mumbai,18-24,Android,Returning
8264,2025-05-30,Bangalore,45+,iOS,Power
8265,2025-06-13,Bangalore,35-44,Web,Power
8266,2025-04-04,Bangalore,35-44,iOS,Returning
8267,2025-08-06,Chennai,18-24,iOS,Power
8268,2025-04-07,Delhi NCR,18-24,iOS,Returning
8269,2025-08-02,Delhi NCR,25-34,iOS,Returning
8270,2025-07-29,Ahmedabad,18-24,iOS,Returning
8271,2026-01-20,Lucknow,18-24,Web,Returning
8272,2026-02-03,Mumbai,18-24,Android,New
8273,2026-02-02,Hyderabad,35-44,Web,New
8274,2025-08-23,Delhi NCR,18-24,Android,Returning
8275,2025-12-08,Delhi NCR,18-24,Web,Returning
8276,2025-09-12,Delhi NCR,45+,Android,Returning
8277,2025-09-15,Hyderabad,18-24,Android,Returning
8278,2025-08-25,Delhi NCR,25-34,Web,Power
8279,2025-09-13,Ahmedabad,25-34,Android,Returning
8280,2025-05-16,Bangalore,45+,iOS,Power
8281,2025-07-15,Delhi NCR,35-44,Android,Power
8282,2025-11-24,Pune,25-34,Android,Returning
8283,2026-02-13,Mumbai,45+,Web,New
8284,2025-05-26,Bangalore,25-34,Android,Power
8285,2025-10-17,Delhi NCR,25-34,iOS,Returning
8286,2026-02-03,Delhi NCR,18-24,Android,New
8287,2025-03-14,Delhi NCR,25-34,iOS,Returning
8288,2026-02-17,Mumbai,25-34,iOS,New
8289,2025-12-19,Mumbai,25-34,iOS,Returning
8290,2025-10-19,Mumbai,25-34,Web,Power
8291,2025-11-15,Lucknow,18-24,Android,Power
8292,2025-07-24,Mumbai,25-34,iOS,Power
8293,2025-09-05,Mumbai,35-44,iOS,Returning
8294,2025-05-23,Lucknow,18-24,Android,Power
8295,2025-10-19,Hyderabad,25-34,Android,Returning
8296,2026-02-07,Bangalore,25-34,iOS,New
8297,2025-06-05,Mumbai,45+,iOS,Power
8298,2025-09-21,Chennai,18-24,Android,Returning
8299,2025-11-14,Mumbai,25-34,Android,Returning
8300,2025-05-26,Chennai,18-24,Android,Returning
8301,2025-03-13,Lucknow,25-34,Android,Returning
8302,2025-07-09,Hyderabad,18-24,Android,Returning
8303,2026-02-11,Delhi NCR,25-34,Android,New
8304,2025-07-02,Hyderabad,35-44,Android,Returning
8305,2025-11-04,Bangalore,18-24,Web,Returning
8306,2025-05-19,Hyderabad,35-44,iOS,Returning
8307,2025-05-23,Bangalore,25-34,Android,Returning
8308,2025-10-08,Chennai,18-24,Android,Returning
8309,2025-08-08,Hyderabad,25-34,iOS,Returning
8310,2026-01-21,Lucknow,25-34,iOS,Returning
8311,2025-09-28,Kolkata,18-24,iOS,Power
8312,2025-09-06,Delhi NCR,35-44,iOS,Returning
8313,2025-07-03,Chennai,35-44,Android,Power
8314,2025-10-18,Delhi NCR,35-44,Android,Power
8315,2026-01-14,Pune,25-34,iOS,Returning
8316,2026-01-10,Mumbai,18-24,Android,Returning
8317,2025-09-16,Bangalore,35-44,Android,Returning
8318,2025-11-15,Pune,25-34,Android,Power
8319,2025-07-28,Delhi NCR,35-44,Android,Returning
8320,2025-10-06,Kolkata,35-44,iOS,Power
8321,2025-12-19,Hyderabad,35-44,Android,Returning
8322,2025-04-05,Bangalore,25-34,Android,Returning
8323,2025-06-01,Bangalore,45+,iOS,Returning
8324,2025-06-27,Ahmedabad,25-34,Web,Returning
8325,2025-08-27,Delhi NCR,25-34,iOS,Returning
8326,2025-12-21,Chennai,25-34,iOS,Returning
8327,2025-10-02,Chennai,18-24,Android,Power
8328,2025-06-28,Ahmedabad,25-34,Android,Returning
8329,2025-06-12,Chennai,35-44,Android,Returning
8330,2026-02-03,Hyderabad,18-24,Android,New
8331,2025-10-12,Ahmedabad,25-34,Android,Power
8332,2025-11-22,Kolkata,25-34,Android,Returning
8333,2025-05-27,Chennai,25-34,iOS,Returning
8334,2026-01-09,Mumbai,25-34,Web,Returning
8335,2025-10-01,Delhi NCR,45+,iOS,Power
8336,2025-11-17,Hyderabad,18-24,Android,Returning
8337,2025-12-02,Bangalore,35-44,iOS,Returning
8338,2025-10-11,Delhi NCR,35-44,Android,Returning
8339,2025-07-31,Mumbai,25-34,iOS,Returning
8340,2025-07-11,Hyderabad,18-24,Android,Power
8341,2025-08-30,Delhi NCR,25-34,Android,Returning
8342,2025-06-23,Delhi NCR,45+,iOS,Returning
8343,2026-02-20,Bangalore,25-34,iOS,New
8344,2025-12-12,Pune,25-34,Web,Returning
8345,2026-01-08,Bangalore,45+,Android,Returning
8346,2025-06-05,Delhi NCR,35-44,iOS,Power
8347,2025-07-18,Mumbai,25-34,Android,Power
8348,2026-01-09,Bangalore,45+,Android,Returning
8349,2025-08-27,Pune,18-24,iOS,Returning
8350,2026-01-26,Chennai,35-44,iOS,Returning
8351,2025-05-14,Delhi NCR,25-34,iOS,Returning
8352,2025-07-14,Bangalore,25-34,Android,Returning
8353,2025-10-21,Kolkata,25-34,Android,Returning
8354,2025-11-01,Mumbai,18-24,Android,Returning
8355,2025-04-09,Hyderabad,25-34,Android,Returning
8356,2025-06-27,Delhi NCR,18-24,iOS,Returning
8357,2025-08-21,Mumbai,18-24,Android,Power
8358,2025-04-12,Mumbai,25-34,iOS,Power
8359,2025-08-03,Hyderabad,35-44,iOS,Returning
8360,2025-11-18,Mumbai,18-24,iOS,Returning
8361,2025-04-06,Mumbai,25-34,Android,Returning
8362,2025-10-19,Delhi NCR,35-44,Android,Returning
8363,2025-04-12,Mumbai,18-24,Android,Power
8364,2025-10-13,Bangalore,45+,Android,Power
8365,2025-10-31,Mumbai,35-44,iOS,Returning
8366,2025-11-27,Delhi NCR,18-24,Web,Power
8367,2025-10-23,Pune,45+,iOS,Returning
8368,2025-11-30,Hyderabad,25-34,iOS,Returning
8369,2025-11-29,Bangalore,18-24,iOS,Power
8370,2025-12-28,Mumbai,25-34,Android,Returning
8371,2026-01-31,Hyderabad,25-34,Android,New
8372,2025-08-03,Mumbai,25-34,Android,Power
8373,2026-02-17,Mumbai,35-44,Web,New
8374,2025-04-02,Chennai,18-24,Android,Returning
8375,2025-05-08,Ahmedabad,45+,Android,Power
8376,2025-10-22,Bangalore,35-44,Web,Returning
8377,2025-05-12,Mumbai,35-44,Android,Returning
8378,2025-09-09,Ahmedabad,18-24,iOS,Returning
8379,2025-08-05,Mumbai,25-34,iOS,Returning
8380,2026-02-05,Kolkata,35-44,Android,New
8381,2025-11-22,Bangalore,35-44,iOS,Returning
8382,2025-03-10,Delhi NCR,45+,Android,Returning
8383,2025-10-13,Hyderabad,45+,iOS,Returning
8384,2025-04-21,Jaipur,25-34,Android,Returning
8385,2025-09-08,Ahmedabad,35-44,Android,Returning
8386,2026-01-31,Bangalore,18-24,iOS,New
8387,2025-10-09,Chennai,25-34,Android,Power
8388,2025-04-19,Hyderabad,18-24,iOS,Returning
8389,2025-03-15,Chennai,35-44,Android,Power
8390,2026-01-18,Kolkata,45+,iOS,Returning
8391,2025-05-06,Mumbai,18-24,Android,Power
8392,2025-08-05,Delhi NCR,25-34,Web,Returning
8393,2025-04-05,Jaipur,45+,Android,Power
8394,2025-08-21,Jaipur,25-34,Android,Returning
8395,2025-09-22,Mumbai,25-34,iOS,Returning
8396,2025-12-27,Delhi NCR,25-34,Web,Returning
8397,2025-07-01,Lucknow,25-34,Web,Returning
8398,2025-06-16,Bangalore,45+,Android,Returning
8399,2025-09-30,Hyderabad,25-34,iOS,Power
8400,2025-07-29,Mumbai,18-24,Android,Returning
8401,2025-04-13,Ahmedabad,18-24,iOS,Returning
8402,2025-09-16,Delhi NCR,18-24,Android,Power
8403,2026-01-29,Delhi NCR,25-34,Android,Returning
8404,2025-07-12,Delhi NCR,45+,Web,Power
8405,2025-05-23,Ahmedabad,35-44,Web,Returning
8406,2026-01-31,Chennai,45+,iOS,New
8407,2025-08-18,Pune,45+,iOS,Power
8408,2025-04-01,Delhi NCR,25-34,iOS,Returning
8409,2025-06-18,Ahmedabad,25-34,Android,Power
8410,2025-05-24,Pune,25-34,iOS,Returning
8411,2025-05-01,Pune,18-24,iOS,Power
8412,2025-04-14,Lucknow,25-34,Android,Returning
8413,2025-04-12,Delhi NCR,25-34,iOS,Power
8414,2025-03-20,Hyderabad,25-34,iOS,Returning
8415,2025-05-11,Ahmedabad,25-34,Web,Power
8416,2025-12-04,Pune,25-34,Android,Returning
8417,2025-10-03,Hyderabad,25-34,iOS,Returning
8418,2025-06-25,Mumbai,25-34,Web,Power
8419,2025-04-14,Chennai,18-24,Android,Returning
8420,2025-05-22,Bangalore,25-34,iOS,Returning
8421,2025-03-04,Delhi NCR,25-34,Web,Power
8422,2025-08-15,Ahmedabad,35-44,iOS,Returning
8423,2026-01-16,Delhi NCR,18-24,Web,Returning
8424,2025-03-10,Bangalore,25-34,Android,Returning
8425,2026-02-01,Chennai,25-34,Android,New
8426,2026-02-12,Bangalore,18-24,Android,New
8427,2025-10-25,Mumbai,25-34,iOS,Power
8428,2025-09-14,Bangalore,25-34,Android,Returning
8429,2025-06-30,Mumbai,25-34,iOS,Returning
8430,2025-12-15,Delhi NCR,18-24,Android,Returning
8431,2025-07-13,Mumbai,25-34,Web,Power
8432,2025-08-09,Delhi NCR,18-24,Android,Returning
8433,2025-06-26,Delhi NCR,25-34,iOS,Power
8434,2025-05-03,Hyderabad,35-44,iOS,Returning
8435,2025-07-30,Ahmedabad,18-24,iOS,Returning
8436,2025-07-29,Hyderabad,25-34,Android,Power
8437,2025-09-24,Chennai,25-34,Web,Power
8438,2025-12-22,Delhi NCR,25-34,Android,Returning
8439,2025-12-06,Pune,25-34,Android,Returning
8440,2025-06-07,Hyderabad,25-34,iOS,Returning
8441,2025-12-22,Bangalore,18-24,iOS,Returning
8442,2025-11-22,Delhi NCR,18-24,Android,Returning
8443,2025-03-19,Delhi NCR,25-34,iOS,Power
8444,2025-07-28,Hyderabad,18-24,Android,Power
8445,2025-09-21,Bangalore,18-24,Android,Power
8446,2025-11-27,Ahmedabad,25-34,Android,Returning
8447,2025-09-08,Delhi NCR,18-24,Web,Power
8448,2025-09-17,Mumbai,18-24,iOS,Returning
8449,2025-11-06,Hyderabad,18-24,Android,Power
8450,2025-07-24,Ahmedabad,18-24,Android,Returning
8451,2026-01-29,Delhi NCR,35-44,Android,Returning
8452,2026-02-18,Hyderabad,18-24,iOS,New
8453,2025-03-23,Delhi NCR,35-44,Android,Power
8454,2025-10-22,Hyderabad,25-34,Android,Power
8455,2025-11-16,Pune,25-34,Android,Returning
8456,2026-02-02,Kolkata,18-24,iOS,New
8457,2025-07-17,Mumbai,45+,Android,Power
8458,2026-02-27,Delhi NCR,35-44,Android,New
8459,2025-03-07,Hyderabad,18-24,iOS,Power
8460,2025-11-20,Mumbai,18-24,Android,Returning
8461,2026-02-08,Chennai,25-34,iOS,New
8462,2026-01-02,Bangalore,45+,Android,Returning
8463,2025-09-02,Delhi NCR,25-34,Android,Power
8464,2025-03-25,Kolkata,25-34,Android,Power
8465,2025-03-17,Delhi NCR,18-24,iOS,Power
8466,2026-02-09,Lucknow,25-34,Android,New
8467,2025-06-19,Kolkata,18-24,Android,Returning
8468,2025-04-18,Chennai,25-34,Android,Power
8469,2026-01-22,Mumbai,18-24,Android,Returning
8470,2025-10-04,Ahmedabad,18-24,Android,Power
8471,2026-02-04,Pune,25-34,iOS,New
8472,2025-10-31,Delhi NCR,25-34,Android,Power
8473,2026-02-03,Bangalore,25-34,Android,New
8474,2025-09-13,Delhi NCR,35-44,Android,Returning
8475,2025-04-12,Lucknow,18-24,Android,Returning
8476,2025-07-19,Kolkata,25-34,Android,Returning
8477,2026-02-28,Jaipur,35-44,Android,New
8478,2025-04-28,Pune,35-44,Android,Returning
8479,2025-06-13,Bangalore,35-44,iOS,Returning
8480,2026-02-16,Delhi NCR,18-24,iOS,New
8481,2026-01-12,Delhi NCR,18-24,Android,Returning
8482,2025-04-22,Mumbai,25-34,iOS,Returning
8483,2025-05-14,Hyderabad,25-34,Web,Returning
8484,2025-04-03,Ahmedabad,18-24,Android,Returning
8485,2025-11-27,Lucknow,25-34,Android,Power
8486,2025-06-13,Delhi NCR,25-34,Web,Returning
8487,2025-05-27,Chennai,25-34,iOS,Returning
8488,2025-03-07,Hyderabad,18-24,iOS,Returning
8489,2025-08-08,Bangalore,18-24,iOS,Returning
8490,2025-08-28,Chennai,18-24,Android,Power
8491,2025-09-07,Delhi NCR,25-34,iOS,Returning
8492,2025-04-26,Jaipur,18-24,iOS,Returning
8493,2025-12-22,Chennai,35-44,Android,Returning
8494,2025-11-17,Pune,18-24,iOS,Power
8495,2025-06-28,Delhi NCR,35-44,Web,Returning
8496,2025-09-21,Mumbai,25-34,iOS,Returning
8497,2025-08-13,Bangalore,18-24,Android,Returning
8498,2025-07-28,Pune,25-34,iOS,Returning
8499,2025-08-01,Jaipur,25-34,Android,Returning
8500,2026-02-13,Bangalore,25-34,Web,New
8501,2025-04-03,Pune,25-34,iOS,Returning
8502,2025-08-08,Bangalore,25-34,Android,Returning
8503,2026-01-21,Delhi NCR,25-34,Android,Returning
8504,2025-12-02,Pune,25-34,iOS,Returning
8505,2025-06-18,Pune,25-34,Android,Returning
8506,2025-06-20,Delhi NCR,18-24,Android,Power
8507,2025-07-28,Delhi NCR,35-44,Android,Returning
8508,2025-05-02,Bangalore,35-44,iOS,Returning
8509,2025-09-10,Delhi NCR,45+,Android,Returning
8510,2025-10-15,Ahmedabad,18-24,iOS,Returning
8511,2025-09-04,Hyderabad,35-44,Android,Returning
8512,2025-12-14,Mumbai,35-44,Android,Returning
8513,2025-08-25,Delhi NCR,25-34,Android,Power
8514,2026-02-14,Jaipur,25-34,Android,New
8515,2025-05-13,Pune,45+,Web,Returning
8516,2025-04-16,Pune,45+,Web,Returning
8517,2025-04-10,Mumbai,25-34,Android,Power
8518,2025-07-30,Ahmedabad,25-34,Android,Power
8519,2025-08-05,Bangalore,35-44,Web,Returning
8520,2025-09-13,Chennai,18-24,Android,Power
8521,2025-04-05,Jaipur,18-24,Android,Returning
8522,2025-05-25,Mumbai,45+,Android,Returning
8523,2025-04-30,Bangalore,35-44,iOS,Returning
8524,2025-10-06,Mumbai,45+,Android,Power
8525,2025-06-11,Bangalore,25-34,iOS,Returning
8526,2026-02-25,Delhi NCR,25-34,Android,New
8527,2025-12-01,Ahmedabad,45+,Android,Power
8528,2025-12-31,Bangalore,25-34,Android,Returning
8529,2025-04-24,Hyderabad,35-44,Web,Power
8530,2026-02-13,Kolkata,25-34,Web,New
8531,2025-07-17,Lucknow,18-24,iOS,Returning
8532,2026-01-31,Bangalore,18-24,Android,New
8533,2025-10-01,Bangalore,25-34,Android,Power
8534,2025-06-29,Mumbai,25-34,Android,Returning
8535,2025-06-04,Mumbai,18-24,Android,Returning
8536,2025-12-12,Hyderabad,25-34,Web,Returning
8537,2025-05-16,Mumbai,25-34,Android,Power
8538,2025-09-29,Bangalore,35-44,iOS,Returning
8539,2025-05-28,Mumbai,18-24,Android,Power
8540,2025-05-26,Hyderabad,25-34,iOS,Returning
8541,2026-01-03,Bangalore,18-24,iOS,Returning
8542,2025-08-27,Mumbai,18-24,Android,Returning
8543,2025-11-28,Delhi NCR,18-24,Android,Power
8544,2025-05-29,Hyderabad,25-34,Android,Power
8545,2025-09-24,Chennai,18-24,Web,Returning
8546,2025-05-30,Bangalore,18-24,Android,Returning
8547,2025-09-01,Pune,18-24,Android,Returning
8548,2025-03-07,Mumbai,45+,iOS,Returning
8549,2025-12-14,Mumbai,45+,Android,Returning
8550,2025-10-01,Mumbai,18-24,Android,Returning
8551,2025-07-06,Hyderabad,25-34,Android,Power
8552,2025-05-16,Chennai,45+,Android,Returning
8553,2025-07-13,Mumbai,18-24,Android,Returning
8554,2026-02-11,Hyderabad,18-24,iOS,New
8555,2025-12-18,Bangalore,18-24,Android,Returning
8556,2025-08-24,Lucknow,45+,Android,Returning
8557,2026-02-12,Chennai,35-44,Android,New
8558,2026-02-10,Chennai,18-24,Android,New
8559,2025-07-25,Hyderabad,18-24,Android,Power
8560,2025-04-09,Lucknow,45+,Android,Returning
8561,2025-11-01,Lucknow,25-34,Android,Returning
8562,2025-11-20,Hyderabad,25-34,Android,Returning
8563,2026-01-26,Bangalore,18-24,Android,Returning
8564,2025-12-07,Bangalore,35-44,Android,Returning
8565,2025-08-17,Bangalore,18-24,Android,Returning
8566,2025-04-05,Hyderabad,35-44,Android,Returning
8567,2025-08-11,Delhi NCR,18-24,Android,Returning
8568,2025-03-22,Ahmedabad,18-24,iOS,Power
8569,2025-03-25,Bangalore,25-34,iOS,Returning
8570,2026-02-18,Kolkata,35-44,iOS,New
8571,2025-03-19,Bangalore,25-34,Web,Returning
8572,2025-07-26,Chennai,18-24,Web,Returning
8573,2025-06-21,Delhi NCR,25-34,Android,Power
8574,2025-07-22,Hyderabad,25-34,Android,Power
8575,2025-12-11,Bangalore,35-44,Web,Returning
8576,2026-02-22,Delhi NCR,25-34,Android,New
8577,2025-06-02,Ahmedabad,18-24,iOS,Returning
8578,2025-07-17,Mumbai,25-34,Web,Returning
8579,2026-02-13,Bangalore,25-34,iOS,New
8580,2026-02-17,Delhi NCR,45+,Android,New
8581,2025-05-14,Kolkata,25-34,iOS,Returning
8582,2025-07-03,Delhi NCR,25-34,Android,Returning
8583,2026-02-08,Hyderabad,25-34,Web,New
8584,2025-09-04,Mumbai,25-34,Android,Power
8585,2025-07-16,Bangalore,25-34,Android,Returning
8586,2025-06-01,Ahmedabad,25-34,iOS,Returning
8587,2025-05-17,Mumbai,35-44,Android,Returning
8588,2025-05-08,Chennai,25-34,Android,Power
8589,2025-10-18,Delhi NCR,18-24,Android,Returning
8590,2025-05-22,Bangalore,18-24,Android,Power
8591,2025-09-29,Hyderabad,25-34,Web,Power
8592,2025-12-25,Hyderabad,18-24,Android,Returning
8593,2025-10-15,Hyderabad,25-34,Android,Returning
8594,2025-11-29,Hyderabad,25-34,iOS,Returning
8595,2025-04-18,Delhi NCR,25-34,Android,Returning
8596,2025-06-15,Bangalore,35-44,Android,Returning
8597,2025-11-18,Mumbai,25-34,Android,Returning
8598,2026-01-05,Pune,45+,Android,Returning
8599,2025-06-17,Kolkata,25-34,Android,Power
8600,2025-11-20,Delhi NCR,25-34,Android,Returning
8601,2025-08-15,Delhi NCR,18-24,iOS,Power
8602,2025-05-04,Mumbai,25-34,Android,Power
8603,2025-07-18,Lucknow,18-24,iOS,Power
8604,2025-07-07,Pune,25-34,iOS,Returning
8605,2026-02-03,Delhi NCR,25-34,Android,New
8606,2025-10-31,Bangalore,25-34,Web,Power
8607,2025-08-31,Delhi NCR,18-24,Android,Power
8608,2025-08-14,Hyderabad,25-34,iOS,Returning
8609,2025-05-03,Chennai,25-34,Android,Power
8610,2025-06-19,Bangalore,25-34,Android,Power
8611,2025-10-30,Kolkata,45+,Web,Power
8612,2026-01-29,Bangalore,35-44,Web,Returning
8613,2025-04-20,Mumbai,18-24,Android,Returning
8614,2025-05-20,Hyderabad,25-34,Android,Returning
8615,2025-11-15,Bangalore,25-34,Web,Power
8616,2025-07-20,Jaipur,35-44,iOS,Returning
8617,2025-06-01,Bangalore,35-44,Android,Returning
8618,2025-07-12,Bangalore,18-24,Android,Power
8619,2025-06-18,Chennai,35-44,iOS,Returning
8620,2026-02-05,Bangalore,18-24,Web,New
8621,2025-11-12,Delhi NCR,35-44,Web,Returning
8622,2025-08-22,Lucknow,18-24,Android,Power
8623,2025-03-19,Delhi NCR,18-24,iOS,Power
8624,2026-02-04,Delhi NCR,35-44,Android,New
8625,2025-08-26,Kolkata,25-34,iOS,Returning
8626,2025-05-17,Mumbai,45+,iOS,Power
8627,2025-11-05,Delhi NCR,18-24,Android,Power
8628,2025-03-28,Hyderabad,25-34,iOS,Returning
8629,2026-01-23,Mumbai,35-44,Android,Returning
8630,2025-05-23,Lucknow,18-24,Android,Power
8631,2025-10-15,Bangalore,18-24,Android,Returning
8632,2025-07-17,Hyderabad,18-24,iOS,Power
8633,2025-04-15,Mumbai,45+,Android,Power
8634,2025-04-07,Delhi NCR,35-44,Android,Returning
8635,2025-08-31,Hyderabad,25-34,Android,Returning
8636,2025-03-04,Hyderabad,18-24,iOS,Returning
8637,2025-12-05,Pune,18-24,Android,Returning
8638,2026-01-07,Delhi NCR,25-34,iOS,Returning
8639,2025-03-18,Chennai,45+,Web,Returning
8640,2025-03-11,Delhi NCR,25-34,Android,Returning
8641,2025-07-09,Hyderabad,25-34,iOS,Returning
8642,2025-06-07,Hyderabad,25-34,Android,Returning
8643,2025-05-18,Mumbai,45+,Android,Returning
8644,2025-11-21,Hyderabad,25-34,Android,Returning
8645,2025-12-04,Mumbai,45+,Android,Returning
8646,2026-02-14,Bangalore,18-24,Web,New
8647,2025-11-20,Chennai,35-44,Web,Returning
8648,2025-09-17,Mumbai,25-34,Web,Power
8649,2026-01-31,Jaipur,25-34,Web,New
8650,2025-11-07,Bangalore,25-34,Android,Power
8651,2025-11-14,Jaipur,18-24,Android,Returning
8652,2025-03-02,Mumbai,18-24,Android,Returning
8653,2025-10-22,Jaipur,45+,iOS,Power
8654,2025-12-07,Mumbai,18-24,Android,Returning
8655,2025-06-03,Bangalore,45+,Web,Returning
8656,2025-06-30,Jaipur,25-34,iOS,Returning
8657,2025-07-30,Delhi NCR,25-34,iOS,Power
8658,2025-04-29,Mumbai,45+,Android,Power
8659,2025-09-16,Pune,35-44,Android,Returning
8660,2025-05-26,Hyderabad,25-34,Android,Power
8661,2026-01-01,Bangalore,18-24,Web,Returning
8662,2025-12-01,Mumbai,35-44,Android,Returning
8663,2025-04-04,Chennai,35-44,iOS,Power
8664,2025-08-19,Mumbai,35-44,Web,Returning
8665,2025-10-29,Jaipur,35-44,Android,Power
8666,2025-10-16,Chennai,18-24,Android,Power
8667,2025-10-13,Chennai,35-44,Android,Power
8668,2025-07-15,Delhi NCR,18-24,iOS,Power
8669,2025-05-31,Ahmedabad,18-24,Web,Power
8670,2026-01-10,Hyderabad,18-24,Android,Returning
8671,2025-11-03,Kolkata,18-24,Android,Power
8672,2025-08-11,Delhi NCR,25-34,Android,Returning
8673,2025-08-22,Pune,18-24,iOS,Power
8674,2025-03-02,Hyderabad,18-24,Android,Power
8675,2025-04-12,Mumbai,18-24,iOS,Returning
8676,2025-09-01,Bangalore,25-34,Android,Returning
8677,2025-12-13,Delhi NCR,25-34,iOS,Returning
8678,2025-12-16,Delhi NCR,25-34,Android,Returning
8679,2025-05-10,Bangalore,35-44,Android,Returning
8680,2025-05-24,Bangalore,25-34,Web,Returning
8681,2026-02-08,Hyderabad,25-34,Android,New
8682,2025-09-11,Hyderabad,45+,Android,Returning
8683,2026-02-14,Mumbai,18-24,iOS,New
8684,2025-08-02,Pune,25-34,iOS,Power
8685,2026-01-12,Jaipur,25-34,Android,Returning
8686,2025-12-05,Delhi NCR,35-44,Android,Returning
8687,2025-10-03,Mumbai,35-44,Android,Returning
8688,2025-08-25,Hyderabad,18-24,Android,Returning
8689,2025-04-29,Chennai,35-44,Android,Power
8690,2025-10-01,Chennai,35-44,Web,Returning
8691,2025-10-11,Hyderabad,18-24,iOS,Returning
8692,2025-12-22,Mumbai,18-24,Android,Returning
8693,2025-06-14,Kolkata,35-44,Android,Returning
8694,2025-04-01,Bangalore,18-24,Android,Returning
8695,2026-02-20,Delhi NCR,18-24,Android,New
8696,2025-10-31,Mumbai,18-24,iOS,Power
8697,2025-11-20,Bangalore,18-24,Android,Power
8698,2025-10-03,Hyderabad,18-24,Android,Power
8699,2025-10-06,Chennai,25-34,Android,Power
8700,2025-03-13,Jaipur,18-24,Android,Returning
8701,2025-07-01,Mumbai,45+,Android,Power
8702,2025-07-03,Lucknow,18-24,iOS,Returning
8703,2025-03-29,Chennai,25-34,Android,Power
8704,2026-01-17,Bangalore,45+,Android,Returning
8705,2025-11-26,Ahmedabad,35-44,Android,Power
8706,2025-07-18,Chennai,25-34,iOS,Returning
8707,2026-02-23,Delhi NCR,25-34,Android,New
8708,2025-07-30,Ahmedabad,25-34,Android,Returning
8709,2025-08-07,Chennai,45+,Android,Returning
8710,2025-12-24,Chennai,18-24,Android,Returning
8711,2025-11-21,Ahmedabad,25-34,Android,Returning
8712,2026-02-17,Bangalore,35-44,Android,New
8713,2025-07-07,Chennai,25-34,Android,Power
8714,2025-04-13,Pune,35-44,Android,Returning
8715,2025-06-16,Bangalore,25-34,Android,Returning
8716,2025-03-29,Mumbai,18-24,iOS,Power
8717,2025-10-17,Pune,25-34,iOS,Power
8718,2025-07-22,Mumbai,25-34,Android,Returning
8719,2025-09-26,Chennai,35-44,Android,Power
8720,2025-10-10,Ahmedabad,35-44,iOS,Returning
8721,2025-09-24,Delhi NCR,35-44,Web,Returning
8722,2025-04-09,Mumbai,18-24,iOS,Power
8723,2025-03-22,Delhi NCR,25-34,Android,Power
8724,2025-06-12,Hyderabad,25-34,iOS,Returning
8725,2025-05-22,Jaipur,25-34,Android,Returning
8726,2025-03-28,Bangalore,25-34,Android,Power
8727,2025-03-22,Mumbai,35-44,Android,Returning
8728,2025-07-15,Hyderabad,25-34,Android,Returning
8729,2025-05-25,Pune,25-34,Android,Power
8730,2025-03-08,Bangalore,35-44,Android,Returning
8731,2025-05-15,Chennai,18-24,Android,Returning
8732,2025-09-14,Delhi NCR,25-34,Web,Power
8733,2026-01-13,Pune,25-34,Android,Returning
8734,2025-08-10,Delhi NCR,45+,Android,Returning
8735,2025-07-30,Delhi NCR,18-24,Web,Returning
8736,2025-06-28,Kolkata,25-34,iOS,Power
8737,2026-02-05,Hyderabad,45+,Android,New
8738,2025-04-14,Delhi NCR,35-44,iOS,Power
8739,2025-05-31,Jaipur,35-44,Android,Returning
8740,2026-01-16,Chennai,25-34,Android,Returning
8741,2025-04-03,Delhi NCR,35-44,iOS,Power
8742,2025-04-22,Hyderabad,25-34,Android,Returning
8743,2025-03-03,Kolkata,25-34,iOS,Returning
8744,2025-09-26,Chennai,18-24,Android,Returning
8745,2025-08-14,Delhi NCR,35-44,iOS,Returning
8746,2025-09-20,Hyderabad,25-34,Android,Power
8747,2025-07-10,Hyderabad,25-34,Web,Returning
8748,2025-09-19,Kolkata,25-34,Android,Returning
8749,2025-11-05,Mumbai,18-24,Web,Returning
8750,2025-11-28,Chennai,18-24,Android,Returning
8751,2026-01-18,Mumbai,25-34,iOS,Returning
8752,2025-05-21,Chennai,35-44,iOS,Returning
8753,2025-08-03,Jaipur,18-24,Android,Power
8754,2025-08-07,Mumbai,35-44,iOS,Returning
8755,2025-07-24,Delhi NCR,25-34,Android,Power
8756,2025-05-25,Hyderabad,25-34,Android,Power
8757,2025-10-16,Pune,25-34,iOS,Power
8758,2025-11-15,Delhi NCR,35-44,Web,Power
8759,2025-11-03,Chennai,18-24,iOS,Returning
8760,2025-07-07,Ahmedabad,25-34,Android,Power
8761,2025-04-26,Chennai,25-34,Android,Returning
8762,2025-11-21,Chennai,45+,iOS,Returning
8763,2025-06-13,Bangalore,18-24,Web,Returning
8764,2025-04-30,Ahmedabad,25-34,iOS,Returning
8765,2025-03-12,Delhi NCR,45+,Android,Returning
8766,2025-05-19,Delhi NCR,35-44,Android,Returning
8767,2025-04-07,Delhi NCR,18-24,Android,Returning
8768,2025-11-18,Chennai,25-34,Web,Power
8769,2025-12-28,Kolkata,18-24,Web,Returning
8770,2025-09-07,Mumbai,35-44,iOS,Returning
8771,2025-05-23,Kolkata,25-34,Web,Returning
8772,2025-05-12,Kolkata,35-44,Android,Returning
8773,2025-07-18,Hyderabad,45+,iOS,Power
8774,2026-02-22,Pune,45+,Android,New
8775,2025-10-25,Delhi NCR,35-44,Android,Returning
8776,2025-11-29,Mumbai,18-24,iOS,Power
8777,2025-08-23,Kolkata,18-24,Android,Returning
8778,2025-03-07,Bangalore,25-34,iOS,Returning
8779,2026-01-07,Delhi NCR,25-34,iOS,Returning
8780,2025-07-02,Chennai,18-24,iOS,Power
8781,2025-10-20,Ahmedabad,25-34,iOS,Returning
8782,2025-03-02,Hyderabad,45+,Android,Power
8783,2025-11-09,Delhi NCR,35-44,Android,Returning
8784,2026-02-22,Bangalore,18-24,Android,New
8785,2025-07-14,Pune,25-34,Android,Returning
8786,2025-09-26,Mumbai,25-34,Android,Power
8787,2025-08-16,Delhi NCR,35-44,Android,Returning
8788,2025-04-12,Bangalore,25-34,iOS,Power
8789,2025-03-02,Hyderabad,45+,Android,Power
8790,2025-07-21,Delhi NCR,35-44,Android,Returning
8791,2025-06-24,Delhi NCR,45+,Android,Power
8792,2025-12-08,Mumbai,35-44,Android,Returning
8793,2025-07-04,Mumbai,35-44,Android,Returning
8794,2025-03-06,Delhi NCR,35-44,Android,Returning
8795,2025-04-12,Hyderabad,18-24,Android,Power
8796,2025-06-11,Hyderabad,18-24,Android,Returning
8797,2025-08-24,Bangalore,35-44,Android,Returning
8798,2025-05-15,Bangalore,18-24,Android,Returning
8799,2025-03-04,Delhi NCR,25-34,Android,Returning
8800,2026-01-02,Bangalore,35-44,Android,Returning
8801,2026-02-20,Mumbai,35-44,iOS,New
8802,2025-05-01,Mumbai,18-24,Android,Returning
8803,2025-11-06,Delhi NCR,25-34,iOS,Returning
8804,2025-08-03,Lucknow,25-34,Android,Returning
8805,2026-01-19,Delhi NCR,25-34,Web,Returning
8806,2025-05-01,Jaipur,45+,Android,Returning
8807,2025-09-09,Bangalore,25-34,iOS,Returning
8808,2025-07-10,Bangalore,45+,Android,Returning
8809,2025-05-24,Pune,18-24,Android,Returning
8810,2025-12-13,Mumbai,25-34,iOS,Returning
8811,2025-11-13,Delhi NCR,35-44,Android,Returning
8812,2025-05-24,Lucknow,25-34,Android,Returning
8813,2026-01-21,Bangalore,18-24,Web,Returning
8814,2025-11-02,Mumbai,45+,Web,Power
8815,2025-03-31,Mumbai,35-44,iOS,Returning
8816,2025-03-30,Ahmedabad,25-34,Web,Returning
8817,2026-02-02,Kolkata,25-34,Android,New
8818,2025-11-17,Bangalore,18-24,iOS,Returning
8819,2025-12-17,Mumbai,45+,Android,Returning
8820,2025-08-22,Kolkata,35-44,Android,Returning
8821,2025-04-11,Delhi NCR,18-24,iOS,Returning
8822,2025-10-05,Bangalore,18-24,Android,Power
8823,2025-06-19,Chennai,35-44,iOS,Power
8824,2025-05-21,Delhi NCR,18-24,Android,Returning
8825,2025-07-31,Hyderabad,45+,Android,Power
8826,2025-10-29,Ahmedabad,45+,Web,Returning
8827,2025-08-07,Pune,35-44,Web,Power
8828,2025-07-04,Bangalore,35-44,Android,Returning
8829,2025-03-27,Delhi NCR,25-34,iOS,Power
8830,2025-05-19,Delhi NCR,18-24,Android,Power
8831,2026-02-07,Delhi NCR,35-44,Android,New
8832,2025-06-15,Bangalore,25-34,Web,Power
8833,2025-03-09,Bangalore,25-34,Android,Returning
8834,2025-11-16,Mumbai,18-24,Android,Returning
8835,2025-06-16,Mumbai,18-24,Android,Power
8836,2025-08-09,Delhi NCR,25-34,Android,Returning
8837,2025-04-25,Hyderabad,35-44,Android,Returning
8838,2025-06-12,Hyderabad,25-34,iOS,Returning
8839,2025-11-14,Bangalore,25-34,Android,Power
8840,2025-06-23,Pune,25-34,Android,Returning
8841,2025-07-23,Pune,18-24,Android,Power
8842,2025-07-22,Bangalore,35-44,Android,Returning
8843,2025-06-16,Mumbai,25-34,Android,Power
8844,2025-08-12,Hyderabad,18-24,Android,Returning
8845,2025-06-16,Bangalore,18-24,Android,Returning
8846,2025-03-17,Mumbai,45+,Android,Returning
8847,2025-07-19,Lucknow,25-34,Android,Returning
8848,2025-08-11,Delhi NCR,18-24,iOS,Power
8849,2025-07-18,Hyderabad,25-34,Android,Returning
8850,2025-07-08,Bangalore,18-24,Android,Power
8851,2025-08-30,Mumbai,18-24,Android,Returning
8852,2025-08-13,Mumbai,35-44,Web,Returning
8853,2025-03-09,Hyderabad,18-24,iOS,Returning
8854,2025-06-28,Delhi NCR,35-44,Web,Returning
8855,2025-03-13,Delhi NCR,25-34,iOS,Power
8856,2025-11-10,Jaipur,18-24,iOS,Returning
8857,2026-02-23,Bangalore,35-44,Web,New
8858,2025-07-08,Mumbai,25-34,iOS,Power
8859,2025-10-25,Delhi NCR,35-44,Android,Power
8860,2025-11-17,Hyderabad,35-44,Android,Power
8861,2025-07-07,Delhi NCR,45+,iOS,Returning
8862,2025-09-27,Mumbai,18-24,iOS,Returning
8863,2025-06-17,Bangalore,18-24,Android,Returning
8864,2025-07-09,Mumbai,25-34,Android,Returning
8865,2025-05-16,Hyderabad,18-24,iOS,Returning
8866,2026-01-20,Hyderabad,25-34,iOS,Returning
8867,2025-05-17,Mumbai,18-24,iOS,Power
8868,2025-08-16,Delhi NCR,25-34,Web,Returning
8869,2025-06-01,Bangalore,18-24,Android,Returning
8870,2025-06-10,Hyderabad,35-44,Android,Returning
8871,2026-01-03,Delhi NCR,35-44,Android,Returning
8872,2025-05-07,Delhi NCR,18-24,Web,Returning
8873,2025-11-23,Lucknow,35-44,Android,Returning
8874,2025-10-15,Mumbai,25-34,Android,Returning
8875,2025-12-04,Lucknow,25-34,Android,Returning
8876,2025-07-02,Mumbai,18-24,Android,Power
8877,2025-08-14,Delhi NCR,35-44,Android,Returning
8878,2025-04-25,Bangalore,25-34,iOS,Power
8879,2025-12-07,Mumbai,18-24,iOS,Returning
8880,2025-07-02,Mumbai,45+,iOS,Power
8881,2025-05-24,Delhi NCR,18-24,Android,Returning
8882,2025-04-12,Lucknow,45+,iOS,Returning
8883,2025-06-22,Bangalore,25-34,Android,Returning
8884,2025-08-23,Hyderabad,35-44,Android,Returning
8885,2025-09-30,Chennai,25-34,Android,Power
8886,2025-05-03,Pune,35-44,iOS,Returning
8887,2025-05-27,Chennai,45+,Android,Power
8888,2025-10-13,Delhi NCR,35-44,Android,Returning
8889,2025-09-06,Mumbai,25-34,Android,Returning
8890,2026-02-21,Delhi NCR,35-44,Android,New
8891,2025-05-10,Delhi NCR,35-44,Android,Returning
8892,2025-07-09,Mumbai,18-24,Android,Returning
8893,2025-09-19,Mumbai,45+,Android,Returning
8894,2026-01-11,Jaipur,25-34,Android,Returning
8895,2025-05-03,Ahmedabad,18-24,Android,Returning
8896,2026-01-22,Mumbai,25-34,Web,Returning
8897,2025-10-16,Mumbai,25-34,Android,Returning
8898,2025-04-25,Mumbai,25-34,Android,Power
8899,2025-07-25,Delhi NCR,25-34,Android,Returning
8900,2025-03-18,Delhi NCR,18-24,iOS,Returning
8901,2025-05-09,Jaipur,25-34,iOS,Power
8902,2026-01-26,Mumbai,45+,Android,Returning
8903,2025-03-14,Delhi NCR,25-34,iOS,Returning
8904,2025-12-12,Mumbai,25-34,iOS,Returning
8905,2025-07-08,Lucknow,18-24,Web,Returning
8906,2025-06-01,Ahmedabad,18-24,Android,Power
8907,2025-09-21,Chennai,25-34,Web,Returning
8908,2025-09-07,Bangalore,18-24,iOS,Returning
8909,2025-04-27,Delhi NCR,35-44,iOS,Returning
8910,2025-07-23,Delhi NCR,25-34,iOS,Returning
8911,2026-02-20,Bangalore,25-34,Web,New
8912,2025-05-16,Pune,25-34,Web,Returning
8913,2025-11-08,Delhi NCR,45+,Android,Returning
8914,2025-08-08,Delhi NCR,18-24,Android,Power
8915,2025-08-27,Hyderabad,25-34,Web,Returning
8916,2025-03-25,Delhi NCR,45+,Android,Power
8917,2025-08-16,Hyderabad,45+,Android,Returning
8918,2025-06-08,Bangalore,25-34,Android,Returning
8919,2025-06-12,Mumbai,25-34,iOS,Power
8920,2025-06-26,Bangalore,18-24,iOS,Returning
8921,2025-11-06,Ahmedabad,18-24,Android,Returning
8922,2025-10-31,Delhi NCR,25-34,iOS,Returning
8923,2025-10-11,Delhi NCR,18-24,Web,Power
8924,2025-12-26,Mumbai,35-44,Android,Returning
8925,2025-05-29,Hyderabad,25-34,Android,Returning
8926,2025-04-22,Kolkata,18-24,iOS,Returning
8927,2025-07-05,Delhi NCR,18-24,Web,Returning
8928,2025-05-03,Delhi NCR,25-34,Android,Returning
8929,2026-02-19,Jaipur,18-24,iOS,New
8930,2025-07-11,Pune,35-44,iOS,Returning
8931,2025-08-18,Hyderabad,45+,Android,Returning
8932,2026-02-17,Delhi NCR,45+,iOS,New
8933,2025-09-05,Delhi NCR,35-44,Android,Returning
8934,2025-09-05,Chennai,35-44,iOS,Power
8935,2025-07-27,Bangalore,25-34,Android,Returning
8936,2026-02-18,Bangalore,25-34,iOS,New
8937,2025-11-03,Mumbai,35-44,Android,Returning
8938,2025-09-18,Bangalore,18-24,Android,Returning
8939,2026-01-21,Kolkata,18-24,Android,Returning
8940,2026-01-07,Jaipur,35-44,Android,Returning
8941,2025-07-26,Mumbai,45+,Web,Returning
8942,2025-08-07,Hyderabad,25-34,Android,Returning
8943,2025-04-23,Hyderabad,25-34,iOS,Power
8944,2025-03-06,Ahmedabad,25-34,iOS,Power
8945,2026-01-04,Pune,25-34,iOS,Returning
8946,2025-11-03,Jaipur,25-34,Android,Returning
8947,2025-06-21,Jaipur,45+,iOS,Power
8948,2025-05-19,Delhi NCR,25-34,Android,Power
8949,2025-06-06,Chennai,18-24,Android,Returning
8950,2025-05-14,Hyderabad,35-44,Android,Returning
8951,2025-04-02,Delhi NCR,25-34,iOS,Returning
8952,2025-09-02,Delhi NCR,35-44,iOS,Returning
8953,2025-03-08,Mumbai,25-34,Android,Returning
8954,2025-07-09,Pune,35-44,Android,Power
8955,2025-03-23,Delhi NCR,18-24,iOS,Returning
8956,2025-08-17,Kolkata,18-24,Android,Returning
8957,2025-04-27,Hyderabad,25-34,Android,Returning
8958,2025-12-11,Chennai,25-34,Web,Returning
8959,2025-10-17,Delhi NCR,18-24,Android,Returning
8960,2026-02-07,Bangalore,25-34,Android,New
8961,2025-04-04,Bangalore,45+,Web,Returning
8962,2025-07-19,Delhi NCR,18-24,Android,Returning
8963,2026-01-02,Kolkata,35-44,iOS,Returning
8964,2025-11-28,Hyderabad,35-44,iOS,Returning
8965,2025-08-21,Mumbai,35-44,Android,Power
8966,2025-11-18,Kolkata,45+,iOS,Returning
8967,2026-02-22,Mumbai,25-34,iOS,New
8968,2025-10-24,Bangalore,25-34,Android,Returning
8969,2026-01-05,Hyderabad,25-34,Android,Returning
8970,2025-07-13,Mumbai,25-34,Web,Returning
8971,2025-03-04,Chennai,18-24,iOS,Power
8972,2025-12-29,Chennai,25-34,Android,Returning
8973,2025-07-04,Chennai,18-24,Web,Returning
8974,2025-12-01,Mumbai,35-44,Android,Power
8975,2025-07-12,Delhi NCR,45+,iOS,Power
8976,2025-07-11,Delhi NCR,35-44,Web,Returning
8977,2025-03-12,Jaipur,18-24,Android,Returning
8978,2025-04-02,Mumbai,18-24,iOS,Returning
8979,2025-05-13,Bangalore,35-44,Android,Returning
8980,2025-03-21,Kolkata,25-34,iOS,Returning
8981,2025-09-30,Pune,35-44,Android,Returning
8982,2025-10-07,Kolkata,35-44,Android,Returning
8983,2025-10-22,Lucknow,25-34,Android,Power
8984,2025-10-11,Bangalore,18-24,Android,Returning
8985,2025-11-28,Delhi NCR,18-24,iOS,Returning
8986,2025-11-07,Mumbai,18-24,iOS,Power
8987,2025-05-21,Mumbai,25-34,Web,Power
8988,2025-10-09,Hyderabad,45+,Android,Returning
8989,2025-07-21,Mumbai,18-24,iOS,Power
8990,2025-07-12,Pune,18-24,Android,Power
8991,2026-01-27,Mumbai,25-34,Android,Returning
8992,2025-05-29,Delhi NCR,25-34,Android,Returning
8993,2025-09-12,Chennai,35-44,Web,Returning
8994,2025-10-12,Delhi NCR,18-24,Android,Returning
8995,2025-03-09,Chennai,45+,Android,Returning
8996,2025-08-12,Lucknow,45+,Android,Returning
8997,2026-02-06,Pune,35-44,Android,New
8998,2025-07-20,Delhi NCR,18-24,iOS,Returning
8999,2025-06-04,Ahmedabad,25-34,Android,Power
9000,2025-03-19,Mumbai,35-44,Android,Returning
9001,2025-09-29,Chennai,35-44,Web,Power
9002,2025-04-02,Mumbai,35-44,Web,Returning
9003,2025-12-06,Mumbai,25-34,Android,Returning
9004,2025-11-12,Lucknow,25-34,iOS,Returning
9005,2026-01-29,Delhi NCR,45+,Android,Returning
9006,2025-07-15,Kolkata,18-24,iOS,Returning
9007,2025-07-04,Delhi NCR,18-24,iOS,Returning
9008,2025-03-03,Kolkata,18-24,Android,Returning
9009,2025-04-25,Jaipur,35-44,Web,Returning
9010,2025-10-11,Bangalore,18-24,Android,Returning
9011,2025-09-26,Hyderabad,25-34,iOS,Returning
9012,2025-05-06,Hyderabad,25-34,iOS,Power
9013,2025-03-21,Jaipur,18-24,Android,Returning
9014,2025-11-22,Delhi NCR,35-44,Android,Returning
9015,2026-01-13,Hyderabad,18-24,Android,Returning
9016,2025-04-08,Delhi NCR,25-34,iOS,Returning
9017,2025-12-24,Delhi NCR,25-34,iOS,Returning
9018,2025-12-29,Mumbai,25-34,Android,Returning
9019,2025-11-12,Hyderabad,18-24,Android,Power
9020,2025-09-15,Ahmedabad,45+,Android,Returning
9021,2026-01-23,Delhi NCR,45+,iOS,Returning
9022,2025-11-02,Hyderabad,25-34,iOS,Returning
9023,2025-12-05,Hyderabad,25-34,Android,Returning
9024,2026-01-08,Bangalore,25-34,Android,Returning
9025,2025-11-30,Ahmedabad,35-44,Android,Returning
9026,2025-05-16,Delhi NCR,25-34,Android,Power
9027,2025-03-29,Mumbai,18-24,Android,Returning
9028,2025-05-07,Mumbai,35-44,Android,Returning
9029,2025-08-09,Ahmedabad,25-34,iOS,Power
9030,2025-07-06,Lucknow,25-34,Android,Returning
9031,2025-09-27,Delhi NCR,25-34,Android,Power
9032,2025-07-04,Mumbai,18-24,iOS,Returning
9033,2025-10-16,Bangalore,45+,iOS,Power
9034,2025-03-04,Chennai,35-44,Android,Power
9035,2025-12-27,Hyderabad,18-24,Android,Returning
9036,2025-10-29,Jaipur,25-34,Web,Returning
9037,2025-06-20,Kolkata,25-34,Android,Returning
9038,2025-11-07,Kolkata,18-24,Android,Returning
9039,2026-02-09,Hyderabad,25-34,Web,New
9040,2026-02-13,Delhi NCR,25-34,iOS,New
9041,2025-10-07,Chennai,18-24,iOS,Returning
9042,2025-08-05,Bangalore,25-34,Android,Returning
9043,2026-02-10,Delhi NCR,18-24,Android,New
9044,2025-09-16,Mumbai,25-34,Android,Power
9045,2026-01-22,Bangalore,25-34,Android,Returning
9046,2025-09-01,Hyderabad,18-24,Android,Returning
9047,2025-03-17,Hyderabad,25-34,Android,Returning
9048,2025-11-16,Mumbai,25-34,Android,Power
9049,2025-11-21,Hyderabad,25-34,iOS,Power
9050,2025-12-01,Mumbai,25-34,Web,Returning
9051,2025-05-05,Chennai,25-34,iOS,Returning
9052,2025-04-03,Bangalore,25-34,iOS,Power
9053,2025-12-12,Kolkata,25-34,Android,Returning
9054,2025-12-18,Pune,35-44,Android,Returning
9055,2025-09-06,Chennai,18-24,Android,Returning
9056,2025-11-25,Chennai,45+,Android,Power
9057,2025-03-21,Hyderabad,35-44,iOS,Returning
9058,2025-11-18,Mumbai,25-34,Web,Returning
9059,2025-07-20,Chennai,35-44,iOS,Returning
9060,2026-02-23,Bangalore,25-34,Android,New
9061,2025-10-30,Bangalore,18-24,iOS,Returning
9062,2025-07-08,Delhi NCR,35-44,Android,Power
9063,2025-11-05,Ahmedabad,45+,Android,Returning
9064,2025-09-19,Delhi NCR,18-24,Android,Power
9065,2025-07-18,Delhi NCR,25-34,iOS,Power
9066,2025-07-14,Jaipur,35-44,iOS,Returning
9067,2025-08-31,Kolkata,45+,Android,Returning
9068,2025-06-25,Mumbai,18-24,Android,Returning
9069,2025-04-17,Ahmedabad,18-24,Android,Returning
9070,2025-08-03,Delhi NCR,18-24,Android,Returning
9071,2025-10-08,Chennai,25-34,Web,Power
9072,2025-03-21,Hyderabad,45+,Web,Returning
9073,2025-11-25,Hyderabad,25-34,Web,Power
9074,2025-03-20,Chennai,45+,Android,Returning
9075,2025-06-30,Delhi NCR,35-44,Android,Returning
9076,2025-12-05,Mumbai,25-34,Web,Returning
9077,2025-08-29,Chennai,18-24,Web,Returning
9078,2025-10-31,Delhi NCR,25-34,Android,Returning
9079,2025-04-03,Lucknow,18-24,iOS,Returning
9080,2025-11-29,Bangalore,25-34,Android,Returning
9081,2025-12-21,Mumbai,18-24,Web,Returning
9082,2025-10-19,Chennai,18-24,Android,Returning
9083,2025-05-26,Delhi NCR,25-34,Web,Returning
9084,2025-10-15,Mumbai,25-34,Android,Returning
9085,2025-04-21,Bangalore,18-24,Android,Returning
9086,2025-08-26,Jaipur,35-44,Android,Power
9087,2025-07-23,Bangalore,25-34,Android,Returning
9088,2026-01-14,Delhi NCR,25-34,Android,Returning
9089,2025-05-27,Bangalore,35-44,iOS,Power
9090,2025-08-21,Mumbai,35-44,Android,Returning
9091,2026-02-21,Mumbai,45+,iOS,New
9092,2025-05-29,Kolkata,18-24,Android,Returning
9093,2025-09-03,Lucknow,18-24,Android,Returning
9094,2025-04-01,Mumbai,18-24,iOS,Returning
9095,2026-01-21,Hyderabad,25-34,Android,Returning
9096,2025-05-12,Jaipur,25-34,Web,Returning
9097,2025-09-04,Mumbai,25-34,iOS,Returning
9098,2025-09-20,Delhi NCR,18-24,iOS,Returning
9099,2025-04-04,Ahmedabad,25-34,Android,Power
9100,2025-11-17,Chennai,25-34,Android,Power
9101,2025-09-21,Mumbai,18-24,Web,Returning
9102,2025-05-18,Bangalore,25-34,Android,Returning
9103,2025-10-29,Mumbai,35-44,iOS,Returning
9104,2026-01-06,Bangalore,35-44,Android,Returning
9105,2026-01-26,Pune,18-24,Android,Returning
9106,2025-07-02,Hyderabad,35-44,iOS,Returning
9107,2025-11-08,Hyderabad,18-24,Web,Power
9108,2025-04-17,Delhi NCR,25-34,Android,Returning
9109,2026-02-06,Mumbai,18-24,Android,New
9110,2026-01-14,Mumbai,45+,iOS,Returning
9111,2025-04-23,Kolkata,18-24,Android,Returning
9112,2025-10-17,Hyderabad,18-24,Android,Power
9113,2025-11-03,Delhi NCR,45+,Android,Returning
9114,2025-08-24,Bangalore,25-34,Android,Power
9115,2025-10-21,Pune,35-44,iOS,Returning
9116,2025-08-01,Hyderabad,18-24,Web,Returning
9117,2025-11-08,Delhi NCR,25-34,Android,Power
9118,2026-01-16,Delhi NCR,45+,Android,Returning
9119,2025-10-24,Delhi NCR,25-34,Android,Power
9120,2025-03-02,Kolkata,35-44,Android,Returning
9121,2025-09-24,Hyderabad,45+,Android,Returning
9122,2025-06-01,Chennai,25-34,iOS,Returning
9123,2025-04-20,Kolkata,25-34,Android,Returning
9124,2025-03-11,Lucknow,25-34,iOS,Returning
9125,2025-03-26,Delhi NCR,18-24,Web,Returning
9126,2026-01-15,Delhi NCR,25-34,Web,Returning
9127,2025-11-13,Bangalore,45+,Android,Returning
9128,2025-07-25,Mumbai,25-34,Android,Power
9129,2025-04-17,Pune,45+,Android,Returning
9130,2025-04-20,Ahmedabad,35-44,Web,Power
9131,2025-09-05,Chennai,45+,Web,Returning
9132,2025-07-16,Delhi NCR,45+,iOS,Returning
9133,2025-08-22,Mumbai,35-44,iOS,Returning
9134,2025-09-22,Bangalore,35-44,Android,Returning
9135,2025-06-07,Kolkata,35-44,Web,Returning
9136,2025-03-08,Delhi NCR,35-44,Web,Power
9137,2025-04-09,Mumbai,35-44,iOS,Returning
9138,2025-08-23,Delhi NCR,35-44,Android,Power
9139,2025-09-07,Lucknow,25-34,Android,Power
9140,2025-05-15,Chennai,25-34,Android,Returning
9141,2025-03-09,Ahmedabad,18-24,Web,Returning
9142,2025-10-07,Pune,18-24,Web,Returning
9143,2025-07-12,Hyderabad,25-34,Android,Returning
9144,2025-03-06,Mumbai,35-44,iOS,Returning
9145,2025-08-09,Delhi NCR,25-34,Android,Returning
9146,2025-07-31,Hyderabad,18-24,Android,Returning
9147,2026-01-20,Kolkata,35-44,Android,Returning
9148,2025-05-30,Delhi NCR,45+,Android,Returning
9149,2025-04-12,Mumbai,35-44,Android,Returning
9150,2025-12-09,Hyderabad,35-44,Android,Returning
9151,2025-09-01,Mumbai,18-24,iOS,Returning
9152,2025-04-15,Hyderabad,25-34,Android,Returning
9153,2025-12-08,Delhi NCR,25-34,iOS,Returning
9154,2025-05-02,Delhi NCR,18-24,iOS,Returning
9155,2025-06-12,Bangalore,18-24,iOS,Power
9156,2025-06-02,Hyderabad,45+,Web,Returning
9157,2025-08-13,Hyderabad,35-44,Android,Power
9158,2025-07-04,Delhi NCR,18-24,Android,Power
9159,2025-09-02,Ahmedabad,25-34,Android,Returning
9160,2025-09-11,Mumbai,25-34,Android,Returning
9161,2025-05-10,Mumbai,18-24,Android,Returning
9162,2025-09-05,Hyderabad,35-44,iOS,Power
9163,2025-07-07,Mumbai,18-24,iOS,Returning
9164,2025-10-14,Bangalore,35-44,Android,Returning
9165,2025-04-08,Jaipur,35-44,Android,Returning
9166,2025-04-24,Chennai,25-34,Android,Power
9167,2025-10-23,Hyderabad,35-44,Android,Returning
9168,2026-01-11,Hyderabad,18-24,iOS,Returning
9169,2025-09-18,Mumbai,25-34,Android,Power
9170,2025-05-28,Bangalore,25-34,Web,Power
9171,2025-05-12,Delhi NCR,25-34,iOS,Power
9172,2025-11-05,Jaipur,18-24,Android,Power
9173,2026-02-05,Delhi NCR,25-34,Android,New
9174,2025-04-24,Bangalore,25-34,Android,Returning
9175,2026-02-04,Jaipur,25-34,Web,New
9176,2025-10-25,Pune,35-44,Web,Returning
9177,2025-07-10,Jaipur,25-34,Android,Returning
9178,2025-08-04,Hyderabad,35-44,iOS,Returning
9179,2025-11-28,Delhi NCR,18-24,Android,Power
9180,2025-11-27,Kolkata,35-44,Android,Returning
9181,2025-04-08,Delhi NCR,25-34,Android,Power
9182,2025-07-19,Mumbai,18-24,Web,Power
9183,2025-05-25,Chennai,25-34,Android,Power
9184,2026-02-18,Hyderabad,25-34,Android,New
9185,2025-04-06,Kolkata,18-24,iOS,Returning
9186,2026-02-17,Jaipur,35-44,Web,New
9187,2026-01-25,Kolkata,45+,iOS,Returning
9188,2025-07-16,Mumbai,25-34,Android,Power
9189,2025-07-24,Chennai,25-34,Web,Returning
9190,2025-10-11,Pune,18-24,Web,Power
9191,2026-02-06,Lucknow,45+,iOS,New
9192,2025-12-08,Delhi NCR,25-34,iOS,Returning
9193,2025-07-15,Mumbai,18-24,iOS,Returning
9194,2025-03-22,Kolkata,25-34,Android,Power
9195,2025-12-11,Delhi NCR,18-24,Android,Returning
9196,2025-03-13,Hyderabad,18-24,iOS,Power
9197,2025-05-15,Bangalore,18-24,Web,Returning
9198,2025-04-04,Bangalore,18-24,Web,Returning
9199,2025-09-23,Pune,18-24,Android,Returning
9200,2025-10-24,Delhi NCR,35-44,Android,Returning
9201,2025-08-23,Chennai,45+,Web,Power
9202,2026-01-29,Mumbai,25-34,iOS,Returning
9203,2025-03-07,Delhi NCR,25-34,Android,Power
9204,2026-02-14,Delhi NCR,25-34,iOS,New
9205,2025-04-22,Pune,25-34,Android,Returning
9206,2025-12-16,Delhi NCR,25-34,Web,Returning
9207,2026-01-26,Hyderabad,25-34,iOS,Returning
9208,2025-03-07,Chennai,25-34,Web,Returning
9209,2025-08-17,Chennai,25-34,Android,Returning
9210,2025-04-04,Hyderabad,25-34,iOS,Returning
9211,2026-01-31,Bangalore,25-34,iOS,New
9212,2025-08-19,Delhi NCR,35-44,Android,Returning
9213,2026-02-13,Hyderabad,35-44,Android,New
9214,2025-12-14,Mumbai,45+,Web,Returning
9215,2025-05-12,Kolkata,35-44,iOS,Returning
9216,2025-12-10,Kolkata,18-24,Android,Returning
9217,2025-10-28,Delhi NCR,35-44,Web,Returning
9218,2026-02-10,Hyderabad,25-34,Android,New
9219,2025-11-19,Jaipur,25-34,iOS,Power
9220,2025-12-14,Delhi NCR,25-34,iOS,Returning
9221,2025-07-15,Pune,18-24,iOS,Power
9222,2025-05-08,Mumbai,45+,iOS,Returning
9223,2025-08-10,Bangalore,35-44,Android,Returning
9224,2025-12-30,Ahmedabad,25-34,Web,Returning
9225,2026-02-03,Hyderabad,18-24,Android,New
9226,2025-12-20,Hyderabad,35-44,iOS,Returning
9227,2025-11-18,Ahmedabad,25-34,Android,Returning
9228,2025-04-09,Chennai,25-34,Android,Returning
9229,2025-03-03,Chennai,25-34,iOS,Returning
9230,2025-09-25,Hyderabad,35-44,iOS,Returning
9231,2025-03-03,Hyderabad,18-24,Android,Power
9232,2025-03-07,Pune,35-44,Android,Power
9233,2025-08-19,Lucknow,35-44,iOS,Returning
9234,2025-05-30,Pune,25-34,iOS,Returning
9235,2025-04-11,Chennai,25-34,Android,Returning
9236,2025-08-27,Mumbai,18-24,iOS,Returning
9237,2025-04-09,Kolkata,18-24,Android,Returning
9238,2025-11-08,Pune,18-24,Android,Power
9239,2025-04-22,Pune,18-24,Android,Returning
9240,2025-09-17,Delhi NCR,25-34,iOS,Power
9241,2025-12-30,Ahmedabad,18-24,Android,Returning
9242,2025-11-29,Mumbai,25-34,Android,Returning
9243,2025-05-19,Delhi NCR,25-34,iOS,Power
9244,2025-09-29,Chennai,25-34,iOS,Power
9245,2025-07-19,Chennai,35-44,Android,Power
9246,2025-10-25,Delhi NCR,25-34,Android,Returning
9247,2025-08-20,Chennai,18-24,iOS,Power
9248,2025-11-06,Bangalore,18-24,iOS,Returning
9249,2025-06-12,Mumbai,35-44,Android,Power
9250,2026-02-11,Mumbai,25-34,Android,New
9251,2026-02-19,Ahmedabad,45+,iOS,New
9252,2025-11-29,Delhi NCR,35-44,iOS,Power
9253,2025-10-13,Mumbai,18-24,iOS,Returning
9254,2025-04-02,Chennai,25-34,iOS,Returning
9255,2025-03-09,Bangalore,25-34,Android,Returning
9256,2025-03-26,Pune,18-24,iOS,Power
9257,2026-01-08,Kolkata,18-24,Android,Returning
9258,2025-08-18,Kolkata,25-34,Android,Returning
9259,2025-08-07,Delhi NCR,45+,Web,Returning
9260,2025-05-18,Bangalore,25-34,Web,Power
9261,2025-11-28,Chennai,25-34,iOS,Returning
9262,2025-04-26,Delhi NCR,18-24,Android,Power
9263,2025-10-07,Mumbai,25-34,iOS,Returning
9264,2025-12-05,Bangalore,35-44,iOS,Returning
9265,2025-09-29,Mumbai,25-34,Android,Returning
9266,2026-02-27,Jaipur,35-44,iOS,New
9267,2025-03-24,Pune,25-34,Android,Power
9268,2025-06-14,Delhi NCR,35-44,Android,Returning
9269,2025-09-18,Delhi NCR,18-24,iOS,Returning
9270,2026-02-23,Lucknow,35-44,Web,New
9271,2025-10-03,Delhi NCR,35-44,Web,Returning
9272,2025-08-08,Pune,35-44,iOS,Returning
9273,2025-11-03,Bangalore,18-24,Android,Returning
9274,2025-12-02,Kolkata,25-34,Android,Returning
9275,2025-09-28,Chennai,25-34,Android,Returning
9276,2025-09-15,Mumbai,45+,iOS,Returning
9277,2025-09-21,Delhi NCR,25-34,Android,Returning
9278,2025-06-04,Hyderabad,35-44,iOS,Power
9279,2026-01-04,Ahmedabad,25-34,Web,Returning
9280,2025-07-16,Mumbai,25-34,Android,Returning
9281,2025-03-29,Hyderabad,18-24,Android,Returning
9282,2025-10-03,Delhi NCR,18-24,Android,Power
9283,2026-01-14,Ahmedabad,18-24,Android,Returning
9284,2025-10-08,Pune,18-24,Android,Returning
9285,2025-07-06,Delhi NCR,18-24,iOS,Power
9286,2025-06-02,Mumbai,35-44,iOS,Returning
9287,2025-11-01,Mumbai,25-34,Web,Returning
9288,2025-03-26,Hyderabad,35-44,Android,Returning
9289,2025-07-24,Bangalore,25-34,iOS,Returning
9290,2026-02-21,Delhi NCR,35-44,iOS,New
9291,2025-03-22,Lucknow,25-34,Android,Returning
9292,2025-05-30,Bangalore,18-24,Android,Returning
9293,2025-03-13,Pune,25-34,iOS,Returning
9294,2025-12-25,Mumbai,25-34,Android,Returning
9295,2025-12-12,Mumbai,25-34,Web,Returning
9296,2025-12-05,Bangalore,35-44,Android,Returning
9297,2025-10-28,Chennai,35-44,Android,Power
9298,2025-08-11,Bangalore,25-34,Android,Returning
9299,2025-10-02,Ahmedabad,35-44,Android,Returning
9300,2026-01-14,Bangalore,25-34,Android,Returning
9301,2025-11-08,Delhi NCR,18-24,Android,Power
9302,2025-11-30,Ahmedabad,25-34,Android,Returning
9303,2025-10-11,Bangalore,35-44,Android,Returning
9304,2025-05-16,Delhi NCR,25-34,Android,Returning
9305,2025-07-26,Mumbai,45+,Android,Returning
9306,2025-12-14,Pune,18-24,iOS,Returning
9307,2025-04-01,Kolkata,35-44,iOS,Returning
9308,2025-09-30,Mumbai,35-44,Android,Returning
9309,2025-04-12,Delhi NCR,35-44,Android,Power
9310,2025-07-05,Pune,25-34,Web,Returning
9311,2025-11-06,Jaipur,25-34,iOS,Returning
9312,2025-04-16,Delhi NCR,25-34,iOS,Returning
9313,2025-11-27,Kolkata,25-34,Android,Returning
9314,2026-01-12,Bangalore,35-44,Android,Returning
9315,2025-08-22,Mumbai,18-24,iOS,Power
9316,2026-02-17,Mumbai,25-34,Android,New
9317,2025-09-26,Delhi NCR,18-24,Android,Returning
9318,2025-09-10,Delhi NCR,25-34,Android,Power
9319,2025-05-09,Jaipur,35-44,Android,Returning
9320,2025-09-05,Delhi NCR,18-24,Android,Returning
9321,2025-03-25,Bangalore,35-44,iOS,Returning
9322,2026-01-03,Mumbai,18-24,iOS,Returning
9323,2025-03-23,Pune,25-34,Android,Power
9324,2025-03-26,Ahmedabad,25-34,Android,Power
9325,2025-08-10,Delhi NCR,18-24,iOS,Power
9326,2025-08-28,Bangalore,18-24,Android,Power
9327,2025-10-31,Mumbai,35-44,iOS,Power
9328,2025-07-18,Bangalore,25-34,iOS,Returning
9329,2025-08-11,Mumbai,18-24,Android,Returning
9330,2025-04-05,Bangalore,35-44,Android,Returning
9331,2025-03-03,Pune,18-24,iOS,Power
9332,2025-03-10,Hyderabad,35-44,Android,Returning
9333,2025-07-28,Delhi NCR,25-34,Android,Power
9334,2026-01-17,Delhi NCR,18-24,Android,Returning
9335,2026-02-06,Hyderabad,18-24,Web,New
9336,2025-09-27,Hyderabad,25-34,Web,Returning
9337,2025-08-27,Mumbai,18-24,iOS,Returning
9338,2025-06-25,Kolkata,18-24,Android,Returning
9339,2025-07-07,Bangalore,35-44,Android,Returning
9340,2025-05-12,Mumbai,25-34,Android,Returning
9341,2025-10-18,Mumbai,25-34,Android,Returning
9342,2025-04-14,Jaipur,25-34,Android,Power
9343,2026-02-07,Delhi NCR,25-34,iOS,New
9344,2025-03-05,Ahmedabad,25-34,Android,Returning
9345,2025-12-03,Bangalore,25-34,Web,Returning
9346,2025-09-29,Bangalore,45+,Android,Returning
9347,2025-10-27,Chennai,25-34,iOS,Returning
9348,2025-12-12,Mumbai,25-34,iOS,Returning
9349,2025-03-20,Delhi NCR,18-24,Android,Returning
9350,2026-01-09,Delhi NCR,18-24,Android,Returning
9351,2025-07-28,Kolkata,18-24,Android,Power
9352,2025-09-06,Bangalore,25-34,Web,Returning
9353,2025-03-08,Delhi NCR,25-34,Android,Returning
9354,2025-06-21,Delhi NCR,18-24,Android,Returning
9355,2025-06-28,Hyderabad,35-44,iOS,Returning
9356,2025-07-17,Mumbai,25-34,iOS,Returning
9357,2025-11-15,Delhi NCR,45+,Android,Power
9358,2025-08-20,Delhi NCR,25-34,Android,Returning
9359,2025-04-19,Hyderabad,35-44,Android,Returning
9360,2025-05-03,Delhi NCR,35-44,Android,Power
9361,2026-01-24,Bangalore,35-44,Android,Returning
9362,2025-08-09,Chennai,25-34,Android,Returning
9363,2025-06-07,Jaipur,25-34,iOS,Returning
9364,2025-06-06,Pune,25-34,Android,Power
9365,2025-09-12,Bangalore,25-34,Android,Returning
9366,2026-01-21,Pune,18-24,Web,Returning
9367,2025-10-13,Jaipur,25-34,Android,Power
9368,2025-05-13,Bangalore,18-24,Android,Power
9369,2026-01-08,Bangalore,18-24,iOS,Returning
9370,2025-05-18,Mumbai,18-24,Web,Returning
9371,2025-05-16,Ahmedabad,25-34,Android,Power
9372,2025-10-11,Delhi NCR,18-24,iOS,Returning
9373,2025-10-06,Mumbai,25-34,iOS,Returning
9374,2025-04-21,Hyderabad,35-44,iOS,Power
9375,2025-08-29,Kolkata,25-34,iOS,Power
9376,2025-09-30,Bangalore,45+,iOS,Power
9377,2025-08-12,Pune,18-24,Web,Returning
9378,2025-10-24,Kolkata,35-44,Web,Returning
9379,2025-05-18,Bangalore,18-24,Android,Returning
9380,2025-04-24,Hyderabad,45+,Web,Returning
9381,2025-06-21,Hyderabad,18-24,Android,Power
9382,2025-06-08,Jaipur,35-44,iOS,Power
9383,2025-08-25,Chennai,18-24,iOS,Power
9384,2025-07-14,Ahmedabad,25-34,Android,Returning
9385,2025-06-03,Delhi NCR,18-24,Android,Returning
9386,2025-06-15,Delhi NCR,25-34,Web,Power
9387,2025-05-06,Mumbai,25-34,Android,Returning
9388,2025-08-15,Bangalore,45+,Android,Returning
9389,2025-04-12,Kolkata,25-34,iOS,Power
9390,2026-01-04,Delhi NCR,25-34,Android,Returning
9391,2025-04-16,Mumbai,18-24,iOS,Power
9392,2025-08-10,Mumbai,25-34,Android,Power
9393,2025-06-03,Bangalore,18-24,Web,Power
9394,2025-11-12,Mumbai,35-44,Web,Returning
9395,2025-11-05,Delhi NCR,18-24,iOS,Power
9396,2025-11-29,Kolkata,25-34,iOS,Returning
9397,2025-10-14,Bangalore,25-34,Android,Power
9398,2025-05-02,Hyderabad,25-34,Android,Returning
9399,2026-01-03,Bangalore,25-34,Android,Returning
9400,2026-01-10,Chennai,18-24,Web,Returning
9401,2025-12-20,Mumbai,18-24,iOS,Returning
9402,2025-12-09,Ahmedabad,45+,iOS,Returning
9403,2025-11-16,Hyderabad,25-34,Android,Returning
9404,2025-12-03,Delhi NCR,35-44,Android,Returning
9405,2026-02-27,Mumbai,25-34,Android,New
9406,2025-03-06,Mumbai,25-34,Android,Power
9407,2025-12-07,Pune,18-24,Web,Returning
9408,2026-01-17,Hyderabad,25-34,iOS,Returning
9409,2025-09-28,Bangalore,25-34,iOS,Returning
9410,2025-04-08,Delhi NCR,25-34,iOS,Power
9411,2025-11-27,Kolkata,45+,Android,Power
9412,2025-05-07,Kolkata,18-24,Android,Returning
9413,2025-10-19,Hyderabad,35-44,Android,Power
9414,2025-12-26,Bangalore,25-34,Android,Returning
9415,2025-05-15,Kolkata,18-24,Android,Power
9416,2025-06-17,Pune,18-24,Android,Returning
9417,2025-07-31,Bangalore,25-34,Web,Returning
9418,2025-10-04,Mumbai,25-34,iOS,Power
9419,2025-12-30,Pune,18-24,Android,Returning
9420,2025-10-03,Mumbai,25-34,Android,Returning
9421,2025-12-03,Mumbai,18-24,Android,Returning
9422,2025-04-11,Kolkata,25-34,iOS,Power
9423,2025-05-27,Hyderabad,18-24,Android,Power
9424,2025-12-09,Ahmedabad,35-44,Web,Returning
9425,2025-10-23,Bangalore,18-24,Android,Power
9426,2025-05-19,Ahmedabad,45+,iOS,Returning
9427,2025-03-13,Delhi NCR,18-24,iOS,Returning
9428,2025-05-25,Chennai,25-34,Android,Returning
9429,2025-06-04,Delhi NCR,18-24,Web,Power
9430,2025-05-13,Mumbai,18-24,Android,Returning
9431,2025-08-10,Delhi NCR,35-44,Android,Power
9432,2026-02-05,Pune,25-34,Android,New
9433,2025-03-15,Mumbai,18-24,iOS,Returning
9434,2025-04-24,Bangalore,18-24,Android,Returning
9435,2025-08-05,Delhi NCR,18-24,Android,Power
9436,2025-05-25,Mumbai,45+,Android,Returning
9437,2025-08-08,Hyderabad,35-44,iOS,Power
9438,2025-09-30,Jaipur,25-34,Android,Returning
9439,2026-02-03,Delhi NCR,25-34,Android,New
9440,2025-08-19,Hyderabad,35-44,Android,Returning
9441,2025-03-30,Jaipur,25-34,Android,Returning
9442,2025-07-06,Chennai,35-44,iOS,Returning
9443,2025-04-14,Chennai,25-34,Android,Power
9444,2025-12-16,Mumbai,18-24,iOS,Returning
9445,2025-09-19,Bangalore,35-44,iOS,Returning
9446,2025-05-06,Delhi NCR,25-34,Android,Returning
9447,2026-01-31,Bangalore,25-34,Android,New
9448,2025-09-17,Pune,18-24,Web,Returning
9449,2025-03-29,Bangalore,25-34,Android,Power
9450,2025-08-27,Mumbai,25-34,Android,Returning
9451,2026-01-06,Ahmedabad,25-34,iOS,Returning
9452,2025-05-10,Hyderabad,25-34,Android,Power
9453,2026-01-18,Ahmedabad,25-34,iOS,Returning
9454,2025-05-20,Hyderabad,25-34,iOS,Returning
9455,2025-10-14,Mumbai,45+,Android,Power
9456,2025-08-26,Hyderabad,35-44,Android,Power
9457,2025-08-09,Hyderabad,25-34,Web,Power
9458,2026-01-18,Delhi NCR,25-34,Android,Returning
9459,2025-03-16,Bangalore,25-34,Android,Returning
9460,2025-05-17,Bangalore,35-44,iOS,Returning
9461,2026-02-03,Hyderabad,25-34,Android,New
9462,2026-01-04,Delhi NCR,35-44,Web,Returning
9463,2025-06-21,Hyderabad,18-24,Android,Returning
9464,2025-10-30,Delhi NCR,18-24,Android,Returning
9465,2025-11-15,Bangalore,18-24,Android,Returning
9466,2025-10-22,Mumbai,25-34,Web,Power
9467,2025-03-29,Mumbai,25-34,Web,Returning
9468,2025-09-24,Delhi NCR,18-24,Android,Power
9469,2025-07-13,Delhi NCR,25-34,Android,Returning
9470,2025-04-27,Bangalore,18-24,Android,Returning
9471,2025-11-30,Jaipur,18-24,Android,Power
9472,2026-02-07,Bangalore,25-34,Android,New
9473,2025-05-15,Hyderabad,35-44,iOS,Returning
9474,2025-11-11,Jaipur,25-34,Web,Returning
9475,2026-01-11,Ahmedabad,35-44,iOS,Returning
9476,2025-10-23,Ahmedabad,25-34,Android,Returning
9477,2025-12-18,Mumbai,18-24,iOS,Returning
9478,2025-03-26,Hyderabad,18-24,Web,Returning
9479,2026-01-07,Pune,45+,Android,Returning
9480,2025-03-10,Kolkata,25-34,Web,Returning
9481,2025-09-14,Hyderabad,25-34,Android,Returning
9482,2026-01-15,Mumbai,45+,Android,Returning
9483,2025-11-16,Lucknow,18-24,Android,Returning
9484,2025-10-02,Bangalore,25-34,Android,Power
9485,2025-10-06,Bangalore,25-34,Android,Returning
9486,2025-08-09,Bangalore,35-44,Web,Power
9487,2025-03-04,Bangalore,25-34,iOS,Power
9488,2025-05-06,Delhi NCR,35-44,iOS,Returning
9489,2025-09-15,Delhi NCR,25-34,Android,Returning
9490,2025-08-12,Lucknow,35-44,Android,Power
9491,2025-10-18,Delhi NCR,25-34,Android,Power
9492,2025-08-02,Bangalore,18-24,Android,Power
9493,2026-01-12,Kolkata,25-34,iOS,Returning
9494,2025-10-26,Bangalore,35-44,iOS,Power
9495,2025-07-05,Delhi NCR,25-34,Android,Returning
9496,2026-02-22,Bangalore,18-24,iOS,New
9497,2025-06-02,Mumbai,18-24,Android,Returning
9498,2026-01-23,Mumbai,18-24,Android,Returning
9499,2025-08-02,Chennai,45+,Web,Power
9500,2025-09-17,Ahmedabad,18-24,Web,Power
9501,2025-10-27,Chennai,25-34,Android,Returning
9502,2025-03-29,Mumbai,25-34,Android,Power
9503,2025-08-21,Bangalore,35-44,Android,Power
9504,2025-07-26,Mumbai,35-44,Android,Power
9505,2025-07-30,Bangalore,45+,iOS,Power
9506,2025-12-29,Delhi NCR,25-34,Android,Returning
9507,2025-04-07,Kolkata,35-44,iOS,Power
9508,2025-09-21,Mumbai,18-24,Android,Power
9509,2025-12-25,Mumbai,25-34,Web,Returning
9510,2025-05-19,Bangalore,35-44,iOS,Returning
9511,2025-07-05,Mumbai,25-34,iOS,Returning
9512,2026-02-09,Pune,35-44,iOS,New
9513,2025-08-25,Ahmedabad,25-34,Web,Returning
9514,2025-12-09,Mumbai,25-34,Web,Returning
9515,2025-03-03,Bangalore,25-34,iOS,Returning
9516,2025-08-11,Lucknow,25-34,iOS,Returning
9517,2025-10-20,Pune,18-24,iOS,Power
9518,2026-01-23,Jaipur,18-24,Android,Returning
9519,2025-10-20,Mumbai,35-44,Android,Returning
9520,2025-12-14,Delhi NCR,45+,Android,Returning
9521,2025-12-02,Mumbai,18-24,iOS,Returning
9522,2025-06-21,Delhi NCR,25-34,Android,Returning
9523,2025-03-22,Chennai,25-34,Android,Returning
9524,2025-08-19,Mumbai,25-34,Android,Power
9525,2025-09-06,Bangalore,25-34,Android,Returning
9526,2026-01-27,Delhi NCR,25-34,Web,Returning
9527,2026-01-02,Kolkata,25-34,Android,Returning
9528,2025-08-12,Mumbai,35-44,iOS,Returning
9529,2026-02-01,Delhi NCR,25-34,iOS,New
9530,2026-01-25,Hyderabad,25-34,Android,Returning
9531,2025-10-27,Mumbai,25-34,iOS,Returning
9532,2025-04-14,Bangalore,25-34,Android,Power
9533,2026-01-18,Bangalore,25-34,Android,Returning
9534,2025-12-06,Kolkata,25-34,Android,Returning
9535,2025-08-25,Hyderabad,25-34,Web,Power
9536,2025-11-10,Hyderabad,25-34,Web,Returning
9537,2025-06-03,Jaipur,25-34,Web,Returning
9538,2025-04-10,Lucknow,25-34,Web,Power
9539,2025-11-16,Chennai,35-44,Android,Returning
9540,2025-04-15,Bangalore,25-34,Android,Power
9541,2026-01-19,Hyderabad,25-34,Web,Returning
9542,2025-07-29,Bangalore,35-44,iOS,Power
9543,2025-12-20,Lucknow,18-24,Android,Returning
9544,2026-01-04,Chennai,18-24,iOS,Returning
9545,2025-07-08,Delhi NCR,25-34,Android,Returning
9546,2025-05-24,Mumbai,18-24,iOS,Power
9547,2025-11-16,Mumbai,25-34,Android,Power
9548,2025-09-20,Delhi NCR,18-24,iOS,Returning
9549,2025-08-22,Delhi NCR,35-44,iOS,Power
9550,2026-02-20,Bangalore,25-34,Web,New
9551,2025-12-31,Delhi NCR,25-34,Android,Returning
9552,2025-04-30,Hyderabad,25-34,iOS,Power
9553,2025-07-19,Delhi NCR,25-34,iOS,Power
9554,2025-04-28,Delhi NCR,18-24,iOS,Power
9555,2025-08-25,Bangalore,35-44,Android,Returning
9556,2025-12-21,Ahmedabad,18-24,Web,Returning
9557,2025-05-12,Bangalore,18-24,Android,Returning
9558,2025-05-18,Bangalore,18-24,Android,Power
9559,2025-09-13,Hyderabad,18-24,iOS,Power
9560,2025-12-29,Delhi NCR,35-44,Android,Returning
9561,2025-03-17,Delhi NCR,25-34,Android,Power
9562,2026-02-15,Delhi NCR,25-34,Android,New
9563,2025-09-18,Hyderabad,45+,Android,Returning
9564,2025-06-29,Chennai,18-24,Android,Returning
9565,2025-03-31,Chennai,25-34,Android,Returning
9566,2026-02-21,Delhi NCR,35-44,iOS,New
9567,2025-09-28,Pune,35-44,Android,Power
9568,2026-01-24,Delhi NCR,18-24,Android,Returning
9569,2026-01-12,Mumbai,25-34,Web,Returning
9570,2025-12-06,Delhi NCR,18-24,Android,Returning
9571,2026-02-01,Hyderabad,25-34,iOS,New
9572,2025-08-17,Mumbai,25-34,Android,Power
9573,2025-08-05,Hyderabad,35-44,iOS,Power
9574,2025-08-09,Kolkata,18-24,iOS,Returning
9575,2025-04-28,Delhi NCR,18-24,Android,Returning
9576,2025-11-17,Bangalore,18-24,iOS,Returning
9577,2025-07-14,Delhi NCR,18-24,iOS,Returning
9578,2025-11-20,Delhi NCR,18-24,Android,Returning
9579,2026-01-31,Mumbai,45+,iOS,New
9580,2025-10-25,Jaipur,25-34,Android,Returning
9581,2025-03-28,Bangalore,18-24,iOS,Power
9582,2026-02-19,Pune,25-34,iOS,New
9583,2025-11-15,Mumbai,35-44,Android,Power
9584,2025-09-15,Kolkata,35-44,iOS,Power
9585,2025-06-17,Kolkata,35-44,Web,Returning
9586,2025-05-10,Chennai,18-24,Android,Returning
9587,2025-05-28,Ahmedabad,35-44,iOS,Returning
9588,2025-12-26,Mumbai,25-34,Android,Returning
9589,2025-06-03,Bangalore,25-34,iOS,Power
9590,2025-08-25,Hyderabad,45+,Android,Returning
9591,2025-04-18,Hyderabad,35-44,Android,Returning
9592,2025-10-14,Kolkata,35-44,Android,Power
9593,2025-03-23,Delhi NCR,18-24,Web,Returning
9594,2025-11-16,Mumbai,25-34,Android,Returning
9595,2026-01-26,Delhi NCR,45+,iOS,Returning
9596,2025-11-11,Ahmedabad,25-34,iOS,Returning
9597,2026-01-27,Jaipur,18-24,Android,Returning
9598,2025-03-12,Hyderabad,35-44,Android,Power
9599,2025-07-13,Bangalore,18-24,iOS,Power
9600,2025-04-18,Hyderabad,35-44,Android,Power
9601,2025-06-08,Hyderabad,35-44,Android,Returning
9602,2025-08-31,Mumbai,25-34,iOS,Returning
9603,2025-03-26,Chennai,25-34,Android,Returning
9604,2025-12-26,Bangalore,25-34,Android,Returning
9605,2025-04-02,Bangalore,35-44,Android,Returning
9606,2026-02-28,Mumbai,25-34,Android,New
9607,2025-10-19,Pune,25-34,Android,Returning
9608,2025-12-11,Kolkata,25-34,Android,Returning
9609,2025-06-03,Hyderabad,25-34,Android,Returning
9610,2025-07-03,Pune,25-34,iOS,Returning
9611,2026-02-01,Bangalore,35-44,iOS,New
9612,2025-07-21,Hyderabad,45+,iOS,Returning
9613,2026-02-06,Bangalore,18-24,iOS,New
9614,2025-11-12,Pune,18-24,Android,Returning
9615,2025-11-14,Bangalore,25-34,iOS,Returning
9616,2025-10-07,Chennai,25-34,Web,Returning
9617,2025-03-12,Hyderabad,25-34,Web,Power
9618,2025-10-13,Chennai,45+,iOS,Returning
9619,2025-05-21,Pune,18-24,Android,Returning
9620,2025-05-07,Bangalore,18-24,iOS,Returning
9621,2025-11-22,Kolkata,18-24,Android,Returning
9622,2025-04-18,Bangalore,35-44,Web,Returning
9623,2025-10-29,Jaipur,18-24,Android,Power
9624,2025-04-15,Pune,25-34,Android,Returning
9625,2025-05-18,Mumbai,25-34,Android,Returning
9626,2025-12-10,Kolkata,25-34,Android,Returning
9627,2026-02-19,Hyderabad,18-24,Android,New
9628,2026-02-21,Lucknow,25-34,Android,New
9629,2025-08-08,Chennai,25-34,Android,Power
9630,2025-04-20,Mumbai,45+,Android,Power
9631,2025-08-16,Bangalore,35-44,Web,Returning
9632,2025-08-15,Bangalore,25-34,Android,Returning
9633,2026-01-30,Kolkata,45+,Android,Returning
9634,2026-02-09,Chennai,18-24,Android,New
9635,2026-01-12,Delhi NCR,35-44,Android,Returning
9636,2025-10-22,Chennai,25-34,Web,Returning
9637,2025-05-12,Hyderabad,25-34,Android,Returning
9638,2025-10-20,Mumbai,18-24,Android,Returning
9639,2025-03-10,Delhi NCR,25-34,Android,Power
9640,2026-01-06,Delhi NCR,18-24,Android,Returning
9641,2025-05-24,Delhi NCR,25-34,iOS,Returning
9642,2025-06-09,Mumbai,18-24,Android,Returning
9643,2025-07-29,Mumbai,35-44,iOS,Power
9644,2025-05-15,Kolkata,25-34,iOS,Returning
9645,2026-01-17,Delhi NCR,35-44,iOS,Returning
9646,2025-12-17,Delhi NCR,35-44,Android,Returning
9647,2025-03-16,Delhi NCR,18-24,iOS,Power
9648,2025-05-27,Bangalore,18-24,Android,Returning
9649,2025-04-09,Bangalore,25-34,Android,Returning
9650,2025-07-02,Delhi NCR,45+,Android,Returning
9651,2025-10-22,Hyderabad,25-34,Android,Returning
9652,2025-03-16,Chennai,35-44,iOS,Power
9653,2025-08-19,Delhi NCR,35-44,iOS,Power
9654,2026-01-28,Hyderabad,45+,Android,Returning
9655,2025-11-15,Bangalore,25-34,Android,Returning
9656,2025-08-09,Delhi NCR,25-34,Web,Power
9657,2026-02-28,Pune,35-44,Android,New
9658,2025-06-29,Pune,35-44,Android,Returning
9659,2025-12-19,Hyderabad,25-34,Android,Returning
9660,2025-04-29,Delhi NCR,25-34,iOS,Returning
9661,2026-02-14,Ahmedabad,25-34,Android,New
9662,2026-01-07,Bangalore,25-34,Android,Returning
9663,2026-02-21,Delhi NCR,35-44,iOS,New
9664,2025-04-05,Bangalore,25-34,Android,Returning
9665,2026-01-14,Chennai,18-24,iOS,Returning
9666,2025-04-10,Kolkata,18-24,Web,Returning
9667,2025-11-07,Delhi NCR,35-44,Android,Returning
9668,2025-10-05,Delhi NCR,25-34,Web,Returning
9669,2025-09-16,Hyderabad,25-34,iOS,Power
9670,2025-10-13,Ahmedabad,18-24,Android,Returning
9671,2025-11-04,Delhi NCR,25-34,Web,Returning
9672,2025-05-06,Pune,18-24,iOS,Returning
9673,2025-05-29,Bangalore,25-34,Web,Returning
9674,2025-05-28,Pune,25-34,iOS,Returning
9675,2025-03-28,Bangalore,25-34,Android,Returning
9676,2025-04-22,Delhi NCR,45+,iOS,Returning
9677,2025-09-04,Chennai,18-24,Android,Power
9678,2025-04-05,Ahmedabad,18-24,Android,Returning
9679,2025-03-12,Delhi NCR,18-24,iOS,Returning
9680,2025-09-28,Bangalore,18-24,Web,Returning
9681,2025-08-12,Delhi NCR,18-24,iOS,Returning
9682,2025-11-06,Delhi NCR,35-44,iOS,Returning
9683,2025-09-23,Pune,25-34,Android,Returning
9684,2026-01-18,Delhi NCR,45+,iOS,Returning
9685,2025-06-27,Pune,18-24,iOS,Power
9686,2025-12-23,Bangalore,25-34,Android,Returning
9687,2025-04-09,Lucknow,45+,Android,Power
9688,2025-04-01,Delhi NCR,18-24,iOS,Returning
9689,2025-08-17,Mumbai,25-34,Android,Returning
9690,2025-12-01,Mumbai,35-44,Android,Power
9691,2025-11-10,Kolkata,25-34,Web,Returning
9692,2025-03-07,Bangalore,25-34,Web,Power
9693,2025-10-07,Mumbai,25-34,iOS,Returning
9694,2025-05-30,Kolkata,35-44,iOS,Power
9695,2025-09-03,Kolkata,25-34,Android,Returning
9696,2025-07-03,Pune,18-24,Android,Returning
9697,2025-04-09,Delhi NCR,45+,Web,Returning
9698,2025-04-16,Delhi NCR,25-34,iOS,Returning
9699,2025-04-04,Pune,25-34,iOS,Power
9700,2025-09-29,Bangalore,35-44,Android,Returning
9701,2025-11-17,Mumbai,25-34,Web,Returning
9702,2025-12-16,Delhi NCR,18-24,Android,Returning
9703,2025-10-24,Lucknow,25-34,Android,Power
9704,2025-08-14,Mumbai,35-44,Android,Returning
9705,2025-09-28,Chennai,25-34,iOS,Returning
9706,2026-01-04,Bangalore,45+,iOS,Returning
9707,2025-05-27,Pune,18-24,Android,Returning
9708,2025-03-21,Chennai,18-24,Android,Returning
9709,2026-02-10,Bangalore,25-34,Web,New
9710,2025-09-23,Delhi NCR,25-34,Web,Returning
9711,2026-02-03,Pune,18-24,Android,New
9712,2025-09-13,Delhi NCR,35-44,iOS,Returning
9713,2026-02-06,Pune,18-24,Web,New
9714,2026-01-13,Chennai,18-24,Android,Returning
9715,2026-02-16,Hyderabad,45+,Android,New
9716,2025-07-27,Delhi NCR,25-34,Web,Power
9717,2025-04-13,Delhi NCR,45+,Android,Returning
9718,2025-08-19,Chennai,18-24,Android,Returning
9719,2025-10-08,Mumbai,18-24,iOS,Returning
9720,2025-12-18,Lucknow,35-44,iOS,Returning
9721,2025-09-26,Lucknow,35-44,iOS,Returning
9722,2025-12-14,Mumbai,25-34,iOS,Returning
9723,2025-09-13,Mumbai,18-24,iOS,Returning
9724,2025-05-18,Bangalore,25-34,Android,Returning
9725,2025-12-06,Jaipur,18-24,Android,Returning
9726,2025-08-31,Bangalore,35-44,Android,Returning
9727,2025-04-20,Delhi NCR,18-24,iOS,Returning
9728,2025-05-08,Chennai,35-44,Web,Power
9729,2025-11-09,Mumbai,25-34,Android,Returning
9730,2025-07-14,Delhi NCR,25-34,Android,Returning
9731,2025-11-25,Delhi NCR,35-44,Web,Returning
9732,2025-09-14,Hyderabad,18-24,Android,Returning
9733,2025-09-26,Mumbai,35-44,Android,Power
9734,2025-11-16,Hyderabad,18-24,Web,Power
9735,2025-08-20,Kolkata,25-34,iOS,Returning
9736,2025-04-05,Bangalore,25-34,Android,Returning
9737,2025-10-20,Chennai,35-44,Web,Power
9738,2025-03-11,Mumbai,18-24,Web,Returning
9739,2025-10-14,Bangalore,25-34,Android,Power
9740,2025-04-04,Mumbai,25-34,Web,Power
9741,2025-06-04,Hyderabad,25-34,iOS,Power
9742,2026-01-22,Delhi NCR,18-24,Android,Returning
9743,2026-01-15,Delhi NCR,25-34,Web,Returning
9744,2025-09-19,Mumbai,18-24,Android,Power
9745,2025-04-04,Delhi NCR,25-34,Android,Power
9746,2025-06-21,Bangalore,35-44,Android,Returning
9747,2025-09-13,Hyderabad,35-44,iOS,Returning
9748,2025-05-20,Mumbai,25-34,Android,Returning
9749,2025-05-31,Chennai,25-34,Web,Returning
9750,2026-02-09,Bangalore,18-24,iOS,New
9751,2025-07-05,Hyderabad,25-34,Android,Power
9752,2025-06-04,Kolkata,45+,iOS,Returning
9753,2025-04-25,Delhi NCR,25-34,Android,Returning
9754,2026-01-29,Mumbai,25-34,Android,Returning
9755,2025-04-21,Hyderabad,35-44,Android,Returning
9756,2025-11-17,Jaipur,25-34,iOS,Returning
9757,2025-09-12,Bangalore,25-34,Android,Returning
9758,2025-08-27,Kolkata,18-24,iOS,Returning
9759,2025-10-24,Pune,25-34,Android,Returning
9760,2025-08-03,Bangalore,18-24,Android,Power
9761,2025-05-24,Hyderabad,25-34,Android,Returning
9762,2025-06-21,Bangalore,25-34,iOS,Returning
9763,2026-02-10,Hyderabad,35-44,Android,New
9764,2025-08-13,Bangalore,18-24,Android,Power
9765,2025-07-24,Chennai,25-34,Android,Power
9766,2025-10-16,Bangalore,25-34,iOS,Returning
9767,2025-07-21,Mumbai,18-24,Android,Power
9768,2026-02-26,Pune,25-34,Android,New
9769,2025-07-08,Chennai,18-24,Android,Power
9770,2025-03-24,Jaipur,18-24,iOS,Power
9771,2025-07-16,Bangalore,18-24,Web,Returning
9772,2025-10-10,Mumbai,25-34,iOS,Power
9773,2026-02-20,Mumbai,45+,Android,New
9774,2025-08-23,Pune,18-24,Android,Returning
9775,2025-03-16,Mumbai,35-44,Android,Returning
9776,2025-09-17,Ahmedabad,25-34,Android,Returning
9777,2025-10-13,Delhi NCR,25-34,Android,Power
9778,2025-05-29,Ahmedabad,25-34,Android,Power
9779,2025-05-14,Pune,45+,Android,Returning
9780,2026-01-07,Kolkata,35-44,Android,Returning
9781,2025-09-07,Delhi NCR,45+,Android,Returning
9782,2025-11-11,Hyderabad,35-44,Android,Power
9783,2025-08-10,Mumbai,18-24,Android,Returning
9784,2025-10-16,Delhi NCR,45+,Android,Returning
9785,2026-02-25,Delhi NCR,45+,Android,New
9786,2025-09-27,Pune,18-24,Android,Returning
9787,2025-09-10,Mumbai,45+,Android,Returning
9788,2025-03-08,Ahmedabad,25-34,Android,Returning
9789,2026-01-13,Mumbai,45+,Android,Returning
9790,2025-11-27,Delhi NCR,45+,Android,Returning
9791,2026-01-12,Mumbai,35-44,iOS,Returning
9792,2025-07-04,Pune,35-44,Web,Power
9793,2025-03-19,Mumbai,18-24,Web,Power
9794,2025-07-31,Ahmedabad,18-24,Android,Power
9795,2025-03-26,Hyderabad,18-24,Android,Returning
9796,2025-04-11,Jaipur,18-24,Android,Returning
9797,2025-10-13,Delhi NCR,25-34,Web,Power
9798,2025-08-08,Bangalore,25-34,iOS,Power
9799,2025-12-18,Chennai,25-34,iOS,Returning
9800,2026-02-25,Kolkata,35-44,Android,New
9801,2025-12-15,Bangalore,35-44,Android,Returning
9802,2025-04-06,Ahmedabad,25-34,Android,Power
9803,2025-12-14,Mumbai,25-34,Web,Returning
9804,2025-05-01,Chennai,18-24,Android,Power
9805,2025-06-18,Delhi NCR,18-24,iOS,Power
9806,2025-11-19,Mumbai,25-34,Android,Power
9807,2025-11-15,Bangalore,35-44,iOS,Power
9808,2025-04-02,Ahmedabad,25-34,Android,Returning
9809,2026-01-21,Lucknow,35-44,iOS,Returning
9810,2025-04-21,Bangalore,25-34,Android,Returning
9811,2025-05-30,Ahmedabad,18-24,iOS,Power
9812,2025-12-03,Bangalore,35-44,Android,Returning
9813,2025-08-02,Chennai,18-24,Web,Power
9814,2025-12-14,Mumbai,25-34,iOS,Returning
9815,2025-12-14,Hyderabad,35-44,Android,Returning
9816,2026-02-01,Mumbai,18-24,iOS,New
9817,2025-06-29,Delhi NCR,25-34,Android,Returning
9818,2025-12-25,Hyderabad,25-34,Android,Returning
9819,2025-06-08,Pune,35-44,Android,Power
9820,2025-08-08,Hyderabad,18-24,iOS,Power
9821,2026-01-02,Jaipur,35-44,iOS,Returning
9822,2025-08-12,Kolkata,18-24,iOS,Power
9823,2025-07-19,Mumbai,25-34,iOS,Returning
9824,2025-10-10,Bangalore,25-34,Web,Power
9825,2025-12-07,Chennai,18-24,Android,Returning
9826,2025-10-09,Jaipur,25-34,Android,Returning
9827,2025-03-14,Lucknow,18-24,Web,Power
9828,2026-01-27,Pune,25-34,Android,Returning
9829,2025-09-30,Hyderabad,18-24,Android,Power
9830,2025-09-24,Pune,35-44,iOS,Returning
9831,2025-10-11,Delhi NCR,18-24,Web,Power
9832,2025-06-23,Delhi NCR,35-44,iOS,Returning
9833,2025-05-02,Chennai,35-44,Android,Returning
9834,2025-11-09,Kolkata,25-34,Android,Power
9835,2025-10-08,Jaipur,25-34,Android,Returning
9836,2025-08-04,Delhi NCR,25-34,Android,Returning
9837,2025-07-20,Pune,45+,Android,Power
9838,2026-01-17,Kolkata,25-34,Android,Returning
9839,2025-06-10,Hyderabad,45+,Android,Returning
9840,2025-06-30,Delhi NCR,25-34,iOS,Power
9841,2026-02-26,Hyderabad,35-44,Web,New
9842,2025-10-27,Hyderabad,25-34,Android,Returning
9843,2025-06-06,Hyderabad,35-44,Android,Returning
9844,2025-12-07,Hyderabad,18-24,Android,Returning
9845,2026-02-13,Kolkata,25-34,Android,New
9846,2025-04-01,Mumbai,25-34,Android,Returning
9847,2026-01-01,Delhi NCR,25-34,Web,Returning
9848,2025-09-05,Hyderabad,25-34,Android,Returning
9849,2025-12-28,Delhi NCR,25-34,Android,Returning
9850,2026-01-11,Lucknow,18-24,Android,Returning
9851,2025-04-28,Delhi NCR,25-34,Android,Returning
9852,2025-06-28,Bangalore,25-34,Android,Power
9853,2025-05-16,Kolkata,25-34,iOS,Power
9854,2025-05-19,Mumbai,35-44,Web,Returning
9855,2025-04-03,Kolkata,18-24,iOS,Power
9856,2026-02-14,Hyderabad,18-24,Android,New
9857,2025-03-28,Mumbai,25-34,iOS,Returning
9858,2025-06-19,Ahmedabad,35-44,Android,Power
9859,2025-11-29,Mumbai,25-34,iOS,Power
9860,2025-05-26,Bangalore,35-44,Android,Returning
9861,2025-08-07,Mumbai,25-34,iOS,Returning
9862,2025-11-27,Mumbai,35-44,Android,Returning
9863,2025-07-19,Ahmedabad,25-34,iOS,Returning
9864,2025-05-04,Pune,35-44,iOS,Returning
9865,2025-04-17,Delhi NCR,25-34,Android,Returning
9866,2025-08-14,Hyderabad,25-34,Android,Returning
9867,2025-06-03,Pune,18-24,Android,Returning
9868,2025-07-10,Ahmedabad,45+,Android,Returning
9869,2026-01-14,Bangalore,35-44,Android,Returning
9870,2025-12-27,Ahmedabad,35-44,Android,Returning
9871,2025-07-14,Bangalore,18-24,Android,Returning
9872,2025-06-25,Chennai,18-24,Android,Power
9873,2025-06-28,Lucknow,25-34,Android,Returning
9874,2025-12-16,Delhi NCR,25-34,Android,Returning
9875,2025-09-25,Mumbai,35-44,Android,Returning
9876,2025-07-21,Delhi NCR,25-34,Android,Power
9877,2025-08-23,Mumbai,18-24,Web,Returning
9878,2026-01-08,Delhi NCR,25-34,Web,Returning
9879,2025-12-03,Pune,35-44,iOS,Returning
9880,2025-04-22,Bangalore,25-34,Android,Returning
9881,2025-03-27,Delhi NCR,45+,iOS,Power
9882,2025-12-25,Delhi NCR,18-24,iOS,Returning
9883,2025-10-02,Delhi NCR,35-44,Android,Returning
9884,2026-02-09,Bangalore,25-34,Web,New
9885,2026-01-27,Hyderabad,18-24,Web,Returning
9886,2025-04-07,Mumbai,35-44,iOS,Returning
9887,2025-05-24,Lucknow,25-34,Android,Returning
9888,2026-01-14,Bangalore,25-34,iOS,Returning
9889,2025-12-18,Jaipur,25-34,Android,Returning
9890,2025-03-12,Mumbai,18-24,Android,Power
9891,2025-04-22,Pune,35-44,iOS,Returning
9892,2025-03-23,Hyderabad,25-34,Android,Returning
9893,2025-10-19,Kolkata,35-44,Android,Returning
9894,2026-01-05,Hyderabad,25-34,Android,Returning
9895,2025-12-30,Jaipur,18-24,iOS,Returning
9896,2025-03-21,Hyderabad,25-34,Web,Returning
9897,2026-02-21,Pune,45+,Android,New
9898,2025-06-02,Kolkata,45+,Android,Returning
9899,2025-06-28,Chennai,25-34,Android,Returning
9900,2025-09-06,Bangalore,18-24,iOS,Returning
9901,2025-11-05,Delhi NCR,35-44,iOS,Returning
9902,2025-04-18,Kolkata,35-44,Android,Returning
9903,2025-06-03,Bangalore,35-44,Android,Returning
9904,2025-08-20,Hyderabad,18-24,Android,Returning
9905,2025-10-02,Mumbai,18-24,Web,Returning
9906,2025-10-21,Bangalore,25-34,Android,Returning
9907,2025-11-19,Chennai,18-24,iOS,Power
9908,2025-04-25,Hyderabad,35-44,Android,Returning
9909,2025-06-04,Bangalore,25-34,iOS,Returning
9910,2025-05-13,Delhi NCR,35-44,Android,Returning
9911,2025-08-03,Delhi NCR,18-24,Android,Returning
9912,2025-03-05,Chennai,25-34,Android,Returning
9913,2025-03-28,Delhi NCR,25-34,Android,Returning
9914,2025-12-24,Hyderabad,25-34,Android,Returning
9915,2026-02-19,Hyderabad,25-34,iOS,New
9916,2026-01-11,Lucknow,25-34,Android,Returning
9917,2025-11-10,Mumbai,35-44,iOS,Power
9918,2025-04-14,Mumbai,18-24,Android,Returning
9919,2025-07-25,Bangalore,35-44,iOS,Returning
9920,2026-01-03,Bangalore,45+,Android,Returning
9921,2025-05-22,Mumbai,35-44,Web,Power
9922,2025-11-08,Kolkata,35-44,Android,Returning
9923,2025-10-19,Bangalore,18-24,Android,Power
9924,2025-12-20,Delhi NCR,25-34,iOS,Returning
9925,2025-12-08,Delhi NCR,35-44,Android,Returning
9926,2026-01-03,Kolkata,25-34,Android,Returning
9927,2025-03-17,Delhi NCR,25-34,iOS,Returning
9928,2025-06-03,Mumbai,45+,iOS,Returning
9929,2025-11-10,Delhi NCR,25-34,Web,Returning
9930,2025-03-09,Hyderabad,45+,iOS,Returning
9931,2025-12-15,Kolkata,25-34,Android,Returning
9932,2025-09-24,Delhi NCR,35-44,Web,Returning
9933,2026-02-09,Mumbai,35-44,iOS,New
9934,2025-10-21,Delhi NCR,25-34,Android,Returning
9935,2025-04-06,Hyderabad,18-24,Android,Power
9936,2025-10-30,Delhi NCR,18-24,iOS,Returning
9937,2026-01-19,Kolkata,25-34,Android,Returning
9938,2025-09-15,Mumbai,45+,Android,Returning
9939,2025-10-22,Mumbai,25-34,Web,Returning
9940,2026-02-06,Mumbai,18-24,Android,New
9941,2025-05-26,Kolkata,25-34,Android,Power
9942,2025-06-23,Chennai,25-34,iOS,Returning
9943,2026-02-20,Jaipur,25-34,Android,New
9944,2026-02-16,Delhi NCR,45+,iOS,New
9945,2025-04-28,Delhi NCR,25-34,Android,Returning
9946,2025-04-15,Hyderabad,25-34,Android,Returning
9947,2026-01-08,Hyderabad,25-34,Android,Returning
9948,2025-08-04,Hyderabad,35-44,iOS,Power
9949,2026-01-22,Delhi NCR,25-34,iOS,Returning
9950,2025-11-21,Mumbai,25-34,Web,Power
9951,2025-08-20,Mumbai,25-34,Android,Power
9952,2025-08-22,Chennai,35-44,Web,Returning
9953,2026-01-09,Bangalore,18-24,iOS,Returning
9954,2025-10-11,Kolkata,18-24,Web,Returning
9955,2025-09-14,Delhi NCR,18-24,Android,Returning
9956,2025-04-24,Kolkata,45+,Android,Returning
9957,2025-11-12,Bangalore,18-24,Android,Returning
9958,2025-08-06,Mumbai,35-44,Android,Returning
9959,2025-05-05,Lucknow,25-34,iOS,Returning
9960,2025-11-11,Bangalore,25-34,iOS,Returning
9961,2025-08-17,Hyderabad,35-44,iOS,Returning
9962,2025-09-30,Chennai,25-34,Android,Returning
9963,2025-07-01,Delhi NCR,25-34,Android,Returning
9964,2025-10-24,Pune,18-24,Android,Returning
9965,2025-11-16,Kolkata,25-34,Web,Returning
9966,2026-02-19,Bangalore,45+,Android,New
9967,2025-03-10,Chennai,45+,Android,Power
9968,2025-10-04,Pune,35-44,Android,Returning
9969,2025-03-02,Delhi NCR,45+,Android,Power
9970,2025-10-12,Delhi NCR,45+,Android,Returning
9971,2025-08-23,Mumbai,35-44,Android,Returning
9972,2025-11-27,Hyderabad,25-34,iOS,Returning
9973,2025-07-15,Pune,25-34,Web,Returning
9974,2025-12-28,Hyderabad,45+,Web,Returning
9975,2025-03-26,Mumbai,25-34,Web,Power
9976,2026-02-04,Hyderabad,35-44,Android,New
9977,2025-06-06,Kolkata,18-24,Android,Returning
9978,2025-05-24,Delhi NCR,18-24,Android,Returning
9979,2026-02-18,Kolkata,25-34,iOS,New
9980,2025-04-15,Pune,18-24,iOS,Power
9981,2025-08-12,Mumbai,45+,iOS,Power
9982,2025-10-26,Delhi NCR,18-24,Android,Power
9983,2025-04-29,Hyderabad,25-34,Android,Returning
9984,2025-08-23,Chennai,18-24,Android,Power
9985,2025-12-02,Ahmedabad,18-24,Android,Returning
9986,2025-03-11,Hyderabad,18-24,iOS,Power
9987,2025-11-05,Bangalore,45+,Web,Returning
9988,2025-03-14,Delhi NCR,35-44,Android,Returning
9989,2025-09-05,Pune,25-34,iOS,Returning
9990,2026-02-15,Delhi NCR,45+,Android,New
9991,2025-06-17,Chennai,45+,Android,Returning
9992,2025-08-04,Delhi NCR,25-34,Android,Returning
9993,2025-05-24,Mumbai,25-34,Android,Power
9994,2025-04-07,Delhi NCR,25-34,iOS,Returning
9995,2025-04-10,Delhi NCR,18-24,Android,Power
9996,2025-11-16,Hyderabad,18-24,iOS,Power
9997,2025-10-05,Mumbai,25-34,Web,Power
9998,2025-05-26,Jaipur,18-24,Android,Power
9999,2026-02-20,Hyderabad,35-44,Android,New
10000,2025-11-03,Bangalore,35-44,iOS,Power
